Strategy Mode,Period,Leverage,leverage,sl_mode,final_equity,total_ret_pct,cagr_pct,max_dd_pct,sharpe,calmar,win_rate,trade_count,stop_count,liquidated,liquidation_date,total_fees,total_slippage_cost,total_funding
让利润奔跑 (SL 5% + 移动追踪),2020-2024 (训练牛熊期),1.0x,1.0,FIXED_5PCT,94504563602.2,945045536.02,3784.95,-51.9,3.38,72.93,50.18,833,392,False,,18264005986.5,5748304272.22,0.0
让利润奔跑 (SL 5% + 移动追踪),2020-2024 (训练牛熊期),3.0x,3.0,FIXED_5PCT,5.209737983237637e+19,5.209737983237636e+17,381088.45,-93.57,2.97,4072.67,50.18,833,392,False,,2.82522320781508e+19,9.235046513635305e+18,1.1185455249371326e+19
让利润奔跑 (SL 5% + 移动追踪),2020-2024 (训练牛熊期),5.0x,5.0,FIXED_5PCT,0.0,-100.0,-100.0,-100.0,2.85,-1.0,45.76,118,64,True,2021-01-22 00:00:00,364504.22,282917.88,187733.52
让利润奔跑 (SL 5% + 移动追踪),2025 (分化震荡期),1.0x,1.0,FIXED_5PCT,49875.03,398.75,401.14,-43.35,2.4,9.25,43.51,154,49,False,,4964.55,1498.32,0.0
让利润奔跑 (SL 5% + 移动追踪),2025 (分化震荡期),3.0x,3.0,FIXED_5PCT,289787.9,2797.88,2827.05,-84.1,2.4,33.61,43.51,154,49,False,,43493.33,15395.87,12310.73
让利润奔跑 (SL 5% + 移动追踪),2025 (分化震荡期),5.0x,5.0,FIXED_5PCT,0.0,-100.0,-100.0,-100.0,2.59,-1.0,43.71,151,46,True,2025-10-10 20:00:00,75717.39,24798.45,27600.45
让利润奔跑 (SL 5% + 移动追踪),2026 (盲测弱势期),1.0x,1.0,FIXED_5PCT,13719.15,37.19,57.1,-30.39,1.15,1.88,46.39,97,14,False,,1431.75,212.06,0.0
让利润奔跑 (SL 5% + 移动追踪),2026 (盲测弱势期),3.0x,3.0,FIXED_5PCT,15913.41,59.13,94.2,-71.15,1.06,1.32,46.39,97,14,False,,3281.39,562.44,832.17
让利润奔跑 (SL 5% + 移动追踪),2026 (盲测弱势期),5.0x,5.0,FIXED_5PCT,11702.62,17.03,25.18,-90.78,1.07,0.28,46.39,97,14,False,,3810.06,683.68,1057.65
让利润奔跑 (SL 5% + 移动追踪),2022 (极端熊市测试),1.0x,1.0,FIXED_5PCT,20775.8,107.76,108.21,-41.91,1.69,2.58,47.3,74,41,False,,1763.63,949.16,0.0
让利润奔跑 (SL 5% + 移动追踪),2022 (极端熊市测试),3.0x,3.0,FIXED_5PCT,38275.19,282.75,284.28,-83.01,1.63,3.42,47.3,74,41,False,,8197.24,4694.75,2244.57
让利润奔跑 (SL 5% + 移动追踪),2022 (极端熊市测试),5.0x,5.0,FIXED_5PCT,27343.46,173.43,174.25,-95.96,1.61,1.82,47.3,74,41,False,,13914.14,8455.3,3968.73
让利润奔跑 (SL 5% + 移动追踪),2020-2026 (全周期),1.0x,1.0,FIXED_5PCT,646640970583.35,6466409605.83,1816.31,-51.9,3.05,35.0,48.89,1084,455,False,,132665468578.72,29903467166.55,0.0
让利润奔跑 (SL 5% + 移动追踪),2020-2026 (全周期),3.0x,3.0,FIXED_5PCT,2.402477936232751e+21,2.402477936232751e+19,71317.31,-93.57,2.7,762.16,48.89,1084,455,False,,7.502393019665597e+20,1.74355960720626e+20,2.0095576242900936e+20
让利润奔跑 (SL 5% + 移动追踪),2020-2026 (全周期),5.0x,5.0,FIXED_5PCT,0.0,-100.0,-100.0,-100.0,2.85,-1.0,45.76,118,64,True,2021-01-22 00:00:00,364504.22,282917.88,187733.52
波动自适应 (SL 2.0x ATR + 移动追踪),2020-2024 (训练牛熊期),1.0x,1.0,ATR_2X,36898076432.27,368980664.32,3035.58,-74.94,3.11,40.5,51.99,779,319,False,,7041045110.78,2287979097.25,0.0
波动自适应 (SL 2.0x ATR + 移动追踪),2020-2024 (训练牛熊期),3.0x,3.0,ATR_2X,3.934107890963263e+17,3934107890963162.0,125110.41,-99.71,2.83,1254.78,51.99,779,319,False,,2.023553878669484e+17,7.016318384075381e+16,7.837716185335051e+16
波动自适应 (SL 2.0x ATR + 移动追踪),2020-2024 (训练牛熊期),5.0x,5.0,ATR_2X,0.0,-100.0,-100.0,-100.0,1.96,-1.0,43.4,53,21,True,2020-11-26 00:00:00,7318.19,3127.55,3718.43
波动自适应 (SL 2.0x ATR + 移动追踪),2025 (分化震荡期),1.0x,1.0,ATR_2X,58814.94,488.15,491.26,-38.63,2.66,12.72,43.59,156,53,False,,5915.33,1911.76,0.0
波动自适应 (SL 2.0x ATR + 移动追踪),2025 (分化震荡期),3.0x,3.0,ATR_2X,451133.93,4411.34,4462.75,-80.96,2.57,55.12,43.59,156,53,False,,72980.63,26993.36,20798.97
波动自适应 (SL 2.0x ATR + 移动追踪),2025 (分化震荡期),5.0x,5.0,ATR_2X,0.0,-100.0,-100.0,-100.0,2.71,-1.0,43.79,153,50,True,2025-10-10 20:00:00,161220.88,55713.92,60709.5
波动自适应 (SL 2.0x ATR + 移动追踪),2026 (盲测弱势期),1.0x,1.0,ATR_2X,14094.21,40.94,63.28,-30.72,1.21,2.06,47.06,102,22,False,,1520.83,315.14,0.0
波动自适应 (SL 2.0x ATR + 移动追踪),2026 (盲测弱势期),3.0x,3.0,ATR_2X,16783.37,67.83,109.54,-70.83,1.12,1.55,47.06,102,22,False,,3505.09,767.33,859.67
波动自适应 (SL 2.0x ATR + 移动追踪),2026 (盲测弱势期),5.0x,5.0,ATR_2X,12180.09,21.8,32.54,-90.12,1.14,0.36,47.06,102,22,False,,3991.65,889.35,1088.74
波动自适应 (SL 2.0x ATR + 移动追踪),2022 (极端熊市测试),1.0x,1.0,ATR_2X,22649.64,126.5,127.05,-44.66,1.84,2.84,50.0,70,34,False,,1723.2,825.82,0.0
波动自适应 (SL 2.0x ATR + 移动追踪),2022 (极端熊市测试),3.0x,3.0,ATR_2X,50240.31,402.4,404.82,-85.8,1.85,4.72,50.0,70,34,False,,8542.99,4460.37,2709.57
波动自适应 (SL 2.0x ATR + 移动追踪),2022 (极端熊市测试),5.0x,5.0,ATR_2X,43190.98,331.91,333.79,-97.22,1.89,3.43,50.0,70,34,False,,14775.74,8198.29,5649.98
波动自适应 (SL 2.0x ATR + 移动追踪),2020-2026 (全周期),1.0x,1.0,ATR_2X,305866576259.73,3058665662.6,1594.65,-74.94,2.85,21.28,50.24,1037,394,False,,61871934969.65,16180952389.77,0.0
波动自适应 (SL 2.0x ATR + 移动追踪),2020-2026 (全周期),3.0x,3.0,ATR_2X,2.978728781117542e+19,2.978728781117541e+17,34633.31,-99.71,2.59,347.35,50.24,1037,394,False,,9.294360899636697e+18,2.4939687671758136e+18,2.4223857082006287e+18
波动自适应 (SL 2.0x ATR + 移动追踪),2020-2026 (全周期),5.0x,5.0,ATR_2X,0.0,-100.0,-100.0,-100.0,1.96,-1.0,43.4,53,21,True,2020-11-26 00:00:00,7318.19,3127.55,3718.43
