date,open,close,high,low,volume,amount,amplitude,pct_chg,chg,turnover
2024-12-02,167.085,169.810,170.395,166.890,23789084,4073925856.000,2.10,1.52,2.540,0.41
2024-12-03,169.810,169.660,171.000,169.170,22248705,3813967376.000,1.08,-0.09,-0.150,0.38
2024-12-04,169.465,172.690,173.230,169.380,31615137,5497522176.000,2.27,1.79,3.030,0.54
2024-12-05,173.680,170.960,174.380,170.650,21356243,3706683856.000,2.16,-1.00,-1.730,0.37
2024-12-06,170.350,173.030,173.400,170.180,21462393,3749694688.000,1.88,1.21,2.070,0.37
2024-12-09,172.480,173.890,174.780,172.170,25389631,4448723200.000,1.51,0.50,0.860,0.43
2024-12-10,181.365,183.690,184.880,179.570,54813022,10092567040.000,3.05,5.64,9.800,0.94
2024-12-11,183.830,193.920,194.130,183.370,67894071,13097699840.000,5.86,5.57,10.230,1.16
2024-12-12,193.520,190.480,193.700,190.230,34817486,6734788864.000,1.79,-1.77,-3.440,0.60
2024-12-13,189.530,188.340,191.250,188.160,25143495,4799306240.000,1.62,-1.12,-2.140,0.43
2024-12-16,191.390,195.180,197.520,191.140,44934901,8836404736.000,3.39,3.63,6.840,0.77
2024-12-17,195.770,193.940,199.940,193.500,43504025,8574209792.000,3.30,-0.64,-1.240,0.74
2024-12-18,193.740,186.920,195.520,186.260,34166074,6541862656.000,4.77,-3.62,-7.020,0.58
2024-12-19,190.145,187.030,191.550,186.900,32265241,6130958848.000,2.49,0.06,0.110,0.55
2024-12-20,184.300,189.930,191.410,183.740,63462934,12083315968.000,4.10,1.55,2.900,1.09
2024-12-23,191.140,193.150,193.620,188.670,25675014,4970320384.000,2.61,1.70,3.220,0.44
2024-12-24,193.360,194.630,194.630,192.300,10403259,2033865936.000,1.21,0.77,1.480,0.18
2024-12-26,193.670,194.120,195.268,192.895,12057210,2360855312.000,1.22,-0.26,-0.510,0.21
2024-12-27,193.470,191.280,193.840,189.170,18891362,3635368912.000,2.41,-1.46,-2.840,0.32
2024-12-30,188.320,189.760,191.070,187.640,14264659,2727285600.000,1.79,-0.79,-1.520,0.24
2024-12-31,189.595,187.820,190.480,187.030,17466919,3316295024.000,1.82,-1.02,-1.940,0.30
2025-01-02,189.170,187.950,190.520,186.020,20370828,3861985440.000,2.40,0.07,0.130,0.35
2025-01-03,189.890,190.310,191.730,188.495,18596159,3566071920.000,1.72,1.26,2.360,0.32
2025-01-06,192.500,195.390,196.742,192.370,29563638,5816277504.000,2.30,2.67,5.080,0.51
2025-01-07,195.630,194.010,199.520,193.120,26487244,5219235328.000,3.28,-0.71,-1.380,0.45
2025-01-08,191.090,192.470,194.810,190.900,24864766,4832507904.000,2.02,-0.79,-1.540,0.43
2025-01-10,192.815,190.560,195.040,188.830,26665206,5141826560.000,3.23,-0.99,-1.910,0.46
2025-01-13,188.590,189.530,189.700,185.880,21823699,4148617312.000,2.00,-0.54,-1.030,0.37
2025-01-14,189.760,188.180,190.500,186.828,17174854,3264003136.000,1.94,-0.71,-1.350,0.29
2025-01-15,191.610,194.070,194.880,190.380,21775969,4241971360.000,2.39,3.13,5.890,0.37
2025-01-16,192.660,191.430,194.000,191.330,17815432,3454180432.000,1.38,-1.36,-2.640,0.31
2025-01-17,195.050,194.520,195.750,192.270,27735089,5434595328.000,1.82,1.61,3.090,0.48
2025-01-21,197.590,196.570,200.810,196.390,29971292,5963728896.000,2.27,1.05,2.050,0.51
2025-01-22,197.580,196.890,199.000,196.050,26200617,5210873856.000,1.50,0.16,0.320,0.45
2025-01-23,196.660,196.500,198.820,193.720,26951357,5333101568.000,2.59,-0.20,-0.390,0.46
2025-01-24,196.620,198.730,199.420,196.520,23877521,4770346496.000,1.48,1.13,2.230,0.41
2025-01-27,190.930,190.330,195.400,189.250,41728893,8052675328.000,3.09,-4.23,-8.400,0.72
2025-01-28,191.265,193.820,194.000,189.200,24157929,4697261056.000,2.52,1.83,3.490,0.41
2025-01-29,194.075,193.930,195.305,191.950,18218256,3554066288.000,1.73,0.06,0.110,0.31
2025-01-30,196.520,199.390,199.920,196.190,24354684,4874871040.000,1.92,2.82,5.460,0.42
2025-01-31,200.520,202.540,204.000,200.320,32041952,6544710400.000,1.85,1.58,3.150,0.55
2025-02-03,199.210,199.750,202.270,198.620,27838348,5619769344.000,1.80,-1.38,-2.790,0.48
2025-02-04,201.910,204.900,205.570,201.330,43856425,9007024384.000,2.12,2.58,5.150,0.75
2025-02-05,189.590,189.850,191.270,186.550,70461770,13403203840.000,2.30,-7.35,-15.050,1.21
2025-02-06,188.020,190.120,190.620,187.240,29297442,5587637504.000,1.78,0.14,0.270,0.50
2025-02-07,189.570,183.860,189.700,181.760,49314961,9180448768.000,4.18,-3.29,-6.260,0.85
2025-02-10,185.870,184.990,186.720,184.380,23105649,4315777024.000,1.27,0.61,1.130,0.40
2025-02-11,183.550,183.840,185.460,182.800,21239519,3934964112.000,1.44,-0.62,-1.150,0.36
2025-02-12,181.740,182.130,183.630,180.350,22072559,4050978192.000,1.78,-0.93,-1.710,0.38
2025-02-13,182.840,184.660,184.800,181.660,21402523,3955658256.000,1.72,1.39,2.530,0.37
2025-02-14,183.575,183.750,184.920,182.840,20448437,3787578064.000,1.13,-0.49,-0.910,0.35
2025-02-18,184.120,182.290,184.480,180.260,29916675,5496205568.000,2.30,-0.79,-1.460,0.51
2025-02-19,182.590,183.790,183.980,182.110,19549396,3611531408.000,1.03,0.82,1.500,0.34
2025-02-20,183.320,183.080,183.830,181.240,20441462,3764944896.000,1.41,-0.39,-0.710,0.35
2025-02-21,183.670,178.180,183.860,177.600,35199239,6373140480.000,3.42,-2.68,-4.900,0.60
2025-02-24,180.510,177.770,181.640,177.405,29854206,5385157376.000,2.38,-0.23,-0.410,0.51
2025-02-25,176.560,173.940,177.260,173.214,41913411,7381789952.000,2.28,-2.15,-3.830,0.72
2025-02-26,173.590,171.250,174.600,170.101,35431268,6152139776.000,2.59,-1.55,-2.690,0.61
2025-02-27,172.510,167.020,173.080,166.460,39991015,6796882688.000,3.87,-2.47,-4.230,0.69
2025-02-28,167.200,168.800,169.130,165.290,48130565,8142695168.000,2.30,1.07,1.780,0.83
2025-03-03,170.445,165.530,171.890,164.450,40770451,6877210112.000,4.41,-1.94,-3.270,0.70
2025-03-04,164.760,169.440,171.815,164.320,45387996,7703948288.000,4.53,2.36,3.910,0.78
2025-03-05,169.040,171.540,172.300,167.580,30954922,5316293632.000,2.79,1.24,2.100,0.53
2025-03-06,169.050,170.870,173.330,169.020,28301953,4884825856.000,2.51,-0.39,-0.670,0.49
2025-03-07,169.780,172.380,173.490,168.790,27385813,4732051968.000,2.75,0.88,1.510,0.47
2025-03-10,166.980,164.590,167.180,162.410,43604027,7229959168.000,2.77,-4.52,-7.790,0.75
2025-03-11,163.630,162.760,165.470,160.090,39587414,6504914176.000,3.27,-1.11,-1.830,0.68
2025-03-12,165.300,165.830,166.360,162.250,28372396,4713962240.000,2.53,1.89,3.070,0.49
2025-03-13,164.755,161.480,164.850,160.830,31756214,5188235520.000,2.42,-2.62,-4.350,0.54
2025-03-14,161.990,164.210,165.210,161.170,31995894,5262738432.000,2.50,1.69,2.730,0.55
2025-03-17,163.750,163.010,165.020,162.390,31184335,5136708096.000,1.60,-0.73,-1.200,0.53
2025-03-18,162.395,159.390,162.970,155.440,42074751,6721186816.000,4.62,-2.22,-3.620,0.72
2025-03-19,160.480,162.610,164.590,159.720,34275582,5603951104.000,3.06,2.02,3.220,0.59
2025-03-20,160.290,161.520,163.610,159.680,28138464,4583592704.000,2.42,-0.67,-1.090,0.48
2025-03-21,159.925,162.710,162.960,159.610,36625764,5971076608.000,2.07,0.74,1.190,0.63
2025-03-24,165.785,166.400,167.040,163.860,30879129,5167707648.000,1.95,2.27,3.690,0.53
2025-03-25,167.700,169.280,169.350,167.035,24174373,4107136624.000,1.39,1.73,2.880,0.41
2025-03-26,167.720,163.780,168.330,163.560,28939326,4822442496.000,2.82,-3.25,-5.500,0.50
2025-03-27,163.350,160.960,164.140,160.720,24508273,4001884896.000,2.09,-1.72,-2.820,0.42
2025-03-28,159.210,153.050,160.540,152.350,48669335,7586077952.000,5.09,-4.91,-7.910,0.83
2025-03-31,151.830,153.360,154.260,149.382,54603464,8383322368.000,3.19,0.20,0.310,0.94
2025-04-01,152.340,155.790,156.820,152.340,30672899,4801863680.000,2.92,1.58,2.430,0.53
2025-04-02,153.870,155.760,157.125,153.420,25041730,3924471152.000,2.38,-0.02,-0.030,0.43
2025-04-03,149.830,149.440,151.500,149.110,46883371,7096887552.000,1.53,-4.06,-6.320,0.80
2025-04-04,146.730,144.320,149.790,144.100,62259539,9194103040.000,3.81,-3.43,-5.120,1.07
2025-04-07,140.270,145.470,151.570,139.250,76794136,11204600320.000,8.54,0.80,1.150,1.32
2025-04-08,149.940,143.420,150.960,141.750,52200208,7712463360.000,6.33,-1.41,-2.050,0.90
2025-04-09,143.135,157.430,158.270,142.625,70406232,10782774272.000,10.91,9.77,14.010,1.21
2025-04-10,155.260,151.540,156.440,148.650,48021972,7384614912.000,4.95,-3.74,-5.890,0.82
2025-04-11,151.620,155.860,156.390,151.540,33636239,5254575360.000,3.20,2.85,4.320,0.58
2025-04-14,158.715,157.790,160.440,156.280,30332957,4841726720.000,2.67,1.24,1.930,0.52
2025-04-15,157.845,155.030,158.370,153.930,27551534,4321679360.000,2.81,-1.75,-2.760,0.47
2025-04-16,151.820,152.050,154.610,150.230,28187421,4327392000.000,2.83,-1.92,-2.980,0.48
2025-04-17,153.010,149.880,153.400,147.220,33046576,5002589440.000,4.06,-1.43,-2.170,0.57
2025-04-21,147.600,146.390,147.665,144.820,26049115,3837787872.000,1.90,-2.33,-3.490,0.45
2025-04-22,147.610,150.190,150.910,147.260,26971774,4063508576.000,2.49,2.60,3.800,0.46
2025-04-23,154.330,154.070,156.245,152.530,31128833,4847172352.000,2.47,2.58,3.880,0.53
2025-04-24,154.870,158.000,158.310,154.510,45893951,7273406208.000,2.47,2.55,3.930,0.79
2025-04-25,163.790,160.680,164.820,159.760,56033995,9130450688.000,3.20,1.70,2.680,0.96
2025-04-28,161.145,159.330,161.870,157.320,29745782,4769803264.000,2.83,-0.84,-1.350,0.51
2025-04-29,159.045,158.880,159.460,156.240,26808958,4280422800.000,2.02,-0.28,-0.450,0.46
2025-04-30,156.695,157.520,157.990,154.120,34981059,5518403072.000,2.44,-0.86,-1.360,0.60
2025-05-01,159.170,160.020,160.670,157.630,30203248,4861406208.000,1.93,1.59,2.500,0.52
2025-05-02,162.125,162.750,163.690,160.590,25715005,4213166032.000,1.94,1.71,2.730,0.44
2025-05-05,161.720,162.930,164.110,161.440,21341814,3510938032.000,1.64,0.11,0.180,0.37
2025-05-06,160.890,161.950,163.520,159.910,21277210,3474160576.000,2.22,-0.60,-0.980,0.37
2025-05-07,162.800,150.100,163.720,146.560,127747554,19460182016.000,10.60,-7.32,-11.850,2.19
2025-05-08,153.720,153.000,154.650,151.620,57498692,8875681024.000,2.02,1.93,2.900,0.99
2025-05-09,152.890,151.470,153.770,150.920,32435281,4967213824.000,1.86,-1.00,-1.530,0.56
2025-05-12,156.205,157.180,157.820,154.970,44138818,6967104000.000,1.88,3.77,5.710,0.76
2025-05-13,157.510,158.250,159.290,154.880,42382126,6743444480.000,2.81,0.68,1.070,0.73
2025-05-14,158.680,164.090,165.720,158.330,48755869,8008258560.000,4.67,3.69,5.840,0.84
2025-05-15,164.560,162.680,164.925,161.093,33146669,5447518720.000,2.34,-0.86,-1.410,0.57
2025-05-16,166.445,164.910,168.070,164.340,42846925,7157318144.000,2.29,1.37,2.230,0.74
2025-05-19,163.230,165.260,165.360,162.940,30426097,5036344064.000,1.47,0.21,0.350,0.52
2025-05-20,165.150,162.700,167.220,161.620,46607656,7709431296.000,3.39,-1.55,-2.560,0.80
2025-05-21,162.410,167.280,171.860,162.280,73415956,12471864320.000,5.89,2.81,4.580,1.26
2025-05-22,170.570,169.590,175.490,169.430,74864418,12984061184.000,3.62,1.38,2.310,1.29
2025-05-23,167.775,167.190,168.680,166.610,35211439,5951555328.000,1.22,-1.42,-2.400,0.61
2025-05-27,168.880,171.620,171.890,168.720,37995670,6543572480.000,1.90,2.65,4.430,0.65
2025-05-28,171.880,171.080,173.985,170.631,34783997,6017269504.000,1.95,-0.31,-0.540,0.60
2025-05-29,172.720,170.580,173.139,169.350,29373803,5053341696.000,2.21,-0.29,-0.500,0.50
2025-05-30,170.070,170.460,170.925,166.160,52639911,8977800448.000,2.79,-0.07,-0.120,0.90
2025-06-02,166.560,167.750,168.590,166.110,38612272,6520242432.000,1.45,-1.59,-2.710,0.66
2025-06-03,166.210,164.900,167.195,164.000,45084903,7520260096.000,1.90,-1.70,-2.850,0.77
2025-06-04,165.455,166.770,166.935,165.080,26900838,4504301312.000,1.12,1.13,1.870,0.46
2025-06-05,169.060,166.930,169.650,166.310,36444564,6166235904.000,2.00,0.10,0.160,0.63
2025-06-06,169.550,172.400,173.220,169.550,35731832,6184054528.000,2.20,3.28,5.470,0.61
2025-06-09,173.470,175.020,175.400,173.300,28935906,5084551424.000,1.22,1.52,2.620,0.50
2025-06-10,175.130,177.530,180.035,173.840,61766121,11038984448.000,3.54,1.43,2.510,1.06
2025-06-11,178.700,176.280,179.300,175.680,31646757,5638757376.000,2.04,-0.70,-1.250,0.54
2025-06-12,175.110,174.630,175.650,173.675,20941873,3683547568.000,1.12,-0.94,-1.650,0.36
2025-06-13,171.370,173.600,176.060,171.315,27663107,4845387264.000,2.72,-0.59,-1.030,0.48
2025-06-16,173.660,175.700,175.870,173.580,27389208,4818026496.000,1.32,1.21,2.100,0.47
2025-06-17,174.630,174.880,176.295,173.510,24973043,4399672832.000,1.59,-0.47,-0.820,0.43
2025-06-18,174.940,172.250,175.490,172.130,28707524,5019512064.000,1.92,-1.50,-2.630,0.49
2025-06-20,172.875,165.570,173.270,164.390,75659917,12765744128.000,5.16,-3.88,-6.680,1.30
2025-06-23,165.200,164.120,166.270,160.930,57670985,9589186304.000,3.23,-0.88,-1.450,0.99
2025-06-24,165.850,165.700,167.150,165.060,40524312,6773682944.000,1.27,0.96,1.580,0.70
2025-06-25,166.560,169.610,171.290,166.480,35478989,6047633920.000,2.90,2.36,3.910,0.61
2025-06-26,171.360,172.470,172.620,168.870,31796690,5483076096.000,2.21,1.69,2.860,0.55
2025-06-27,172.470,177.460,177.610,170.660,108140200,19115084544.000,4.03,2.89,4.990,1.86
2025-06-30,179.710,175.160,180.160,173.510,63378856,11223428864.000,3.75,-1.30,-2.300,1.09
2025-07-01,174.665,174.770,175.020,172.460,35904526,6290365440.000,1.46,-0.22,-0.390,0.62
2025-07-02,174.470,177.570,177.790,174.000,29128947,5174235648.000,2.17,1.60,2.800,0.50
2025-07-03,177.430,178.460,178.600,175.980,21689729,3877336560.000,1.48,0.50,0.890,0.37
2025-07-07,177.990,175.720,178.227,174.610,34175648,6047975424.000,2.03,-1.54,-2.740,0.59
2025-07-08,176.780,173.290,176.880,171.740,40442535,7060590848.000,2.93,-1.38,-2.430,0.70
2025-07-09,174.180,175.550,178.370,171.700,43025594,7600342784.000,3.85,1.30,2.260,0.74
2025-07-10,174.560,176.550,177.359,173.310,29252386,5168684288.000,2.31,0.57,1.000,0.50
2025-07-11,175.715,179.120,180.360,175.410,34282922,6155005440.000,2.80,1.46,2.570,0.59
2025-07-14,179.940,180.490,182.600,178.610,32536632,5895028736.000,2.23,0.76,1.370,0.56
2025-07-15,181.740,180.930,183.150,180.530,33448251,6117395968.000,1.45,0.24,0.440,0.58
2025-07-16,182.165,181.900,183.257,180.960,33104193,6068692480.000,1.27,0.54,0.970,0.57
2025-07-17,181.070,182.510,182.990,179.410,31992565,5843903488.000,1.97,0.34,0.610,0.55
2025-07-18,184.330,183.990,185.350,182.640,34014509,6294194432.000,1.48,0.81,1.480,0.58
2025-07-21,185.180,189.030,189.215,185.080,45803129,8664800000.000,2.25,2.74,5.040,0.79
2025-07-22,190.425,190.270,190.575,186.390,44660215,8501409536.000,2.21,0.66,1.240,0.77
2025-07-23,190.430,189.160,191.460,188.110,58681948,11176279552.000,1.76,-0.58,-1.110,1.01
2025-07-24,195.960,191.100,196.880,189.930,74881687,14495036416.000,3.67,1.03,1.940,1.29
2025-07-25,190.910,192.110,193.260,190.190,39785863,7686233088.000,1.61,0.53,1.010,0.68
2025-07-28,192.580,191.510,192.980,189.770,38139504,7329226240.000,1.67,-0.31,-0.600,0.66
2025-07-29,191.360,194.680,194.850,191.010,41389153,8050877952.000,2.01,1.66,3.170,0.71
2025-07-30,194.530,195.460,196.530,193.615,32445405,6371744512.000,1.50,0.40,0.780,0.56
2025-07-31,194.640,190.830,194.920,190.020,51329163,9885091072.000,2.51,-2.37,-4.630,0.88
2025-08-01,187.955,188.060,189.760,186.750,34832181,6583403776.000,1.58,-1.45,-2.770,0.60
2025-08-04,189.220,193.970,194.200,189.050,31547350,6118144768.000,2.74,3.14,5.910,0.54
2025-08-05,193.640,193.600,196.790,192.815,31602340,6175574784.000,2.05,-0.19,-0.370,0.54
2025-08-06,193.430,195.020,195.560,192.600,21562908,4216679776.000,1.53,0.73,1.420,0.37
2025-08-07,195.990,195.450,196.470,193.260,26321811,5163774464.000,1.65,0.22,0.430,0.45
2025-08-08,196.150,200.350,201.540,196.100,39161826,7867510528.000,2.78,2.51,4.900,0.67
2025-08-11,199.865,199.930,200.405,198.000,25832435,5183400448.000,1.20,-0.21,-0.420,0.44
2025-08-12,200.295,202.270,203.430,199.520,30424452,6176427776.000,1.96,1.17,2.340,0.52
2025-08-13,203.060,200.890,203.460,196.440,28342922,5726818048.000,3.47,-0.68,-1.380,0.49
2025-08-14,200.430,201.870,203.370,200.155,25230427,5123842048.000,1.60,0.49,0.980,0.43
2025-08-15,202.780,202.830,205.370,200.210,34931422,7155685120.000,2.56,0.48,0.960,0.60
2025-08-18,203.130,202.430,204.195,201.420,18526594,3771549472.000,1.37,-0.20,-0.400,0.32
2025-08-19,201.960,200.500,202.370,198.890,24240233,4876929792.000,1.72,-0.95,-1.930,0.42
2025-08-20,199.660,198.250,200.210,195.525,28955498,5762141184.000,2.34,-1.12,-2.250,0.50
2025-08-21,198.675,198.680,201.410,198.360,19774633,3958867072.000,1.54,0.22,0.430,0.34
2025-08-22,201.660,205.020,207.470,200.230,42827040,8795785216.000,3.64,3.19,6.340,0.74
2025-08-25,205.360,207.420,209.450,204.210,29928878,6245348352.000,2.56,1.17,2.400,0.51
2025-08-26,206.440,206.070,206.780,204.630,28464130,5889047296.000,1.04,-0.65,-1.350,0.49
2025-08-27,204.630,206.410,207.840,204.580,23022850,4778519552.000,1.58,0.16,0.340,0.40
2025-08-28,206.180,210.570,211.150,205.830,32339307,6820776448.000,2.58,2.02,4.160,0.56
2025-08-29,209.440,211.840,213.575,209.130,39728364,8442111488.000,2.11,0.60,1.270,0.68
2025-09-02,207.370,210.280,210.605,205.125,47523037,10095039744.000,2.59,-0.74,-1.560,0.82
2025-09-03,225.140,229.590,230.240,223.720,103336125,23578461440.000,3.10,9.18,19.310,1.78
2025-09-04,228.580,231.230,231.300,225.040,51684167,11873779456.000,2.73,0.71,1.640,0.89
2025-09-05,231.130,233.930,234.690,230.830,46588925,10903474176.000,1.67,1.17,2.700,0.80
2025-09-08,234.610,233.180,237.270,232.810,32474743,7639554816.000,1.91,-0.32,-0.750,0.56
2025-09-09,233.305,238.770,239.610,232.369,38060959,9047563776.000,3.11,2.40,5.590,0.65
2025-09-10,238.040,238.310,240.800,236.990,35141074,8426075136.000,1.60,-0.19,-0.460,0.60
2025-09-11,239.020,239.510,241.390,235.390,30599328,7334919936.000,2.52,0.50,1.200,0.53
2025-09-12,239.510,239.940,241.215,237.140,26771610,6435866112.000,1.70,0.18,0.430,0.46
2025-09-15,243.800,250.750,251.550,243.800,58383796,14578908928.000,3.23,4.51,10.810,1.00
2025-09-16,251.220,250.300,252.180,248.610,34109720,8574003968.000,1.42,-0.18,-0.450,0.59
2025-09-17,250.360,248.670,250.740,245.420,34107992,8499065600.000,2.13,-0.65,-1.630,0.59
2025-09-18,250.820,251.170,253.130,248.940,31239474,7862310400.000,1.68,1.01,2.500,0.54
2025-09-19,252.390,253.860,255.140,250.950,55571424,14131016192.000,1.67,1.07,2.690,0.96
2025-09-22,253.570,251.670,254.920,249.440,32290538,8156249344.000,2.16,-0.86,-2.190,0.56
2025-09-23,252.180,250.800,253.500,249.620,26628016,6711374080.000,1.54,-0.35,-0.870,0.46
2025-09-24,250.800,246.280,251.490,245.580,28201003,7002776064.000,2.36,-1.80,-4.520,0.48
2025-09-25,243.540,244.930,245.630,239.880,31020383,7588275456.000,2.33,-0.55,-1.350,0.53
2025-09-26,246.205,245.680,248.560,245.110,18503194,4569482752.000,1.41,0.31,0.750,0.32
2025-09-29,246.990,243.190,250.289,241.910,32505777,8001609984.000,3.41,-1.01,-2.490,0.56
2025-09-30,241.950,242.240,242.430,238.385,34724346,8394593536.000,1.66,-0.39,-0.950,0.60
2025-10-01,239.890,244.040,245.440,237.750,31658234,7693325312.000,3.17,0.74,1.800,0.54
2025-10-02,244.290,244.830,245.950,241.440,25483298,6236592384.000,1.85,0.32,0.790,0.44
2025-10-03,243.630,244.490,245.440,240.795,30249559,7389748992.000,1.90,-0.14,-0.340,0.52
2025-10-06,243.920,249.570,250.460,243.720,28894653,7175257600.000,2.76,2.08,5.080,0.50
2025-10-07,247.410,244.900,249.580,244.660,23181285,5726848512.000,1.97,-1.87,-4.670,0.40
2025-10-08,244.100,243.760,245.145,242.960,21307104,5215777024.000,0.89,-0.47,-1.140,0.37
2025-10-09,243.610,240.670,243.900,238.290,27892086,6731786496.000,2.30,-1.27,-3.090,0.48
2025-10-10,240.570,235.710,243.230,234.980,33180323,7922843648.000,3.43,-2.06,-4.960,0.57
2025-10-13,239.350,243.290,243.640,238.850,24995028,6061133824.000,2.03,3.22,7.580,0.43
2025-10-14,240.370,244.590,246.260,239.650,22111572,5411420160.000,2.72,0.53,1.300,0.38
2025-10-15,246.385,250.170,251.250,245.130,27007690,6747593984.000,2.50,2.28,5.580,0.46
2025-10-16,250.905,250.600,256.100,249.241,27997159,7086180352.000,2.74,0.17,0.430,0.48
2025-10-17,249.900,252.440,253.360,246.950,29671629,7474435328.000,2.56,0.73,1.840,0.51
2025-10-20,253.830,255.690,256.470,253.370,22350155,5719194368.000,1.23,1.29,3.250,0.38
2025-10-21,253.880,249.600,254.020,243.290,47312098,11816849920.000,4.20,-2.38,-6.090,0.81
2025-10-22,253.510,250.830,255.500,248.430,35029370,8852293632.000,2.83,0.49,1.230,0.60
2025-10-23,252.120,252.220,254.180,250.990,19901425,5044766208.000,1.27,0.55,1.390,0.34
2025-10-24,255.720,259.060,260.820,254.455,28655126,7445813504.000,2.52,2.71,6.840,0.49
2025-10-27,263.955,268.410,269.280,263.420,35235231,9420847872.000,2.26,3.61,9.350,0.61
2025-10-28,268.830,266.610,269.870,265.640,29738564,7964220160.000,1.58,-0.67,-1.800,0.51
2025-10-29,266.890,273.710,274.476,266.810,43580277,11962091776.000,2.88,2.66,7.100,0.75
2025-10-30,290.730,280.620,290.730,279.200,74875990,21409094656.000,4.21,2.52,6.910,1.29
2025-10-31,282.350,280.330,285.140,276.170,39267945,11022568704.000,3.20,-0.10,-0.290,0.67
2025-11-03,281.315,282.860,284.670,278.940,29785996,8425110528.000,2.04,0.90,2.530,0.51
2025-11-04,275.890,276.680,280.410,275.400,30078369,8363436288.000,1.77,-2.18,-6.180,0.52
2025-11-05,278.010,283.450,285.555,276.480,31010302,8783577600.000,3.28,2.45,6.770,0.53
2025-11-06,284.470,283.890,287.490,280.280,37173648,10595073024.000,2.54,0.16,0.440,0.64
2025-11-07,282.345,277.970,282.920,274.330,34479588,9595232768.000,3.03,-2.09,-5.920,0.59
2025-11-10,283.560,289.240,289.940,281.995,29557309,8521891584.000,2.86,4.05,11.270,0.51
2025-11-11,286.885,290.450,291.055,286.460,19842136,5754139392.000,1.59,0.42,1.210,0.34
2025-11-12,290.815,285.850,291.145,282.830,24829923,7117557248.000,2.86,-1.58,-4.600,0.43
2025-11-13,281.480,277.710,281.980,276.380,29494040,8243586560.000,1.96,-2.85,-8.140,0.51
2025-11-14,270.545,275.550,277.700,269.840,31647227,8752473088.000,2.83,-0.78,-2.160,0.54
2025-11-17,284.915,284.160,293.090,282.710,52670192,15162910208.000,3.77,3.12,8.610,0.91
2025-11-18,287.055,283.420,287.940,277.340,49158743,14000129792.000,3.73,-0.26,-0.740,0.84
2025-11-19,286.300,291.950,302.950,285.770,68198944,20178489088.000,6.06,3.01,8.530,1.17
2025-11-20,303.680,288.590,305.560,287.810,62025218,18405221376.000,6.08,-1.15,-3.360,1.07
2025-11-21,295.555,298.800,303.060,292.985,74137697,22155302912.000,3.49,3.54,10.210,1.27
2025-11-24,310.270,317.720,318.620,308.735,85165123,26964328704.000,3.31,6.33,18.920,1.46
2025-11-25,325.350,322.580,327.970,316.790,88632074,28663810816.000,3.52,1.53,4.860,1.52
2025-11-26,319.820,319.090,323.640,315.930,51373361,16437292032.000,2.39,-1.08,-3.490,0.88
2025-11-28,322.505,319.320,325.990,315.930,26018568,8334109696.000,3.15,0.07,0.230,0.45
2025-12-01,316.840,314.030,318.990,313.030,41182956,13021519872.000,1.87,-1.66,-5.290,0.71
2025-12-02,315.880,314.950,317.520,313.050,35854744,11328795904.000,1.42,0.29,0.920,0.62
2025-12-03,315.030,318.770,320.720,313.240,41838317,13352199168.000,2.37,1.21,3.820,0.72
2025-12-04,321.365,316.760,321.500,313.840,31240924,9907788288.000,2.40,-0.63,-2.010,0.54
2025-12-05,318.630,320.410,322.300,318.305,28851705,9262466304.000,1.26,1.15,3.650,0.50
2025-12-08,319.400,313.070,319.790,310.572,33909433,10673856256.000,2.88,-2.29,-7.340,0.58
2025-12-09,311.720,316.430,317.340,311.245,30194027,9528725248.000,1.95,1.07,3.360,0.52
2025-12-10,315.180,319.560,320.660,314.030,33428923,10646597632.000,2.10,0.99,3.130,0.57
2025-12-11,319.430,311.780,320.470,307.950,42353697,13286715648.000,3.92,-2.43,-7.780,0.73
2025-12-12,313.050,308.640,314.220,304.910,35940170,11121482752.000,2.99,-1.01,-3.140,0.62
2025-12-15,310.665,307.570,310.770,304.230,29151889,8973689088.000,2.12,-0.35,-1.070,0.50
2025-12-16,304.295,305.920,310.120,301.940,30585020,9362564096.000,2.66,-0.54,-1.650,0.53
2025-12-17,307.360,296.070,307.440,295.470,43930358,13121868032.000,3.91,-3.22,-9.850,0.76
2025-12-18,301.070,301.810,303.310,298.581,33518048,10122721024.000,1.60,1.94,5.740,0.58
2025-12-19,301.080,306.510,306.600,300.320,59943239,18316779008.000,2.08,1.56,4.700,1.03
2025-12-22,309.225,309.130,309.480,304.650,26429937,8158765056.000,1.58,0.85,2.620,0.45
2025-12-23,308.975,313.700,314.290,308.670,25478670,7989736704.000,1.82,1.48,4.570,0.44
2025-12-24,314.120,313.440,314.430,311.270,10097361,3165708512.000,1.01,-0.08,-0.260,0.17
2025-12-26,313.830,312.860,314.435,311.625,10899017,3417139312.000,0.90,-0.19,-0.580,0.19
2025-12-29,310.715,312.910,313.370,309.970,19621777,6136900608.000,1.09,0.02,0.050,0.34
2025-12-30,311.850,313.200,316.300,311.810,17380888,5459755008.000,1.43,0.09,0.290,0.30
2025-12-31,312.195,312.350,313.930,310.790,16377689,5130789888.000,1.00,-0.27,-0.850,0.28
2026-01-02,316.250,314.500,321.850,309.680,32009385,10103329280.000,3.90,0.69,2.150,0.55
2026-01-05,317.005,315.890,318.365,313.980,30195597,9555522560.000,1.39,0.44,1.390,0.52
2026-01-06,315.750,313.690,320.290,311.130,31212101,9817414144.000,2.90,-0.70,-2.200,0.54
2026-01-07,313.710,321.330,325.500,313.540,35104425,11273725440.000,3.81,2.44,7.640,0.60
2026-01-08,328.315,324.790,329.670,320.850,31896101,10389035520.000,2.74,1.08,3.460,0.55
2026-01-09,326.440,327.920,330.180,325.150,26214166,8626014464.000,1.55,0.96,3.130,0.45
2026-01-12,325.150,331.210,333.390,324.350,33923928,11192602112.000,2.76,1.00,3.290,0.58
2026-01-13,334.300,335.320,339.840,332.970,33517607,11297521408.000,2.07,1.24,4.110,0.58
2026-01-14,334.410,335.190,335.870,329.830,28525571,9531692288.000,1.80,-0.04,-0.130,0.49
2026-01-15,337.000,332.130,337.040,330.090,28442406,9473914624.000,2.07,-0.91,-3.060,0.49
2026-01-16,333.760,329.350,334.000,327.050,40341637,13327778048.000,2.09,-0.84,-2.780,0.69
2026-01-20,320.220,321.350,327.080,319.780,35361045,11428173312.000,2.22,-2.43,-8.000,0.61
2026-01-21,320.270,327.730,331.830,318.702,35386603,11589625600.000,4.09,1.99,6.380,0.61
2026-01-22,333.800,329.890,334.500,328.100,26253640,8702058752.000,1.95,0.66,2.160,0.45
2026-01-23,331.835,327.280,333.039,326.800,27279974,8984857088.000,1.89,-0.79,-2.610,0.47
2026-01-26,327.155,332.610,335.190,326.350,26042120,8668522496.000,2.70,1.63,5.330,0.45
2026-01-27,334.715,333.900,337.260,332.830,21636164,7257252864.000,1.33,0.39,1.290,0.37
2026-01-28,335.410,335.360,336.885,331.290,27434434,9205000704.000,1.68,0.44,1.460,0.47
2026-01-29,339.650,337.600,341.640,325.890,39785612,13308267264.000,4.70,0.67,2.240,0.68
2026-01-30,339.350,337.350,339.350,331.635,31023954,10474996480.000,2.29,-0.07,-0.250,0.53
2026-02-02,335.570,343.040,344.180,334.980,32006052,10947293440.000,2.73,1.69,5.690,0.55
2026-02-03,346.690,339.060,348.350,336.825,36506709,12472950528.000,3.36,-1.16,-3.980,0.63
2026-02-04,342.310,332.390,342.660,327.870,70618398,23553890816.000,4.36,-1.97,-6.670,1.21
2026-02-05,311.570,330.600,332.040,305.810,88205849,28507582976.000,7.89,-0.54,-1.790,1.52
2026-02-06,326.530,322.210,329.730,319.270,56380484,18239275008.000,3.16,-2.54,-8.390,0.97
2026-02-09,320.280,323.670,327.050,316.610,39640055,12836297728.000,3.24,0.45,1.460,0.68
2026-02-10,320.320,317.930,321.020,313.960,39170012,12479107072.000,2.18,-1.77,-5.740,0.67
2026-02-11,318.320,310.310,320.410,309.010,45406405,14186598144.000,3.59,-2.40,-7.620,0.78
2026-02-12,311.440,308.350,315.590,306.550,47761288,14859921920.000,2.91,-0.63,-1.960,0.82
2026-02-13,307.075,305.070,307.980,303.060,38499701,11786331392.000,1.60,-1.06,-3.280,0.66
2026-02-17,299.390,301.370,303.785,295.600,39247556,11802435328.000,2.68,-1.21,-3.700,0.67
2026-02-18,301.440,302.680,304.730,300.600,28482075,8638274048.000,1.37,0.43,1.310,0.49
2026-02-19,301.170,302.200,304.820,299.390,25834395,7834077184.000,1.79,-0.16,-0.480,0.44
2026-02-20,303.670,314.330,315.850,303.250,53210820,16682351616.000,4.17,4.01,12.130,0.91
2026-02-23,318.395,310.840,318.865,309.215,31422974,9855972608.000,3.07,-1.11,-3.490,0.54
2026-02-24,309.865,310.250,311.620,305.280,25615646,7944124160.000,2.04,-0.19,-0.590,0.44
2026-02-25,311.410,312.250,312.990,308.790,29963621,9340292352.000,1.35,0.64,2.000,0.51
2026-02-26,311.990,306.730,312.490,301.695,36431231,11166542592.000,3.46,-1.77,-5.520,0.63
2026-02-27,303.485,311.110,311.720,303.150,44640640,13826389504.000,2.79,1.43,4.380,0.77
2026-03-02,302.575,305.870,307.840,300.650,34790203,10645614592.000,2.31,-1.68,-5.240,0.60
2026-03-03,297.940,302.930,303.290,296.060,35496961,10696506112.000,2.36,-0.96,-2.940,0.61
2026-03-04,302.240,302.480,304.820,300.100,29536190,8957565952.000,1.56,-0.15,-0.450,0.51
2026-03-05,302.385,300.230,302.650,297.340,35752321,10726022144.000,1.76,-0.74,-2.250,0.61
2026-03-06,295.440,297.870,299.880,294.530,25576916,7637068544.000,1.78,-0.79,-2.360,0.44
2026-03-09,293.920,305.920,306.360,293.640,29312149,8836406784.000,4.27,2.70,8.050,0.50
2026-03-10,305.730,306.600,309.070,305.130,23239684,7146305536.000,1.29,0.22,0.680,0.40
2026-03-11,306.310,308.260,310.980,305.480,24125714,7446987008.000,1.79,0.54,1.660,0.41
2026-03-12,306.380,303.110,308.500,300.590,24928347,7576859136.000,2.57,-1.67,-5.150,0.43
2026-03-13,306.570,301.840,307.250,300.000,23693092,7184311040.000,2.39,-0.42,-1.270,0.41
2026-03-16,303.910,305.120,306.049,302.580,23519709,7172580096.000,1.15,1.09,3.280,0.40
2026-03-17,305.420,310.480,310.980,305.060,21955171,6784400128.000,1.94,1.76,5.360,0.38
2026-03-18,308.830,307.250,312.030,306.492,20009815,6187768832.000,1.78,-1.04,-3.230,0.34
2026-03-19,303.565,306.690,307.620,301.910,25075831,7666407680.000,1.86,-0.18,-0.560,0.43
2026-03-20,305.020,300.560,305.560,297.830,44364079,13372707328.000,2.52,-2.00,-6.130,0.76
2026-03-23,301.670,301.620,305.540,300.490,29326946,8884109568.000,1.68,0.35,1.060,0.50
2026-03-24,298.760,290.000,299.480,289.890,36864278,10826935040.000,3.18,-3.85,-11.620,0.63
2026-03-25,293.000,290.490,295.560,288.800,29460669,8580990208.000,2.33,0.17,0.490,0.51
2026-03-26,287.470,280.480,287.510,278.060,39080578,11068220160.000,3.25,-3.45,-10.010,0.67
2026-03-27,276.835,273.900,278.930,273.510,35890612,9911997952.000,1.93,-2.35,-6.580,0.62
2026-03-30,275.980,273.060,276.650,271.670,35141244,9636209408.000,1.82,-0.31,-0.840,0.60
2026-03-31,277.600,287.120,287.640,276.650,43875400,12498293504.000,4.02,5.15,14.060,0.75
2026-04-01,290.395,296.950,300.080,289.970,37684462,11179606016.000,3.52,3.42,9.830,0.65
2026-04-02,290.250,295.330,297.640,289.010,21666465,6386029312.000,2.91,-0.55,-1.620,0.37
2026-04-06,295.430,299.550,300.180,294.740,16945494,5065901824.000,1.84,1.43,4.220,0.29
2026-04-07,302.285,305.020,305.190,297.280,23205361,7032200960.000,2.64,1.83,5.470,0.40
2026-04-08,320.005,316.880,321.640,314.580,33547140,10655296768.000,2.31,3.89,11.860,0.58
2026-04-09,315.465,318.050,319.100,310.620,23739173,7513416448.000,2.68,0.37,1.170,0.41
2026-04-10,319.575,316.800,321.390,315.880,19152630,6091507712.000,1.73,-0.39,-1.250,0.33
2026-04-13,316.695,320.870,321.190,315.030,18866424,6026902528.000,1.94,1.28,4.070,0.32
2026-04-14,324.345,332.470,332.850,323.310,27721351,9160940800.000,2.97,3.62,11.600,0.48
2026-04-15,332.450,336.680,337.040,330.460,24918842,8351480064.000,1.98,1.27,4.210,0.43
2026-04-16,338.310,335.580,339.440,334.080,20541487,6910513408.000,1.59,-0.33,-1.100,0.35
2026-04-17,337.210,341.240,341.880,335.800,25581881,8691845632.000,1.81,1.69,5.660,0.44
2026-04-20,340.315,336.980,340.960,336.170,18784226,6355166720.000,1.40,-1.25,-4.260,0.32
2026-04-21,337.245,331.850,338.900,330.910,23123795,7733021696.000,2.37,-1.52,-5.130,0.40
2026-04-22,336.580,338.880,339.380,334.730,20293014,6857954560.000,1.40,2.12,7.030,0.35
2026-04-23,340.740,338.450,341.520,335.740,18650256,6330081792.000,1.71,-0.13,-0.430,0.32
2026-04-24,338.285,343.960,344.830,334.950,26426061,9037376256.000,2.92,1.63,5.510,0.45
2026-04-27,345.540,349.900,352.740,342.290,28576887,10000935424.000,3.04,1.73,5.940,0.49
2026-04-28,348.110,349.340,351.980,345.680,27824052,9730105088.000,1.80,-0.16,-0.560,0.48
2026-04-29,347.125,349.500,355.350,343.770,35376328,12519854336.000,3.31,0.05,0.160,0.61
2026-04-30,373.630,384.360,385.400,365.380,72039993,27191885056.000,5.73,9.97,34.860,1.24
2026-05-01,381.190,385.250,386.320,378.610,30105226,11567689216.000,2.01,0.23,0.890,0.52
2026-05-04,385.190,382.810,386.940,379.350,26298574,10074078720.000,1.97,-0.63,-2.440,0.45
2026-05-05,385.790,387.990,392.380,383.580,23878626,9268058880.000,2.30,1.35,5.180,0.41
2026-05-06,393.805,397.600,399.410,392.320,31308476,12419624960.000,1.83,2.48,9.610,0.54
2026-05-07,399.480,397.550,399.660,392.240,24433490,9694107392.000,1.87,-0.01,-0.050,0.42
2026-05-08,396.560,400.360,401.560,395.920,21461849,8577504768.000,1.42,0.71,2.810,0.37
2026-05-11,393.205,388.200,397.000,388.030,30753738,12045377024.000,2.24,-3.04,-12.160,0.53
2026-05-12,386.900,386.910,388.080,382.330,26017488,10054801152.000,1.48,-0.33,-1.290,0.45
2026-05-13,385.155,402.180,403.260,384.560,28144555,11208093952.000,4.83,3.95,15.270,0.48
2026-05-14,396.840,400.630,402.490,395.400,21136716,8449127936.000,1.76,-0.39,-1.550,0.36
2026-05-15,395.875,396.340,399.100,392.740,20309702,8056248064.000,1.59,-1.07,-4.290,0.35
2026-05-18,395.245,396.500,408.170,394.090,26837196,10760855296.000,3.55,0.04,0.160,0.46
2026-05-19,396.520,387.220,396.710,385.670,39545672,15399608832.000,2.78,-2.34,-9.280,0.68
2026-05-20,387.260,388.470,393.420,382.460,31744404,12296234496.000,2.83,0.32,1.250,0.55
2026-05-21,385.260,387.220,392.060,382.580,24852843,9639489280.000,2.44,-0.32,-1.250,0.43
2026-05-22,386.905,382.530,388.300,381.332,20442123,7864813568.000,1.80,-1.21,-4.690,0.35
2026-05-26,384.070,388.440,388.820,382.160,27747388,10746624512.000,1.74,1.54,5.910,0.48
2026-05-27,386.225,388.390,393.440,385.460,23087287,9006498304.000,2.05,-0.01,-0.050,0.40
2026-05-28,387.560,389.690,391.430,384.720,24357455,9492712704.000,1.73,0.33,1.300,0.42
2026-05-29,384.800,379.900,384.800,378.020,44415846,16946785280.000,1.74,-2.51,-9.790,0.76
2026-06-01,376.080,375.930,378.120,373.080,28672120,10776825088.000,1.33,-1.05,-3.970,0.49
2026-06-02,366.150,361.410,373.100,358.000,50412300,18388451328.000,4.02,-3.86,-14.520,0.87
2026-06-03,361.590,358.550,366.010,357.640,55441583,19991718144.000,2.32,-0.79,-2.860,0.95
2026-06-04,358.460,371.750,372.810,357.770,44055520,16289471744.000,4.19,3.68,13.200,0.75
2026-06-05,365.900,368.090,371.640,363.681,37471206,13802921728.000,2.14,-0.98,-3.660,0.64
2026-06-08,364.960,363.090,365.980,360.311,27942464,10149803264.000,1.54,-1.36,-5.000,0.48
2026-06-09,366.870,364.040,371.860,357.080,29535072,10759670528.000,4.07,0.26,0.950,0.50
2026-06-10,362.970,356.160,368.335,354.980,32357132,11636884224.000,3.67,-2.16,-7.880,0.55
2026-06-11,355.705,357.550,358.580,346.140,35538165,12536865536.000,3.49,0.39,1.390,0.61
2026-06-12,362.400,359.460,366.350,354.720,24731019,8925375744.000,3.25,0.53,1.910,0.42
2026-06-15,367.710,369.130,372.770,366.330,27727493,10253601024.000,1.79,2.69,9.670,0.47
2026-06-16,369.380,373.030,375.780,366.840,24876095,9258893568.000,2.42,1.06,3.900,0.43
2026-06-17,368.905,363.570,372.110,361.800,24543644,8958875904.000,2.76,-2.54,-9.460,0.42
2026-06-18,365.530,367.810,369.260,358.450,44470070,16303974656.000,2.97,1.17,4.240,0.76
2026-06-22,357.725,349.460,358.700,341.502,52814764,18435016960.000,4.68,-4.99,-18.350,0.90
2026-06-23,340.470,345.910,349.070,339.980,34007652,11777411840.000,2.60,-1.02,-3.550,0.58
2026-06-24,348.815,345.070,353.256,341.710,44997277,15603697920.000,3.34,-0.24,-0.840,0.77
2026-06-25,336.510,343.490,345.350,335.620,44564576,15241807360.000,2.82,-0.46,-1.580,0.76
2026-06-26,342.330,337.170,346.140,329.980,114706326,38803442432.000,4.70,-1.84,-6.320,1.96
2026-06-29,341.605,353.430,354.130,340.450,34213932,12009150464.000,4.06,4.82,16.260,0.58
2026-06-30,353.645,357.150,358.400,350.180,35237231,12550699520.000,2.33,1.05,3.720,0.60
2026-07-01,358.150,360.990,362.750,356.210,26736445,9629568768.000,1.83,1.08,3.840,0.46
2026-07-02,359.260,359.690,363.985,353.200,25999346,9336885504.000,2.99,-0.36,-1.300,0.44
2026-07-06,361.330,366.240,367.710,357.161,26915808,9811124992.000,2.93,1.82,6.550,0.46
2026-07-07,368.850,366.810,372.940,365.280,24045581,8868616192.000,2.09,0.16,0.570,0.41
2026-07-08,364.540,361.700,367.620,357.800,22094769,7987203840.000,2.68,-1.39,-5.110,0.38
2026-07-09,354.090,358.670,359.430,350.860,24729093,8806053120.000,2.37,-0.84,-3.030,0.42
2026-07-10,357.305,356.960,357.600,352.530,18146146,6457696000.000,1.41,-0.48,-1.710,0.31
2026-07-13,355.970,352.290,357.910,351.530,15901732,5635796992.000,1.79,-1.31,-4.670,0.27
2026-07-14,350.975,359.290,359.940,350.870,18259355,6529755136.000,2.57,1.99,7.000,0.31
2026-07-15,357.750,370.700,373.430,357.540,28284564,10445675264.000,4.42,3.18,11.410,0.48
2026-07-16,372.840,354.240,375.050,352.080,41158466,14913304064.000,6.20,-4.44,-16.460,0.70
2026-07-17,345.780,346.550,348.300,341.140,29959283,10365278464.000,2.02,-2.17,-7.690,0.51
2026-07-20,350.660,351.770,359.460,350.300,24736644,8759572736.000,2.64,1.51,5.220,0.42
2026-07-21,351.100,346.930,351.100,346.780,23369833,8147671552.000,1.23,-1.38,-4.840,0.40
2026-07-22,347.935,341.870,349.720,341.510,39334140,13483552256.000,2.37,-1.46,-5.060,0.67
2026-07-23,320.910,317.470,324.270,314.680,69419700,22181371136.000,2.81,-7.14,-24.400,1.18
2026-07-24,318.200,319.520,323.960,317.100,31806553,10179139840.000,2.16,0.65,2.050,0.54
2026-07-27,324.820,326.340,330.200,324.230,28471593,9319889664.000,1.87,2.13,6.820,0.49
2026-07-28,327.680,333.490,335.660,324.220,29511940,9794405888.000,3.51,2.19,7.150,0.50
2026-07-29,334.445,336.490,342.280,331.400,27501632,9247499008.000,3.26,0.90,3.000,0.47
2026-07-30,333.975,333.440,336.290,330.120,30168000,10057751552.000,1.83,-0.91,-3.050,0.51
2026-07-31,340.610,355.910,358.360,339.780,46498023,16372765440.000,5.57,6.74,22.470,0.79
2026-08-03,365.225,373.290,376.473,363.130,38669652,14389490688.000,3.75,4.88,17.380,0.66
2026-08-04,368.000,377.430,380.300,367.280,35705703,13446660096.000,3.49,1.11,4.140,0.61
2026-08-05,383.120,362.210,384.260,356.550,46926339,17183976704.000,7.34,-4.03,-15.220,0.80
2026-08-06,360.550,357.530,363.906,356.660,25235895,9064954880.000,2.00,-1.29,-4.680,0.43
2026-08-07,356.500,354.080,358.680,353.560,19859905,7056367360.000,1.43,-0.96,-3.450,0.34
2026-08-10,354.955,357.300,357.390,352.490,18991368,6750992896.000,1.38,0.91,3.220,0.32
2026-08-11,355.670,343.580,356.590,343.170,29081802,10097717504.000,3.76,-3.84,-13.720,0.50
2026-08-12,346.090,343.320,346.260,340.660,25011987,8583685632.000,1.63,-0.08,-0.260,0.43
2026-08-13,345.550,346.140,347.710,343.540,17866072,6181213952.000,1.21,0.82,2.820,0.30
2026-08-14,346.580,345.680,350.230,344.280,17808598,6162396672.000,1.72,-0.13,-0.460,0.30
2026-08-17,346.045,343.780,347.030,341.710,18291309,6292715264.000,1.54,-0.55,-1.900,0.31
2026-08-18,342.185,343.980,344.650,339.970,19248828,6610631424.000,1.36,0.06,0.200,0.33
2026-08-19,342.235,344.500,346.510,340.440,19733808,6794699264.000,1.76,0.15,0.520,0.34
2026-08-20,342.840,340.450,343.680,338.345,18570357,6329245696.000,1.55,-1.18,-4.050,0.32
2026-08-21,342.355,344.600,345.980,340.180,20849776,7175048704.000,1.70,1.22,4.150,0.36
2026-08-24,343.395,347.840,351.380,342.270,26338229,9184177408.000,2.64,0.94,3.240,0.45
2026-08-25,349.420,346.740,349.940,345.380,20649680,7166156032.000,1.31,-0.32,-1.100,0.35
2026-08-26,346.400,341.780,346.660,339.960,20420257,6990200320.000,1.93,-1.43,-4.960,0.35
2026-08-27,339.450,340.430,341.470,338.300,23391389,7966030848.000,0.93,-0.39,-1.350,0.40
2026-08-28,340.485,346.370,348.920,340.050,25347206,8776730624.000,2.61,1.74,5.940,0.43
2026-08-31,343.605,339.130,344.370,336.936,33493632,11362134528.000,2.15,-2.09,-7.240,0.57
2026-09-01,335.780,334.800,336.980,332.830,23342665,7827273728.000,1.22,-1.28,-4.330,0.40
2026-09-02,333.840,336.900,339.780,332.600,22582286,7613798656.000,2.14,0.63,2.100,0.38
2026-09-03,340.340,342.260,344.460,339.840,20726904,7098041344.000,1.37,1.59,5.360,0.35
2026-09-04,342.465,338.460,343.530,337.090,23189321,7860195840.000,1.88,-1.11,-3.800,0.40
2026-09-08,335.420,338.360,339.680,333.220,22915839,7726761728.000,1.91,-0.03,-0.100,0.39
2026-09-09,331.650,330.650,331.850,327.900,33151627,10946466560.000,1.17,-2.28,-7.710,0.56
2026-09-10,328.225,332.600,333.230,327.740,23557551,7804302848.000,1.66,0.59,1.950,0.40
2026-09-11,335.030,338.500,342.980,335.030,24708293,8376502528.000,2.39,1.77,5.900,0.42
2026-09-14,343.120,349.390,349.910,342.136,35905445,12457016064.000,2.30,3.22,10.890,0.61
2026-09-15,346.800,344.980,348.070,342.700,21928572,7563020544.000,1.54,-1.26,-4.410,0.37
2026-09-16,347.080,342.870,348.400,340.640,18928864,6515856896.000,2.25,-0.61,-2.110,0.32
2026-09-17,348.675,347.330,349.500,343.886,19238355,6668813312.000,1.64,1.30,4.460,0.33
2026-09-18,357.305,349.540,359.440,348.445,47631754,16757269248.000,3.17,0.64,2.210,0.81
