symbol,mode,leverage,entry_time,exit_time,entry_price,exit_price,margin,notional,coins,realized_pnl,pnl_on_margin,fees_paid,exit_reason,tp1_hit,tp2_hit,equity_before,equity_after
LOOMUSDT,TAKER,5.0,2023-10-16 20:17:00,2023-10-16 23:12:00,0.27973939999999997,0.32234371061999995,10000.0,50000.0,178737.78237888552,-7668.807499999996,-76.68807499999997,53.807500000000005,STOP_LOSS,False,False,50000.0,42331.192500000005
GASUSDT,TAKER,5.0,2023-11-10 11:33:00,2023-11-10 13:12:00,25.42405,24.5832766665,8466.238500000001,42331.192500000005,1665.005870425837,1358.261289742987,16.043267499999992,41.6312462320125,BREAK_EVEN,True,False,42331.192500000005,43689.45378974299
BIGTIMEUSDT,TAKER,5.0,2023-12-05 22:01:00,2023-12-06 22:02:00,0.7774420000000001,0.69914472846,8737.890757948599,43689.45378974299,56196.4156679765,4358.536576349093,49.88087740035274,41.489440781177855,TIME_EXIT,True,False,43689.45378974299,48047.99036609208
BAKEUSDT,TAKER,5.0,2023-12-27 02:16:00,2023-12-27 19:19:00,0.796903,0.7705494177900001,9609.598073218416,48047.99036609208,60293.39877763301,1541.6935245612735,16.04326749999997,47.25351684538875,BREAK_EVEN,True,False,48047.99036609208,49589.68389065336
AUCTIONUSDT,TAKER,5.0,2023-12-28 04:00:00,2023-12-29 04:01:00,39.46092,32.1326027316,9917.936778130672,49589.68389065336,1256.678351408263,9164.35264839069,92.40180547025007,44.98501505892855,TIME_EXIT,True,True,49589.68389065336,58754.03653904405
BAKEUSDT,TAKER,5.0,2023-12-28 07:00:00,2023-12-29 07:01:00,0.682632,0.64368888816,9917.936778130672,49589.68389065336,72644.8275068461,2780.840466127065,28.038497606265206,48.17517606955505,TIME_EXIT,True,False,49589.68389065336,61534.87700517112
TRBUSDT,TAKER,5.0,2024-01-01 02:46:00,2024-01-01 04:47:00,153.39759,148.32473169870002,12306.975401034224,61534.87700517112,401.14630878601884,1974.440984747118,16.043267499999995,60.51739781389062,BREAK_EVEN,True,False,61534.87700517112,63509.317989918236
ENAUSDT,TAKER,5.0,2024-06-19 08:43:00,2024-06-20 05:59:00,0.6387200000000001,0.6341658,12701.863597983647,63509.317989918236,99432.17370666056,389.551104507709,3.066881497369789,63.2829009871708,FINAL_BAR,False,False,63509.317989918236,63898.86909442594
LEVERUSDT,TAKER,5.0,2025-04-26 08:16:00,2025-04-27 08:17:00,0.0008653657999999999,0.000789616307454,12779.773818885189,63898.86909442594,73840298.62796281,5532.26296399411,43.28920873246489,61.1021865191693,TIME_EXIT,True,False,63898.86909442594,69431.13205842006
LEVERUSDT,TAKER,5.0,2025-06-30 12:27:00,2025-07-01 05:46:00,0.0003634716,0.000351451594188,13886.226411684012,69431.13205842006,191022165.30375427,2227.8044488821206,16.04326750000002,68.28308828983408,BREAK_EVEN,True,False,69431.13205842006,71658.93650730218
LEVERUSDT,TAKER,5.0,2025-08-30 14:30:00,2025-08-31 14:31:00,0.0001914164,0.000167816128332,14331.787301460436,71658.93650730218,374361530.71159095,8767.79240724799,61.17724344370178,67.24141959388123,TIME_EXIT,True,False,71658.93650730218,80426.72891455017
LEVERUSDT,TAKER,5.0,2025-09-03 06:53:00,2025-09-03 07:54:00,0.000207584,0.00023919904319999997,16085.345782910035,80426.72891455017,387441849.6346066,-12335.542038007376,-76.68807499999994,86.55122432139316,STOP_LOSS,False,False,80426.72891455017,68091.1868765428
BNTUSDT,TAKER,5.0,2026-04-19 23:15:00,2026-04-20 23:16:00,0.3066854,0.31653180000000003,13618.23737530856,68091.1868765428,222022.916241017,-2255.3106925733377,-16.560958884902956,69.18425009778056,FINAL_BAR,False,False,68091.1868765428,65835.87618396945
INJUSDT,TAKER,5.0,2026-05-13 15:19:00,2026-05-14 15:20:00,5.51395,5.1134507385,13167.17523679389,65835.87618396945,11939.875440286807,4718.466375701004,35.83506933602499,63.44492053585101,TIME_EXIT,True,False,65835.87618396945,70554.34255967045
MRVLUSDT,TAKER,5.0,2026-06-03 09:24:00,2026-06-03 22:00:00,326.11645999999996,294.31013026979997,14110.86851193409,70554.34255967045,216.3470760098109,6814.092696390888,48.289676079314006,67.1137393418041,TIME_EXIT,True,False,70554.34255967045,77368.43525606133
AVGOUSDT,TAKER,5.0,2026-06-04 13:48:00,2026-06-05 13:49:00,405.55726,401.98236,15473.687051212268,77368.43525606133,190.77068243350232,604.9586704317736,3.909596131998668,77.02744219974556,FINAL_BAR,False,False,77368.43525606133,77973.39392649311
SPCXUSDT,TAKER,5.0,2026-06-16 05:51:00,2026-06-17 05:52:00,207.85346,204.73866,15594.678785298624,77973.39392649313,375.13637697680434,1091.0856304743618,6.996525196164652,77.38915653298946,FINAL_BAR,False,False,77973.39392649311,79064.47955696748
KORUUSDT,TAKER,5.0,2026-06-23 06:06:00,2026-06-23 14:20:00,819.47776,792.3776304767999,15812.895911393496,79064.47955696748,96.48154399817693,2536.905190561423,16.04326750000001,77.75714838749302,BREAK_EVEN,True,False,79064.47955696748,81601.3847475289
KORUUSDT,TAKER,5.0,2026-06-25 14:04:00,2026-06-25 22:00:00,792.99084,816.18912,16320.27694950578,81601.38474752891,102.90331316756307,-2469.974846472234,-15.1343929647409,82.7949746834233,FINAL_BAR,False,False,81601.3847475289,79131.40990105666
SKHYNIXUSDT,TAKER,5.0,2026-06-25 14:11:00,2026-06-26 14:00:00,1852.5774199999998,1767.9789,16320.27694950578,81601.38474752891,44.0474896576948,3646.614226226126,22.344070737945135,79.73820853015077,FINAL_BAR,False,False,81601.3847475289,82778.02412728278
SKHYUSDT,TAKER,5.0,2026-07-15 09:45:00,2026-07-16 09:46:00,181.20686,164.8411852218,16555.604825456558,82778.02412728278,456.8150682997475,7397.046860868397,44.68001585477809,79.03998070649534,TIME_EXIT,True,False,82778.02412728278,90175.07098815119
KORUUSDT,TAKER,5.0,2026-07-15 10:39:00,2026-07-16 10:40:00,23.263379999999998,20.466315629399997,16555.604825456558,82778.02412728278,3558.2973810032245,9874.985193688333,59.6473840599539,77.80163071508109,TIME_EXIT,True,False,82778.02412728278,100050.05618183952
SOXSUSDT,TAKER,5.0,2026-07-17 17:15:00,2026-07-18 14:00:00,51.67644,55.13004,20010.011236367907,100050.05618183954,1936.0864676792662,-6789.861515071345,-33.93232235037864,103.3932902942281,FINAL_BAR,False,False,100050.05618183952,93260.19466676818
ONEUSDT,TAKER,5.0,2026-07-21 20:18:00,2026-07-22 20:19:00,0.0015089760000000002,0.00133599409488,18652.038933353637,93260.19466676819,61803630.188133,10602.994953455076,56.84630506799322,87.91473982013059,TIME_EXIT,True,False,93260.19466676818,103863.18962022325
NILUSDT,TAKER,5.0,2026-07-27 15:44:00,2026-07-28 15:45:00,0.040898040000000004,0.0366159683652,20772.63792404465,103863.18962022326,2539563.989380011,10776.1690315253,51.87674801307598,98.42589215838143,TIME_EXIT,True,False,103863.18962022325,114639.35865174854
SKHYNIXUSDT,TAKER,5.0,2026-07-31 13:50:00,2026-08-01 07:20:00,1137.46052,1091.1379200000001,22927.87173034971,114639.35865174855,100.78535178675787,4556.334497793857,19.87247029022157,112.3050388834099,FINAL_BAR,False,False,114639.35865174854,119195.69314954239
UAIUSDT,TAKER,5.0,2026-08-02 13:23:00,2026-08-03 09:59:00,0.5210558,0.417708065634,23839.13862990848,119195.6931495424,228758.02006146446,23534.24820980049,98.72105102100679,107.37488160384024,TIME_EXIT,True,True,119195.69314954239,142729.9413593429
PTBUSDT,TAKER,5.0,2026-08-04 02:13:00,2026-08-04 13:59:00,0.000885226,0.00080285369238,28545.98827186858,142729.9413593429,161235595.6098701,13145.258813551243,46.04940872376661,136.08926731890782,TIME_EXIT,True,False,142729.9413593429,155875.20017289414
龙虾USDT,TAKER,5.0,2026-08-11 06:22:00,2026-08-12 02:39:00,0.025502892,0.020380458137159996,31175.04003457883,155875.20017289414,6112059.768472303,31168.401040516503,99.97870413620973,140.22088920803188,TIME_EXIT,True,True,155875.20017289414,187043.60121341064
ONEUSDT,TAKER,5.0,2026-08-13 11:30:00,2026-08-13 17:19:00,0.000780436,0.0007565100000000001,37408.72024268213,187043.60121341067,239665521.85369545,5550.060793296034,14.83627549216077,184.17648257547492,FINAL_BAR,False,False,187043.60121341064,192593.66200670667
GASUSDT,TAKER,5.0,2026-08-27 05:22:00,2026-08-28 05:23:00,1.315364,1.2875699999999999,38518.73240134134,192593.6620067067,146418.5290206412,3878.997711890809,10.070418910658988,190.55888370890682,FINAL_BAR,False,False,192593.66200670667,196472.65971859748
VVVUSDT,TAKER,5.0,2026-09-09 13:49:00,2026-09-10 06:00:00,25.227444,23.514930849720002,39294.5319437195,196472.65971859748,7788.052555724531,13147.338328239777,33.45844237837049,189.8040885102225,TIME_EXIT,True,False,196472.65971859748,209619.99804683725
ARKUSDT,TAKER,5.0,2026-09-14 10:43:00,2026-09-15 06:40:00,0.167165,0.15202040895000002,41923.999609367456,209619.99804683728,1253970.6161387686,18790.747608176418,44.820980305461674,200.12456196176817,TIME_EXIT,True,False,209619.99804683725,228410.74565501366
BRUSDT,TAKER,5.0,2026-09-20 19:07:00,2026-09-20 22:39:00,1.1040075599999999,1.16134806,45682.149131002734,228410.74565501366,206892.37459117913,-12097.654607003147,-26.482236140665567,234.34240175763642,FINAL_BAR,False,False,228410.74565501366,216313.0910480105
BTWUSDT,TAKER,5.0,2026-09-21 20:51:00,2026-09-22 02:37:00,0.8021923999999999,0.7756638973319998,43262.61820960211,216313.09104801054,269652.38145862584,6940.737566870175,16.043267499999995,212.7363540875317,BREAK_EVEN,True,False,216313.0910480105,223253.82861488068
ONEUSDT,TAKER,5.0,2026-09-22 06:07:00,2026-09-22 14:02:00,0.003914156,0.0037847148610800005,44650.76572297614,223253.82861488068,57037539.795266375,7163.441785735361,16.043267499999978,219.56232655873362,BREAK_EVEN,True,False,223253.82861488068,230417.27040061605
PTBUSDT,TAKER,5.0,2026-09-22 07:03:00,2026-09-22 14:11:00,0.0009672616000000001,0.0009956874,44650.76572297614,223253.82861488068,230810184.76788563,-6787.498460864919,-15.201303608041478,226.53431068996815,FINAL_BAR,False,False,223253.82861488068,223629.77193975114
COTIUSDT,TAKER,5.0,2026-09-22 01:46:00,2026-09-22 14:54:00,0.014474991999999999,0.015376692,43262.61820960211,216313.09104801054,14943917.830697976,-13697.981264342372,-31.662395461082184,223.05055640198074,FINAL_BAR,False,False,216313.0910480105,209931.79067540876
