trade_id,symbol,direction,market_type,pullback_mode,formation_time,U,L,frozen_atr,breakout_time,breakout_price,confirm_time,confirm_price,low_distance_to_u,high_distance_to_l,entry_time,entry_price,units,nominal_size_usdt,initial_sl,final_sl,sl_updates,exit_time,exit_price,exit_reason,bars_held,gross_pnl_usdt,entry_fee_usdt,exit_fee_usdt,slippage_cost_usdt,net_pnl_usdt,net_r_multiple
1,BTCUSDT,LONG,spot,STRICT_SUPPORT,2024-01-05 12:15:00+00:00,43843.7306,43764.9207,220.3698,2024-01-05 12:15:00+00:00,43926.04,2024-01-05 12:30:00+00:00,43914.0,12.399423,0.0,2024-01-05 12:45:00+00:00,43935.947,0.225328,9900.0,43720.8467,43720.8467,0,2024-01-05 14:15:00+00:00,43655.2655,STOP_LOSS,6,-63.25,7.92,7.8694,19.7051,-79.03,-1.631
2,BTCUSDT,LONG,spot,STRICT_SUPPORT,2024-01-05 21:00:00+00:00,43703.0805,43662.9625,239.3107,2024-01-05 21:00:00+00:00,43754.68,2024-01-05 21:15:00+00:00,43788.77,12.529544,0.0,2024-01-05 21:30:00+00:00,43810.6644,0.224186,9821.76,43615.1004,43975.6113,8,2024-01-06 00:45:00+00:00,43909.6478,TRAILING_STOP,13,22.19,7.8574,7.8752,19.6768,6.46,0.147
3,ETHUSDT,LONG,spot,STRICT_SUPPORT,2024-01-07 06:45:00+00:00,2245.7876,2243.5601,4.4797,2024-01-07 06:45:00+00:00,2249.59,2024-01-07 07:30:00+00:00,2249.09,0.272437,0.0,2024-01-07 07:45:00+00:00,2250.2245,4.36763,9828.15,2242.6641,2242.6641,0,2024-01-07 08:30:00+00:00,2239.3001,STOP_LOSS,3,-47.71,7.8625,7.8243,19.5847,-63.4,-1.92
4,ETHUSDT,LONG,spot,STRICT_SUPPORT,2024-01-07 13:45:00+00:00,2242.933,2242.6763,6.02,2024-01-07 13:45:00+00:00,2252.09,2024-01-07 14:30:00+00:00,2248.38,0.527043,0.0,2024-01-07 14:45:00+00:00,2249.5042,4.341127,9765.38,2241.4723,2241.4723,0,2024-01-07 15:15:00+00:00,2238.1101,STOP_LOSS,2,-49.46,7.8123,7.7727,19.4566,-65.05,-1.866
5,SOLUSDT,LONG,spot,STRICT_SUPPORT,2024-01-10 02:00:00+00:00,99.2614,98.8987,1.2611,2024-01-10 02:00:00+00:00,99.61,2024-01-10 02:15:00+00:00,99.45,0.118606,0.0,2024-01-10 02:30:00+00:00,99.4897,58.102908,5780.64,98.6465,98.6465,0,2024-01-10 02:45:00+00:00,98.4221,STOP_LOSS,1,-62.03,4.6245,4.5749,11.4682,-71.23,-1.454
6,SOLUSDT,LONG,spot,STRICT_SUPPORT,2024-01-10 03:00:00+00:00,99.2461,98.9875,1.0804,2024-01-10 03:00:00+00:00,99.7,2024-01-10 03:15:00+00:00,99.53,0.103868,0.0,2024-01-10 03:30:00+00:00,99.5698,60.926359,6066.42,98.7714,98.7714,0,2024-01-10 04:30:00+00:00,98.6233,STOP_LOSS,4,-57.67,4.8531,4.807,12.0463,-67.33,-1.384
7,BTCUSDT,LONG,spot,STRICT_SUPPORT,2024-01-11 09:00:00+00:00,46200.6908,46131.743,159.0015,2024-01-11 09:00:00+00:00,46276.35,2024-01-11 09:45:00+00:00,46220.12,11.249151,0.0,2024-01-11 10:00:00+00:00,46243.2301,0.206815,9563.82,46099.9427,47016.8799,8,2024-01-11 13:30:00+00:00,46946.3546,TRAILING_STOP,14,145.42,7.6511,7.7674,19.3458,130.0,4.387
8,BTCUSDT,LONG,spot,STRICT_SUPPORT,2024-01-11 19:45:00+00:00,46664.3064,46526.4988,306.2564,2024-01-11 19:45:00+00:00,46692.3,2024-01-11 20:00:00+00:00,46953.32,27.983558,0.0,2024-01-11 20:15:00+00:00,46976.7867,0.095696,4495.48,46465.2475,46465.2475,0,2024-01-11 20:30:00+00:00,46395.5497,STOP_LOSS,1,-55.62,3.5964,3.5519,8.9075,-62.77,-1.282
9,BNBUSDT,LONG,spot,STRICT_SUPPORT,2024-01-12 01:45:00+00:00,308.3928,307.6526,1.6966,2024-01-12 01:45:00+00:00,308.4,2024-01-12 02:00:00+00:00,309.5,0.007191,0.0,2024-01-12 02:15:00+00:00,309.7548,19.921567,6170.8,307.3133,309.6173,1,2024-01-12 04:45:00+00:00,309.1529,TRAILING_STOP,10,-11.99,4.9366,4.927,12.3236,-21.85,-0.449
10,SOLUSDT,LONG,spot,STRICT_SUPPORT,2024-01-16 03:30:00+00:00,95.4017,95.2355,0.5312,2024-01-16 03:30:00+00:00,95.93,2024-01-16 03:45:00+00:00,96.19,0.038279,0.0,2024-01-16 04:00:00+00:00,96.2381,43.765694,4211.93,95.1293,97.0286,2,2024-01-16 08:00:00+00:00,96.8831,TRAILING_STOP,16,28.23,3.3695,3.3921,8.4662,21.47,0.442
11,ETHUSDT,LONG,spot,STRICT_SUPPORT,2024-01-16 08:45:00+00:00,2530.4663,2526.4373,8.7213,2024-01-16 08:45:00+00:00,2544.02,2024-01-16 10:15:00+00:00,2531.65,0.463678,0.0,2024-01-16 10:30:00+00:00,2532.9258,3.801923,9629.99,2524.693,2524.693,0,2024-01-16 11:30:00+00:00,2520.906,STOP_LOSS,4,-45.7,7.704,7.6674,19.1914,-61.07,-1.951
12,SOLUSDT,LONG,spot,STRICT_SUPPORT,2024-01-26 08:15:00+00:00,87.5076,87.2948,0.4746,2024-01-26 08:15:00+00:00,87.78,2024-01-26 08:30:00+00:00,87.78,0.032392,0.0,2024-01-26 08:45:00+00:00,87.8139,78.71903,6912.62,87.1999,87.561,1,2024-01-26 10:00:00+00:00,87.3388,TRAILING_STOP,5,-37.4,5.5301,5.5002,13.7691,-48.43,-1.002
13,BTCUSDT,LONG,spot,STRICT_SUPPORT,2024-02-06 04:30:00+00:00,42782.635,42750.0729,95.7908,2024-02-06 04:30:00+00:00,42836.01,2024-02-06 04:45:00+00:00,42826.18,1.624952,0.0,2024-02-06 05:00:00+00:00,42847.5931,0.22222,9521.59,42730.9148,42730.9148,0,2024-02-06 06:15:00+00:00,42666.8184,STOP_LOSS,5,-40.17,7.6173,7.5851,18.9829,-55.37,-2.136
14,BNBUSDT,LONG,spot,STRICT_SUPPORT,2024-02-06 13:30:00+00:00,302.6129,302.2952,0.8805,2024-02-06 13:30:00+00:00,303.7,2024-02-06 14:00:00+00:00,302.8,0.087103,0.0,2024-02-06 14:15:00+00:00,302.9514,31.248461,9466.76,302.1191,302.1191,0,2024-02-06 14:45:00+00:00,301.6659,STOP_LOSS,2,-40.17,7.5734,7.5413,18.8733,-55.28,-2.126
15,BTCUSDT,LONG,spot,STRICT_SUPPORT,2024-02-07 15:15:00+00:00,43061.8569,43016.6129,142.9777,2024-02-07 15:15:00+00:00,43171.1,2024-02-07 15:30:00+00:00,43080.37,4.863107,0.0,2024-02-07 15:45:00+00:00,43101.9202,0.218367,9412.03,42988.0174,43378.2074,3,2024-02-07 17:45:00+00:00,43313.1401,TRAILING_STOP,8,46.12,7.5296,7.5665,18.8933,31.03,1.247
16,BTCUSDT,LONG,spot,STRICT_SUPPORT,2024-02-13 23:00:00+00:00,49380.2774,49357.9416,191.094,2024-02-13 23:00:00+00:00,49451.27,2024-02-14 00:30:00+00:00,49461.17,0.822636,0.0,2024-02-14 00:45:00+00:00,49485.9106,0.190817,9442.75,49319.7228,49319.7228,0,2024-02-14 04:30:00+00:00,49245.7432,STOP_LOSS,15,-45.83,7.5542,7.5175,18.8168,-60.9,-1.92
17,BNBUSDT,LONG,spot,STRICT_SUPPORT,2024-02-19 21:45:00+00:00,352.8161,352.7013,0.8968,2024-02-19 21:45:00+00:00,353.6,2024-02-19 22:30:00+00:00,353.3,0.083873,0.0,2024-02-19 22:45:00+00:00,353.4767,26.543364,9382.46,352.522,352.522,0,2024-02-19 23:15:00+00:00,351.9932,STOP_LOSS,2,-39.38,7.506,7.4745,18.7059,-54.36,-2.145
18,BTCUSDT,LONG,spot,STRICT_SUPPORT,2024-02-22 20:15:00+00:00,51598.72,51548.5525,159.0679,2024-02-22 20:15:00+00:00,51915.19,2024-02-22 21:15:00+00:00,51713.1,12.679952,0.0,2024-02-22 21:30:00+00:00,51738.9565,0.180302,9328.65,51516.7389,51516.7389,0,2024-02-22 22:00:00+00:00,51439.4638,STOP_LOSS,2,-54.0,7.4629,7.4197,18.5763,-68.88,-1.719
19,BNBUSDT,LONG,spot,STRICT_SUPPORT,2024-02-25 07:00:00+00:00,380.3793,380.0099,1.1418,2024-02-25 07:00:00+00:00,380.8,2024-02-25 07:30:00+00:00,381.0,0.020733,0.0,2024-02-25 07:45:00+00:00,381.1905,24.293505,9260.45,379.7815,379.7815,0,2024-02-25 08:45:00+00:00,379.2119,STOP_LOSS,4,-48.07,7.4084,7.3699,18.4488,-62.85,-1.836
20,SOLUSDT,LONG,spot,STRICT_SUPPORT,2024-02-25 19:45:00+00:00,103.1043,102.9315,0.4126,2024-02-25 19:45:00+00:00,103.36,2024-02-25 21:15:00+00:00,103.32,0.025726,0.0,2024-02-25 21:30:00+00:00,103.3717,88.876366,9187.3,102.849,103.1815,5,2024-02-26 00:00:00+00:00,103.0268,TRAILING_STOP,10,-30.65,7.3498,7.3253,18.3286,-45.33,-0.976
21,BTCUSDT,LONG,spot,STRICT_SUPPORT,2024-03-01 17:30:00+00:00,61820.8187,61725.6875,320.8253,2024-03-01 17:30:00+00:00,62036.61,2024-03-01 18:00:00+00:00,62002.08,2.001278,0.0,2024-03-01 18:15:00+00:00,62033.071,0.124423,7718.33,61661.5225,62498.2545,9,2024-03-01 21:00:00+00:00,62404.5071,TRAILING_STOP,11,46.22,6.1747,6.2116,15.506,33.83,0.732
22,BTCUSDT,LONG,spot,STRICT_SUPPORT,2024-03-02 12:30:00+00:00,62016.0803,61959.5812,154.4717,2024-03-02 12:30:00+00:00,62073.77,2024-03-02 12:45:00+00:00,62078.66,0.30974,0.0,2024-03-02 13:00:00+00:00,62109.6993,0.147913,9186.85,61928.6869,61928.6869,0,2024-03-02 13:15:00+00:00,61835.7938,STOP_LOSS,1,-40.51,7.3495,7.3171,18.3129,-55.18,-2.061
23,SOLUSDT,LONG,spot,STRICT_SUPPORT,2024-03-03 09:45:00+00:00,129.1847,128.7269,1.6282,2024-03-03 09:45:00+00:00,129.93,2024-03-03 10:00:00+00:00,129.38,0.065306,0.0,2024-03-03 10:15:00+00:00,129.4347,44.629542,5776.61,128.4012,128.4012,0,2024-03-03 12:00:00+00:00,128.2086,STOP_LOSS,7,-54.72,4.6213,4.5775,11.4711,-63.92,-1.386
24,ETHUSDT,LONG,spot,STRICT_SUPPORT,2024-03-03 14:00:00+00:00,3418.3932,3416.0162,11.484,2024-03-03 14:00:00+00:00,3426.29,2024-03-03 14:30:00+00:00,3427.01,0.406816,0.0,2024-03-03 14:45:00+00:00,3428.7235,2.644992,9068.94,3413.7194,3457.1869,7,2024-03-03 18:30:00+00:00,3452.0011,TRAILING_STOP,15,61.57,7.2552,7.3044,18.2302,47.01,1.185
25,SOLUSDT,LONG,spot,STRICT_SUPPORT,2024-03-06 17:45:00+00:00,128.9208,128.7729,1.3249,2024-03-06 17:45:00+00:00,129.95,2024-03-06 18:00:00+00:00,129.24,0.119226,0.0,2024-03-06 18:15:00+00:00,129.3146,57.071772,7380.21,128.508,128.508,0,2024-03-06 18:30:00+00:00,128.3152,STOP_LOSS,1,-57.04,5.9042,5.8585,14.6749,-68.8,-1.494
26,BNBUSDT,LONG,spot,STRICT_SUPPORT,2024-03-11 21:30:00+00:00,520.2257,519.6004,1.9263,2024-03-11 21:30:00+00:00,521.7,2024-03-11 22:30:00+00:00,520.9,0.074281,0.0,2024-03-11 22:45:00+00:00,521.1604,17.360048,9047.37,519.2151,527.6397,8,2024-03-12 03:15:00+00:00,526.8482,TRAILING_STOP,18,98.74,7.2379,7.3169,18.2429,84.18,2.493
27,SOLUSDT,LONG,spot,STRICT_SUPPORT,2024-03-17 08:30:00+00:00,185.1206,184.2394,3.2248,2024-03-17 08:30:00+00:00,186.6,2024-03-17 08:45:00+00:00,186.69,0.319392,0.0,2024-03-17 09:00:00+00:00,186.7833,14.460967,2701.07,183.5944,189.8948,8,2024-03-17 12:30:00+00:00,189.61,TRAILING_STOP,14,40.88,2.1609,2.1936,5.4634,36.52,0.792
28,BNBUSDT,LONG,spot,STRICT_SUPPORT,2024-03-23 10:15:00+00:00,554.1195,553.054,3.5006,2024-03-23 10:15:00+00:00,556.6,2024-03-23 10:45:00+00:00,555.3,0.280531,0.0,2024-03-23 11:00:00+00:00,555.4776,14.821035,8232.75,552.3538,552.3538,0,2024-03-23 11:45:00+00:00,551.5253,STOP_LOSS,3,-58.58,6.5862,6.5393,16.3776,-71.7,-1.549
29,BNBUSDT,LONG,spot,STRICT_SUPPORT,2024-03-23 12:30:00+00:00,554.7048,553.7434,2.8365,2024-03-23 12:30:00+00:00,554.9,2024-03-23 12:45:00+00:00,558.0,0.095208,0.0,2024-03-23 13:00:00+00:00,558.279,9.002419,5025.86,553.1761,561.1171,6,2024-03-23 15:15:00+00:00,560.2754,TRAILING_STOP,9,17.97,4.0207,4.0351,10.0787,9.92,0.216
30,BNBUSDT,LONG,spot,STRICT_SUPPORT,2024-03-24 00:45:00+00:00,558.3352,557.6383,2.8382,2024-03-24 00:45:00+00:00,560.6,2024-03-24 01:00:00+00:00,559.9,0.064801,0.0,2024-03-24 01:15:00+00:00,560.1799,14.79054,8285.36,557.0706,557.0706,0,2024-03-24 01:45:00+00:00,556.235,STOP_LOSS,2,-58.35,6.6283,6.5816,16.4832,-71.56,-1.556
31,ETHUSDT,LONG,spot,STRICT_SUPPORT,2024-03-27 01:15:00+00:00,3597.5271,3592.276,14.8582,2024-03-27 01:15:00+00:00,3614.12,2024-03-27 01:45:00+00:00,3606.18,1.272907,0.0,2024-03-27 02:00:00+00:00,3607.9831,2.442915,8814.0,3589.3043,3589.3043,0,2024-03-27 04:45:00+00:00,3583.9204,STOP_LOSS,11,-58.78,7.0512,7.0042,17.5398,-72.84,-1.596
32,SOLUSDT,LONG,spot,STRICT_SUPPORT,2024-03-28 20:00:00+00:00,186.1878,185.8933,0.9219,2024-03-28 20:00:00+00:00,186.48,2024-03-28 20:15:00+00:00,187.03,0.052198,0.0,2024-03-28 20:30:00+00:00,187.1335,31.77584,5946.32,185.709,187.0935,3,2024-03-28 21:45:00+00:00,186.8129,TRAILING_STOP,5,-10.19,4.7571,4.7489,11.8774,-19.69,-0.435
33,ETHUSDT,LONG,spot,STRICT_SUPPORT,2024-03-28 22:45:00+00:00,3563.6776,3559.3783,11.7984,2024-03-28 22:45:00+00:00,3566.69,2024-03-28 23:00:00+00:00,3577.12,0.572382,0.0,2024-03-28 23:15:00+00:00,3578.8986,2.064353,7388.11,3557.0186,3557.0186,0,2024-03-29 00:00:00+00:00,3551.6831,STOP_LOSS,3,-56.18,5.9105,5.8655,14.6919,-67.96,-1.505
34,ETHUSDT,LONG,spot,STRICT_SUPPORT,2024-04-06 14:30:00+00:00,3329.714,3325.346,10.0735,2024-04-06 14:30:00+00:00,3333.41,2024-04-06 14:45:00+00:00,3335.05,0.486018,0.0,2024-04-06 15:00:00+00:00,3336.7175,2.660091,8875.97,3323.3313,3336.7216,1,2024-04-06 15:30:00+00:00,3331.7165,TRAILING_STOP,2,-13.3,7.1008,7.0901,17.732,-27.49,-0.772
35,BTCUSDT,LONG,spot,STRICT_SUPPORT,2024-04-11 19:15:00+00:00,70236.5246,70150.4348,250.8926,2024-04-11 19:15:00+00:00,70313.8,2024-04-11 19:45:00+00:00,70459.67,5.245422,0.0,2024-04-11 20:00:00+00:00,70494.8998,0.113243,7983.06,70100.2563,70100.2563,0,2024-04-11 21:45:00+00:00,69995.1059,STOP_LOSS,7,-56.6,6.3865,6.3412,15.8812,-69.33,-1.551
36,SOLUSDT,LONG,spot,STRICT_SUPPORT,2024-04-19 04:00:00+00:00,136.9994,136.0331,2.4042,2024-04-19 04:00:00+00:00,137.84,2024-04-19 05:30:00+00:00,138.49,0.000642,0.0,2024-04-19 05:45:00+00:00,138.5492,14.796445,2050.04,135.5523,142.7319,7,2024-04-19 08:30:00+00:00,142.5178,TRAILING_STOP,11,58.72,1.64,1.687,4.1882,55.39,1.249
37,SOLUSDT,LONG,spot,STRICT_SUPPORT,2024-04-20 05:00:00+00:00,143.0871,142.5054,1.2378,2024-04-20 05:00:00+00:00,144.04,2024-04-20 05:15:00+00:00,144.19,0.112904,0.0,2024-04-20 05:30:00+00:00,144.2621,22.263094,3211.72,142.2578,142.2578,0,2024-04-20 08:00:00+00:00,142.0444,STOP_LOSS,10,-49.37,2.5694,2.5299,6.3494,-54.47,-1.221
39,BTCUSDT,LONG,spot,STRICT_SUPPORT,2024-04-20 15:00:00+00:00,63855.3921,63834.2519,157.9123,2024-04-20 15:00:00+00:00,63858.94,2024-04-20 15:15:00+00:00,63955.2,3.537942,0.0,2024-04-20 15:30:00+00:00,63987.1776,0.137159,8776.41,63802.6695,64458.5884,1,2024-04-20 16:00:00+00:00,64361.9005,TRAILING_STOP,2,51.4,7.0211,7.0622,17.6299,37.31,1.474
38,SOLUSDT,LONG,spot,STRICT_SUPPORT,2024-04-20 13:15:00+00:00,142.4466,142.0793,0.8687,2024-04-20 13:15:00+00:00,142.61,2024-04-20 13:30:00+00:00,142.93,0.043412,0.0,2024-04-20 13:45:00+00:00,142.9915,40.840071,5839.78,141.9055,150.333,22,2024-04-20 21:45:00+00:00,150.1075,TRAILING_STOP,32,290.62,4.6718,4.9043,12.1155,281.04,6.337
40,SOLUSDT,LONG,spot,STRICT_SUPPORT,2024-04-22 00:00:00+00:00,149.3114,149.1231,0.9442,2024-04-22 00:00:00+00:00,149.82,2024-04-22 00:15:00+00:00,149.65,0.0886,0.0,2024-04-22 00:30:00+00:00,149.7148,58.858682,8812.02,148.9343,148.9343,0,2024-04-22 00:45:00+00:00,148.3971,STOP_LOSS,1,-77.56,7.0496,6.9876,17.5077,-91.6,-1.994
41,SOLUSDT,LONG,spot,STRICT_SUPPORT,2024-04-22 01:00:00+00:00,149.2872,149.1307,1.016,2024-04-22 01:00:00+00:00,149.39,2024-04-22 01:15:00+00:00,149.64,0.022763,0.0,2024-04-22 01:30:00+00:00,149.7148,57.769646,8648.97,148.9275,148.9275,0,2024-04-22 01:45:00+00:00,148.7041,STOP_LOSS,1,-58.39,6.9192,6.8725,17.2104,-72.18,-1.587
42,BTCUSDT,LONG,spot,STRICT_SUPPORT,2024-04-23 14:15:00+00:00,66313.582,66254.0978,258.7708,2024-04-23 14:15:00+00:00,66733.46,2024-04-23 15:45:00+00:00,66419.56,14.858017,0.0,2024-04-23 16:00:00+00:00,66452.7698,0.134442,8934.07,66202.3437,66563.577,10,2024-04-23 19:15:00+00:00,66463.7316,TRAILING_STOP,13,1.47,7.1473,7.1484,17.8703,-12.82,-0.381
43,BNBUSDT,LONG,spot,STRICT_SUPPORT,2024-04-24 22:00:00+00:00,605.4291,605.0921,3.1204,2024-04-24 22:00:00+00:00,608.6,2024-04-24 22:30:00+00:00,606.5,0.170891,0.0,2024-04-24 22:45:00+00:00,606.8032,14.702252,8921.37,604.468,604.468,0,2024-04-24 23:00:00+00:00,603.5613,STOP_LOSS,1,-47.66,7.1371,7.099,17.7713,-61.9,-1.803
44,BNBUSDT,LONG,spot,STRICT_SUPPORT,2024-04-24 23:15:00+00:00,605.7863,605.3862,3.3768,2024-04-24 23:15:00+00:00,607.9,2024-04-25 00:15:00+00:00,606.4,0.113703,0.0,2024-04-25 00:30:00+00:00,606.7032,14.603669,8860.09,604.7109,604.7109,0,2024-04-25 01:45:00+00:00,603.8038,STOP_LOSS,5,-42.34,7.0881,7.0542,17.6567,-56.48,-1.941
45,BNBUSDT,LONG,spot,STRICT_SUPPORT,2024-04-25 15:00:00+00:00,607.6758,607.0012,2.9805,2024-04-25 15:00:00+00:00,608.2,2024-04-25 15:15:00+00:00,609.3,0.024224,0.0,2024-04-25 15:30:00+00:00,609.7047,13.47601,8216.39,606.4051,614.7093,16,2024-04-25 21:30:00+00:00,613.7872,TRAILING_STOP,24,55.02,6.5731,6.6171,16.5153,41.83,0.941
46,SOLUSDT,LONG,spot,STRICT_SUPPORT,2024-05-05 07:45:00+00:00,145.3394,145.1235,0.6639,2024-05-05 07:45:00+00:00,145.64,2024-05-05 08:00:00+00:00,145.67,0.060584,0.0,2024-05-05 08:15:00+00:00,145.7328,60.200718,8773.22,144.9907,145.3607,1,2024-05-05 09:00:00+00:00,145.1427,TRAILING_STOP,3,-35.53,7.0186,6.9902,17.4931,-49.54,-1.109
47,BTCUSDT,LONG,spot,STRICT_SUPPORT,2024-05-07 07:30:00+00:00,63623.7659,63539.1839,199.8621,2024-05-07 07:30:00+00:00,63770.14,2024-05-07 07:45:00+00:00,63669.69,18.454116,0.0,2024-05-07 08:00:00+00:00,63701.5248,0.13809,8796.54,63499.2115,64024.9375,7,2024-05-07 10:00:00+00:00,63928.9001,TRAILING_STOP,8,31.4,7.0372,7.0623,17.6402,17.3,0.619
48,BNBUSDT,LONG,spot,STRICT_SUPPORT,2024-05-07 14:45:00+00:00,591.9866,590.9643,2.7041,2024-05-07 14:45:00+00:00,594.5,2024-05-07 15:15:00+00:00,593.6,0.113373,0.0,2024-05-07 15:30:00+00:00,593.8968,12.815831,7611.28,590.4235,590.4235,0,2024-05-07 18:15:00+00:00,589.5378,STOP_LOSS,11,-55.86,6.089,6.0443,15.1388,-68.0,-1.528
49,BNBUSDT,LONG,spot,STRICT_SUPPORT,2024-05-08 21:45:00+00:00,585.6224,584.7621,3.0735,2024-05-08 21:45:00+00:00,587.4,2024-05-08 22:00:00+00:00,587.1,0.177624,0.0,2024-05-08 22:15:00+00:00,587.3936,13.60818,7993.36,584.1475,586.7392,3,2024-05-09 01:15:00+00:00,585.8591,TRAILING_STOP,12,-20.88,6.3947,6.378,15.9554,-33.65,-0.762
50,BTCUSDT,LONG,spot,STRICT_SUPPORT,2024-05-17 03:30:00+00:00,65432.2398,65386.3589,196.2312,2024-05-17 03:30:00+00:00,65814.71,2024-05-17 04:30:00+00:00,65490.89,7.830173,0.0,2024-05-17 04:45:00+00:00,65523.6454,0.132975,8713.03,65347.1126,66091.8715,6,2024-05-17 07:45:00+00:00,65992.7337,TRAILING_STOP,12,62.38,6.9704,7.0203,17.5196,48.39,2.061
51,BTCUSDT,LONG,spot,STRICT_SUPPORT,2024-05-20 07:45:00+00:00,66804.4193,66708.4726,201.4036,2024-05-20 07:45:00+00:00,66825.14,2024-05-20 08:30:00+00:00,66845.2,16.980682,0.0,2024-05-20 08:45:00+00:00,66878.6126,0.130998,8760.93,66668.1919,67019.4738,6,2024-05-20 11:45:00+00:00,66918.9446,TRAILING_STOP,12,5.28,7.0087,7.013,17.5298,-8.74,-0.317
52,BTCUSDT,LONG,spot,STRICT_SUPPORT,2024-05-22 14:45:00+00:00,69924.6817,69833.6774,296.5313,2024-05-22 14:45:00+00:00,70114.63,2024-05-22 15:00:00+00:00,69972.64,8.658255,0.0,2024-05-22 15:15:00+00:00,70007.6163,0.125019,8752.28,69774.3711,70114.8753,7,2024-05-22 17:30:00+00:00,70009.703,TRAILING_STOP,9,0.26,7.0018,7.002,17.505,-13.74,-0.471
53,ETHUSDT,LONG,spot,STRICT_SUPPORT,2024-05-23 22:00:00+00:00,3794.4109,3787.6692,69.5737,2024-05-23 22:00:00+00:00,3822.19,2024-05-23 22:15:00+00:00,3806.6,1.569075,0.0,2024-05-23 22:30:00+00:00,3808.5033,1.270108,4837.21,3773.7545,3773.7545,0,2024-05-23 23:00:00+00:00,3768.0939,STOP_LOSS,2,-51.32,3.8698,3.8287,9.5974,-59.02,-1.337
54,ETHUSDT,LONG,spot,STRICT_SUPPORT,2024-05-24 00:30:00+00:00,3790.8478,3785.3562,39.815,2024-05-24 00:30:00+00:00,3812.79,2024-05-24 02:30:00+00:00,3797.59,3.192172,0.0,2024-05-24 02:45:00+00:00,3799.4888,1.984085,7538.51,3777.3932,3797.7793,8,2024-05-24 05:15:00+00:00,3792.0827,TRAILING_STOP,10,-14.69,6.0308,6.0191,15.055,-26.74,-0.61
55,ETHUSDT,LONG,spot,STRICT_SUPPORT,2024-05-25 14:45:00+00:00,3743.12,3741.0098,11.3655,2024-05-25 14:45:00+00:00,3747.95,2024-05-25 15:30:00+00:00,3751.21,0.419967,0.0,2024-05-25 15:45:00+00:00,3753.0856,2.305774,8653.77,3738.7367,3738.7367,0,2024-05-25 17:15:00+00:00,3733.1286,STOP_LOSS,6,-46.02,6.923,6.8862,17.2385,-59.83,-1.808
56,ETHUSDT,LONG,spot,STRICT_SUPPORT,2024-05-26 03:30:00+00:00,3746.6889,3745.1902,9.1348,2024-05-26 03:30:00+00:00,3752.79,2024-05-26 04:30:00+00:00,3753.67,0.311093,0.0,2024-05-26 04:45:00+00:00,3755.5568,2.288486,8594.54,3743.3632,3743.3632,0,2024-05-26 05:00:00+00:00,3737.7482,STOP_LOSS,1,-40.75,6.8756,6.843,17.1279,-54.47,-1.952
57,BNBUSDT,LONG,spot,STRICT_SUPPORT,2024-06-02 14:45:00+00:00,600.6131,600.0396,1.274,2024-06-02 14:45:00+00:00,601.6,2024-06-02 15:15:00+00:00,601.3,0.08692,0.0,2024-06-02 15:30:00+00:00,601.6006,14.196478,8540.61,599.7848,599.7848,0,2024-06-02 16:30:00+00:00,598.8851,STOP_LOSS,4,-38.55,6.8325,6.8016,17.0234,-52.18,-2.024
58,SOLUSDT,LONG,spot,STRICT_SUPPORT,2024-06-04 12:15:00+00:00,165.51,165.4282,0.4363,2024-06-04 12:15:00+00:00,165.88,2024-06-04 12:30:00+00:00,165.75,0.019953,0.0,2024-06-04 12:45:00+00:00,165.8329,51.189774,8488.95,165.3409,165.3409,0,2024-06-04 13:00:00+00:00,165.0929,STOP_LOSS,1,-37.88,6.7912,6.7609,16.9211,-51.43,-2.042
59,BTCUSDT,LONG,spot,STRICT_SUPPORT,2024-06-06 11:15:00+00:00,71000.1089,70959.065,112.9019,2024-06-06 11:15:00+00:00,71010.28,2024-06-06 11:30:00+00:00,71131.15,0.83106,0.0,2024-06-06 11:45:00+00:00,71166.7256,0.118567,8438.03,70936.4846,71118.8988,1,2024-06-06 12:30:00+00:00,71012.2204,TRAILING_STOP,3,-18.32,6.7504,6.7358,16.8486,-31.81,-1.165
60,SOLUSDT,LONG,spot,STRICT_SUPPORT,2024-06-06 11:45:00+00:00,172.9337,172.7813,0.4239,2024-06-06 11:45:00+00:00,173.08,2024-06-06 12:00:00+00:00,173.21,0.026258,0.0,2024-06-06 12:15:00+00:00,173.2966,48.65271,8431.35,172.6966,172.6966,0,2024-06-06 12:30:00+00:00,172.4375,STOP_LOSS,1,-41.8,6.7451,6.7116,16.8,-55.25,-1.893
61,BTCUSDT,LONG,spot,STRICT_SUPPORT,2024-06-17 18:30:00+00:00,66146.6916,66038.9946,369.265,2024-06-17 18:30:00+00:00,66810.0,2024-06-17 20:00:00+00:00,66234.49,17.318377,0.0,2024-06-17 20:15:00+00:00,66267.6172,0.126032,8351.84,65965.1416,66356.0782,14,2024-06-18 00:15:00+00:00,66256.5441,TRAILING_STOP,16,-1.4,6.6815,6.6804,16.7016,-14.76,-0.387
62,SOLUSDT,LONG,spot,STRICT_SUPPORT,2024-06-26 20:45:00+00:00,136.7281,136.5297,0.8211,2024-06-26 20:45:00+00:00,137.12,2024-06-26 21:00:00+00:00,136.76,0.001909,0.0,2024-06-26 21:15:00+00:00,136.8284,60.932053,8337.23,136.3655,137.1547,5,2024-06-26 23:15:00+00:00,136.949,TRAILING_STOP,8,7.35,6.6698,6.6757,16.6855,-6.0,-0.213
63,ETHUSDT,LONG,spot,STRICT_SUPPORT,2024-06-27 04:30:00+00:00,3381.3502,3379.1342,7.4257,2024-06-27 04:30:00+00:00,3386.62,2024-06-27 04:45:00+00:00,3385.44,0.239835,0.0,2024-06-27 05:00:00+00:00,3387.1427,2.459682,8331.3,3377.649,3377.649,0,2024-06-27 05:15:00+00:00,3372.5826,STOP_LOSS,1,-35.81,6.665,6.6364,16.6089,-49.11,-2.103
64,SOLUSDT,LONG,spot,STRICT_SUPPORT,2024-06-27 03:45:00+00:00,136.8709,136.7936,0.6671,2024-06-27 03:45:00+00:00,137.52,2024-06-27 04:45:00+00:00,136.98,0.049123,0.0,2024-06-27 05:00:00+00:00,137.0485,60.742713,8324.7,136.6602,136.6602,0,2024-06-27 05:15:00+00:00,136.3252,STOP_LOSS,1,-43.93,6.6598,6.6246,16.5835,-57.22,-2.426
65,ETHUSDT,LONG,spot,STRICT_SUPPORT,2024-07-08 19:30:00+00:00,2989.9233,2984.3342,20.0069,2024-07-08 19:30:00+00:00,2995.46,2024-07-08 19:45:00+00:00,3004.59,0.726741,0.0,2024-07-08 20:00:00+00:00,3006.1023,1.612198,4846.43,2980.3328,3017.4137,6,2024-07-08 23:45:00+00:00,3012.8875,TRAILING_STOP,15,10.94,3.8771,3.8859,9.7093,3.18,0.076
66,BNBUSDT,LONG,spot,STRICT_SUPPORT,2024-07-08 19:15:00+00:00,505.5239,504.6637,3.0178,2024-07-08 19:15:00+00:00,507.0,2024-07-08 19:45:00+00:00,507.4,0.076088,0.0,2024-07-08 20:00:00+00:00,507.7537,11.247911,5711.17,504.0601,509.186,11,2024-07-09 00:15:00+00:00,508.4222,TRAILING_STOP,17,7.52,4.5689,4.575,11.4336,-1.62,-0.039
67,SOLUSDT,LONG,spot,STRICT_SUPPORT,2024-07-11 01:30:00+00:00,141.6418,141.4837,0.7931,2024-07-11 01:30:00+00:00,142.48,2024-07-11 02:45:00+00:00,141.74,0.058187,0.0,2024-07-11 03:00:00+00:00,141.8009,58.021938,8227.56,141.325,141.325,0,2024-07-11 03:15:00+00:00,140.8484,STOP_LOSS,1,-55.26,6.582,6.5378,16.3722,-68.38,-2.477
68,BNBUSDT,LONG,spot,STRICT_SUPPORT,2024-07-14 00:45:00+00:00,531.9117,531.8285,2.0881,2024-07-14 00:45:00+00:00,535.0,2024-07-14 02:45:00+00:00,532.9,0.088344,0.0,2024-07-14 03:00:00+00:00,533.0664,15.307402,8159.86,531.4109,535.3085,7,2024-07-14 05:15:00+00:00,534.5055,TRAILING_STOP,9,22.03,6.5279,6.5455,16.3528,8.96,0.353
69,BNBUSDT,LONG,spot,STRICT_SUPPORT,2024-07-14 15:45:00+00:00,535.4025,534.7809,1.8021,2024-07-14 15:45:00+00:00,536.3,2024-07-14 16:00:00+00:00,536.7,0.097512,0.0,2024-07-14 16:15:00+00:00,536.9683,15.212681,8168.73,534.4205,537.8345,1,2024-07-14 20:45:00+00:00,537.0278,TRAILING_STOP,18,0.9,6.535,6.5357,16.3388,-12.17,-0.314
70,BNBUSDT,LONG,spot,STRICT_SUPPORT,2024-07-18 03:45:00+00:00,573.6797,572.905,1.5826,2024-07-18 03:45:00+00:00,574.1,2024-07-18 04:00:00+00:00,574.2,0.020337,0.0,2024-07-18 04:15:00+00:00,574.3871,14.200674,8156.68,572.5885,572.5885,0,2024-07-18 04:30:00+00:00,571.7296,STOP_LOSS,1,-37.74,6.5253,6.4952,16.2568,-50.76,-1.987
71,ETHUSDT,LONG,spot,STRICT_SUPPORT,2024-07-21 17:00:00+00:00,3503.3175,3501.2011,13.8136,2024-07-21 17:00:00+00:00,3516.01,2024-07-21 17:15:00+00:00,3505.69,0.482519,0.0,2024-07-21 17:30:00+00:00,3507.4428,2.311209,8106.43,3498.4384,3498.4384,0,2024-07-21 17:45:00+00:00,3493.1907,STOP_LOSS,1,-32.94,6.4851,6.4588,16.1635,-45.88,-2.205
72,BNBUSDT,LONG,spot,STRICT_SUPPORT,2024-07-21 19:15:00+00:00,595.4776,594.6501,4.0902,2024-07-21 19:15:00+00:00,595.8,2024-07-21 19:30:00+00:00,596.6,0.122435,0.0,2024-07-21 19:45:00+00:00,596.8983,13.277758,7925.47,593.8321,601.2765,16,2024-07-22 01:15:00+00:00,600.3746,TRAILING_STOP,22,46.16,6.3404,6.3773,15.9202,33.44,0.821
74,BNBUSDT,LONG,spot,STRICT_SUPPORT,2024-07-27 22:00:00+00:00,584.0778,583.0091,3.2963,2024-07-27 22:00:00+00:00,584.4,2024-07-27 22:15:00+00:00,584.6,0.222164,0.0,2024-07-27 22:30:00+00:00,584.8923,13.834742,8091.83,582.3498,582.3498,0,2024-07-27 23:15:00+00:00,581.4763,STOP_LOSS,3,-47.26,6.4735,6.4357,16.1128,-60.17,-1.711
73,BTCUSDT,LONG,spot,STRICT_SUPPORT,2024-07-27 21:00:00+00:00,68335.2333,68109.5027,770.9096,2024-07-27 21:00:00+00:00,68520.01,2024-07-27 21:15:00+00:00,68900.0,1.726669,0.0,2024-07-27 21:30:00+00:00,68934.45,0.041751,2878.06,67955.3208,67955.3208,0,2024-07-27 23:45:00+00:00,67853.3878,STOP_LOSS,9,-45.14,2.3025,2.2663,5.6884,-49.7,-1.216
75,ETHUSDT,LONG,spot,STRICT_SUPPORT,2024-07-30 06:15:00+00:00,3319.4091,3315.089,10.2598,2024-07-30 06:15:00+00:00,3320.44,2024-07-30 06:30:00+00:00,3320.79,0.590907,0.0,2024-07-30 06:45:00+00:00,3322.4504,2.403449,7985.34,3313.0371,3335.7567,7,2024-07-30 08:45:00+00:00,3330.7531,TRAILING_STOP,8,19.96,6.3883,6.4042,16.0006,7.16,0.317
76,SOLUSDT,LONG,spot,STRICT_SUPPORT,2024-08-10 02:00:00+00:00,155.0614,154.7004,1.576,2024-08-10 02:00:00+00:00,155.14,2024-08-10 02:15:00+00:00,155.39,0.088641,0.0,2024-08-10 02:30:00+00:00,155.4577,37.636015,5850.81,154.3852,154.3852,0,2024-08-10 02:45:00+00:00,154.1536,STOP_LOSS,1,-49.08,4.6806,4.6414,11.628,-58.4,-1.447
77,SOLUSDT,LONG,spot,STRICT_SUPPORT,2024-08-10 09:30:00+00:00,154.7306,154.4581,0.8716,2024-08-10 09:30:00+00:00,155.0,2024-08-10 09:45:00+00:00,154.78,0.029408,0.0,2024-08-10 10:00:00+00:00,154.8574,51.238184,7934.61,154.2838,154.2838,0,2024-08-10 10:15:00+00:00,154.0523,STOP_LOSS,1,-41.25,6.3477,6.3147,15.8073,-53.91,-1.834
78,SOLUSDT,LONG,spot,STRICT_SUPPORT,2024-08-10 21:00:00+00:00,154.4126,154.2539,0.7502,2024-08-10 21:00:00+00:00,154.98,2024-08-10 22:15:00+00:00,154.58,0.017362,0.0,2024-08-10 22:30:00+00:00,154.6573,50.959373,7881.24,154.1039,154.1039,0,2024-08-10 23:00:00+00:00,153.8727,STOP_LOSS,2,-39.98,6.305,6.273,15.7025,-52.56,-1.864
79,BNBUSDT,LONG,spot,STRICT_SUPPORT,2024-08-12 16:00:00+00:00,515.6976,512.9774,5.4926,2024-08-12 16:00:00+00:00,517.6,2024-08-12 16:15:00+00:00,517.6,0.002435,0.0,2024-08-12 16:30:00+00:00,517.8588,6.612384,3424.28,511.8789,511.8789,0,2024-08-12 18:45:00+00:00,511.1111,STOP_LOSS,9,-44.62,2.7394,2.7037,6.7816,-50.06,-1.266
80,BNBUSDT,LONG,spot,STRICT_SUPPORT,2024-08-15 12:45:00+00:00,522.3428,521.7624,2.2167,2024-08-15 12:45:00+00:00,523.8,2024-08-15 13:00:00+00:00,526.0,0.05719,0.0,2024-08-15 13:15:00+00:00,526.3631,7.789772,4100.25,521.3191,529.7236,2,2024-08-15 17:00:00+00:00,528.929,TRAILING_STOP,15,19.99,3.2802,3.2962,8.2305,13.41,0.341
81,ETHUSDT,LONG,spot,STRICT_SUPPORT,2024-08-17 15:00:00+00:00,2605.2284,2602.0131,7.3839,2024-08-17 15:00:00+00:00,2615.79,2024-08-17 15:45:00+00:00,2606.78,0.031649,0.0,2024-08-17 16:00:00+00:00,2608.0934,2.987977,7792.92,2600.5364,2614.7946,5,2024-08-17 18:00:00+00:00,2610.8724,TRAILING_STOP,8,8.3,6.2343,6.241,15.5983,-4.17,-0.185
82,BNBUSDT,LONG,spot,STRICT_SUPPORT,2024-08-19 11:45:00+00:00,535.2808,534.6328,2.016,2024-08-19 11:45:00+00:00,537.0,2024-08-19 12:15:00+00:00,536.7,0.01918,0.0,2024-08-19 12:30:00+00:00,537.0684,13.857113,7442.22,534.2296,536.2178,2,2024-08-19 13:45:00+00:00,535.4135,TRAILING_STOP,5,-22.93,5.9538,5.9354,14.85,-34.82,-0.885
83,SOLUSDT,LONG,spot,STRICT_SUPPORT,2024-08-19 21:30:00+00:00,143.5338,143.2277,0.6628,2024-08-19 21:30:00+00:00,144.04,2024-08-19 21:45:00+00:00,143.6,0.036212,0.0,2024-08-19 22:00:00+00:00,143.6718,53.972456,7754.32,143.0952,143.1748,1,2024-08-19 22:45:00+00:00,142.96,TRAILING_STOP,3,-38.42,6.2035,6.1727,15.451,-50.79,-1.632
84,SOLUSDT,LONG,spot,STRICT_SUPPORT,2024-08-22 20:45:00+00:00,142.9885,142.8843,0.5002,2024-08-22 20:45:00+00:00,143.39,2024-08-22 21:00:00+00:00,143.21,0.00148,0.0,2024-08-22 21:15:00+00:00,143.2916,53.764743,7704.04,142.7843,144.4225,3,2024-08-23 00:45:00+00:00,144.2059,TRAILING_STOP,14,49.16,6.1632,6.2026,15.4818,36.79,1.349
85,BNBUSDT,LONG,spot,STRICT_SUPPORT,2024-08-23 15:15:00+00:00,580.1519,579.5547,2.9617,2024-08-23 15:15:00+00:00,580.5,2024-08-23 15:30:00+00:00,581.4,0.248124,0.0,2024-08-23 15:45:00+00:00,581.5906,13.30912,7740.46,578.9624,582.5262,7,2024-08-23 19:00:00+00:00,581.6524,TRAILING_STOP,13,0.82,6.1924,6.193,15.4822,-11.56,-0.331
86,SOLUSDT,LONG,spot,STRICT_SUPPORT,2024-08-27 04:30:00+00:00,158.4208,158.2033,0.5999,2024-08-27 04:30:00+00:00,158.68,2024-08-27 05:00:00+00:00,158.84,0.059209,0.0,2024-08-27 05:15:00+00:00,158.9194,46.687505,7419.55,158.0833,158.0833,0,2024-08-27 06:30:00+00:00,157.8462,STOP_LOSS,5,-50.11,5.9356,5.8956,14.7639,-61.94,-1.587
87,ETHUSDT,LONG,spot,STRICT_SUPPORT,2024-09-11 19:45:00+00:00,2338.7357,2335.668,11.188,2024-09-11 19:45:00+00:00,2340.6,2024-09-11 20:00:00+00:00,2342.51,0.66433,0.0,2024-09-11 20:15:00+00:00,2343.6813,3.271645,7667.69,2333.4304,2333.4304,0,2024-09-11 22:15:00+00:00,2329.9303,STOP_LOSS,8,-44.99,6.1342,6.0982,15.2679,-57.22,-1.706
88,SOLUSDT,LONG,spot,STRICT_SUPPORT,2024-09-12 17:00:00+00:00,134.5457,134.1695,0.7677,2024-09-12 17:00:00+00:00,134.81,2024-09-12 17:15:00+00:00,134.67,0.06433,0.0,2024-09-12 17:30:00+00:00,134.7373,53.288952,7180.01,134.016,135.8408,22,2024-09-13 00:15:00+00:00,135.637,TRAILING_STOP,27,47.94,5.744,5.7824,14.4319,36.42,0.947
89,BTCUSDT,LONG,spot,STRICT_SUPPORT,2024-09-13 07:45:00+00:00,57978.2111,57930.4552,113.529,2024-09-13 07:45:00+00:00,58109.31,2024-09-13 08:15:00+00:00,58039.36,1.588865,0.0,2024-09-13 08:30:00+00:00,58068.3697,0.131691,7647.1,57907.7494,57907.7494,0,2024-09-13 08:45:00+00:00,57820.8878,STOP_LOSS,1,-32.59,6.1177,6.0916,15.2453,-44.8,-2.118
90,ETHUSDT,LONG,spot,STRICT_SUPPORT,2024-09-13 09:45:00+00:00,2350.5685,2349.1696,5.0468,2024-09-13 09:45:00+00:00,2352.2,2024-09-13 11:45:00+00:00,2354.35,0.231528,0.0,2024-09-13 12:00:00+00:00,2355.5672,3.227564,7602.74,2348.1602,2348.1602,0,2024-09-13 12:15:00+00:00,2344.638,STOP_LOSS,1,-35.27,6.0822,6.054,15.1526,-47.41,-1.983
91,BTCUSDT,LONG,spot,STRICT_SUPPORT,2024-09-13 13:30:00+00:00,57996.3458,57963.284,190.0353,2024-09-13 13:30:00+00:00,58100.0,2024-09-13 13:45:00+00:00,58056.01,11.364156,0.0,2024-09-13 14:00:00+00:00,58085.028,0.130082,7555.81,57925.2769,57925.2769,0,2024-09-13 14:30:00+00:00,57838.389,STOP_LOSS,2,-32.08,6.0446,6.019,15.0635,-44.15,-2.124
92,BNBUSDT,LONG,spot,STRICT_SUPPORT,2024-09-14 22:15:00+00:00,552.0025,551.8199,1.1523,2024-09-14 22:15:00+00:00,552.2,2024-09-14 22:30:00+00:00,552.7,0.097468,0.0,2024-09-14 22:45:00+00:00,552.9764,13.584853,7512.1,551.5895,554.3572,10,2024-09-15 03:15:00+00:00,553.5257,TRAILING_STOP,18,7.46,6.0097,6.0157,15.0354,-4.56,-0.242
93,SOLUSDT,LONG,spot,STRICT_SUPPORT,2024-09-14 22:30:00+00:00,137.1292,136.9832,0.3586,2024-09-14 22:30:00+00:00,137.18,2024-09-14 22:45:00+00:00,137.16,0.010836,0.0,2024-09-14 23:00:00+00:00,137.2186,54.702162,7506.15,136.9115,137.4751,11,2024-09-15 03:45:00+00:00,137.2689,TRAILING_STOP,19,2.75,6.0049,6.0071,15.0164,-9.26,-0.551
94,ETHUSDT,LONG,spot,STRICT_SUPPORT,2024-09-22 23:00:00+00:00,2574.4469,2570.4435,17.0234,2024-09-22 23:00:00+00:00,2580.35,2024-09-22 23:15:00+00:00,2576.66,0.073114,0.0,2024-09-22 23:30:00+00:00,2577.9583,2.908665,7498.42,2567.0388,2567.0388,0,2024-09-23 00:00:00+00:00,2563.1883,STOP_LOSS,2,-42.96,5.9987,5.9644,14.9324,-54.92,-1.729
95,ETHUSDT,LONG,spot,STRICT_SUPPORT,2024-09-24 18:30:00+00:00,2635.3374,2631.3951,11.4069,2024-09-24 18:30:00+00:00,2639.81,2024-09-24 18:45:00+00:00,2638.22,0.402557,0.0,2024-09-24 19:00:00+00:00,2639.5391,2.820205,7444.04,2629.1137,2640.7587,5,2024-09-24 21:30:00+00:00,2636.7976,TRAILING_STOP,10,-7.73,5.9552,5.949,14.8765,-19.64,-0.668
96,BTCUSDT,LONG,spot,STRICT_SUPPORT,2024-10-06 01:00:00+00:00,61989.9598,61960.5968,79.987,2024-10-06 01:00:00+00:00,62018.76,2024-10-06 01:15:00+00:00,62116.01,2.040174,0.0,2024-10-06 01:30:00+00:00,62147.058,0.119468,7424.6,61944.5994,61944.5994,0,2024-10-06 02:30:00+00:00,61851.6825,STOP_LOSS,4,-35.29,5.9397,5.9115,14.7963,-47.14,-1.949
97,SOLUSDT,LONG,spot,STRICT_SUPPORT,2024-10-15 17:30:00+00:00,154.6097,154.4519,1.6143,2024-10-15 17:30:00+00:00,155.32,2024-10-15 17:45:00+00:00,154.77,0.030335,0.0,2024-10-15 18:00:00+00:00,154.8574,47.643407,7377.93,154.129,154.3933,3,2024-10-15 20:15:00+00:00,154.1617,TRAILING_STOP,9,-33.15,5.9023,5.8758,14.7061,-44.92,-1.294
98,SOLUSDT,LONG,spot,STRICT_SUPPORT,2024-10-16 02:15:00+00:00,154.3148,154.2794,0.9946,2024-10-16 02:15:00+00:00,154.93,2024-10-16 02:45:00+00:00,154.49,0.085187,0.0,2024-10-16 03:00:00+00:00,154.5772,47.442037,7333.46,154.0805,154.0805,0,2024-10-16 03:15:00+00:00,153.8389,STOP_LOSS,1,-35.03,5.8668,5.8387,14.6144,-46.73,-1.983
99,SOLUSDT,LONG,spot,STRICT_SUPPORT,2024-10-22 18:00:00+00:00,167.365,166.8123,1.16,2024-10-22 18:00:00+00:00,167.84,2024-10-22 18:15:00+00:00,168.46,0.025042,0.0,2024-10-22 18:30:00+00:00,168.5442,18.739829,3158.49,166.5803,166.5803,0,2024-10-23 00:15:00+00:00,166.3304,STOP_LOSS,23,-41.49,2.5268,2.4936,6.2548,-46.51,-1.264
100,BTCUSDT,LONG,spot,STRICT_SUPPORT,2024-10-25 10:15:00+00:00,67776.8931,67698.2396,173.7177,2024-10-25 10:15:00+00:00,67852.46,2024-10-25 10:30:00+00:00,67840.0,5.106914,0.0,2024-10-25 10:45:00+00:00,67873.92,0.106685,7241.15,67663.4961,68001.8761,2,2024-10-25 12:15:00+00:00,67899.8733,TRAILING_STOP,6,2.77,5.7929,5.7951,14.4865,-8.82,-0.393
101,ETHUSDT,LONG,spot,STRICT_SUPPORT,2024-10-28 19:00:00+00:00,2511.3206,2506.6668,13.1458,2024-10-28 19:00:00+00:00,2517.03,2024-10-28 19:15:00+00:00,2514.62,0.759437,0.0,2024-10-28 19:30:00+00:00,2515.8673,2.874722,7232.42,2504.0376,2504.0376,0,2024-10-28 19:45:00+00:00,2500.2816,STOP_LOSS,1,-44.8,5.7859,5.7501,14.3976,-56.34,-1.657
102,BNBUSDT,LONG,spot,STRICT_SUPPORT,2024-11-08 19:45:00+00:00,596.3159,595.4973,2.431,2024-11-08 19:45:00+00:00,597.49,2024-11-08 20:00:00+00:00,596.59,0.204133,0.0,2024-11-08 20:15:00+00:00,596.8983,12.023224,7176.64,595.0111,595.0111,0,2024-11-08 20:30:00+00:00,593.4085,STOP_LOSS,1,-41.96,5.7413,5.7077,14.2903,-53.41,-2.354
103,BTCUSDT,LONG,spot,STRICT_SUPPORT,2024-11-13 10:45:00+00:00,87429.4821,87301.2207,328.0457,2024-11-13 10:45:00+00:00,87535.55,2024-11-13 11:15:00+00:00,87630.01,25.057915,0.0,2024-11-13 11:30:00+00:00,87673.815,0.081253,7123.77,87235.6115,88676.9279,3,2024-11-13 14:00:00+00:00,88543.9125,TRAILING_STOP,10,70.7,5.699,5.7556,14.3536,59.24,1.664
104,ETHUSDT,LONG,spot,STRICT_SUPPORT,2024-11-14 05:15:00+00:00,3212.4306,3205.9187,18.7749,2024-11-14 05:15:00+00:00,3221.5,2024-11-14 05:30:00+00:00,3215.67,1.769443,0.0,2024-11-14 05:45:00+00:00,3217.2778,2.232453,7182.42,3202.1638,3206.191,2,2024-11-14 06:45:00+00:00,3201.3817,TRAILING_STOP,4,-35.49,5.7459,5.7175,14.3116,-46.95,-1.391
105,BNBUSDT,LONG,spot,STRICT_SUPPORT,2024-11-14 16:00:00+00:00,630.7695,628.0692,6.507,2024-11-14 16:00:00+00:00,631.53,2024-11-14 16:15:00+00:00,633.0,0.340491,0.0,2024-11-14 16:30:00+00:00,633.3265,5.495001,3480.13,626.7678,626.7678,0,2024-11-14 23:00:00+00:00,625.8276,STOP_LOSS,26,-41.21,2.7841,2.7511,6.8985,-46.74,-1.297
106,BTCUSDT,LONG,spot,STRICT_SUPPORT,2024-11-18 02:45:00+00:00,90287.2334,90155.0121,296.556,2024-11-18 02:45:00+00:00,90493.89,2024-11-18 03:00:00+00:00,90387.55,12.766632,0.0,2024-11-18 03:15:00+00:00,90432.7338,0.078397,7089.66,90095.7009,91547.1407,8,2024-11-18 07:15:00+00:00,91409.8199,TRAILING_STOP,16,76.6,5.6717,5.733,14.2942,65.2,2.467
107,BNBUSDT,LONG,spot,STRICT_SUPPORT,2024-11-18 03:45:00+00:00,623.4799,622.5622,2.5882,2024-11-18 03:45:00+00:00,628.1,2024-11-18 05:15:00+00:00,625.94,0.130113,0.0,2024-11-18 05:30:00+00:00,626.253,8.522389,5337.17,622.0446,622.0446,0,2024-11-18 09:45:00+00:00,621.1115,STOP_LOSS,17,-43.82,4.2697,4.2347,10.6086,-52.32,-1.459
108,BTCUSDT,LONG,spot,STRICT_SUPPORT,2024-11-18 20:15:00+00:00,90916.3554,90822.2135,669.5262,2024-11-18 20:15:00+00:00,91715.8,2024-11-18 20:45:00+00:00,91473.42,7.644564,0.0,2024-11-18 21:00:00+00:00,91519.1667,0.043173,3951.17,90688.3082,90688.3082,0,2024-11-18 23:15:00+00:00,90552.2757,STOP_LOSS,9,-41.74,3.1609,3.1275,7.8397,-48.03,-1.339
109,BTCUSDT,LONG,spot,STRICT_SUPPORT,2024-11-19 02:15:00+00:00,90964.9554,90898.5704,365.5538,2024-11-19 02:15:00+00:00,91142.85,2024-11-19 02:30:00+00:00,91260.12,2.854591,0.0,2024-11-19 02:45:00+00:00,91305.7501,0.074186,6773.57,90825.4597,91247.7253,3,2024-11-19 05:30:00+00:00,91110.8537,TRAILING_STOP,11,-14.46,5.4189,5.4073,13.5254,-25.28,-0.71
110,ETHUSDT,LONG,spot,STRICT_SUPPORT,2024-11-19 19:00:00+00:00,3124.2944,3120.3463,17.4917,2024-11-19 19:00:00+00:00,3137.33,2024-11-19 19:30:00+00:00,3129.96,0.325607,0.0,2024-11-19 19:45:00+00:00,3131.535,2.24485,7029.83,3116.848,3116.848,0,2024-11-19 20:00:00+00:00,3112.1727,STOP_LOSS,1,-43.47,5.6239,5.5891,13.9945,-54.68,-1.658
111,ETHUSDT,LONG,spot,STRICT_SUPPORT,2024-11-20 09:00:00+00:00,3111.2548,3107.6394,9.7536,2024-11-20 09:00:00+00:00,3127.78,2024-11-20 10:30:00+00:00,3118.96,0.945173,0.0,2024-11-20 10:45:00+00:00,3120.5195,2.235427,6975.69,3105.6887,3105.6887,0,2024-11-20 11:00:00+00:00,3101.0302,STOP_LOSS,1,-43.57,5.5806,5.5457,13.886,-54.69,-1.65
112,BNBUSDT,LONG,spot,STRICT_SUPPORT,2024-11-25 05:30:00+00:00,658.1996,656.6185,3.5434,2024-11-25 05:30:00+00:00,661.24,2024-11-25 06:30:00+00:00,658.94,0.000402,0.0,2024-11-25 06:45:00+00:00,659.2595,10.43621,6880.17,655.9098,655.9098,0,2024-11-25 07:15:00+00:00,654.926,STOP_LOSS,2,-45.23,5.5041,5.468,13.6925,-56.2,-1.608
113,SOLUSDT,LONG,spot,STRICT_SUPPORT,2024-11-25 05:00:00+00:00,251.6261,250.9841,1.2944,2024-11-25 05:00:00+00:00,252.98,2024-11-25 06:45:00+00:00,251.91,0.03388,0.0,2024-11-25 07:00:00+00:00,252.036,26.551013,6691.81,250.7252,254.3174,8,2024-11-25 10:15:00+00:00,253.9359,TRAILING_STOP,13,50.45,5.3534,5.3938,13.4593,39.7,1.141
114,ETHUSDT,LONG,spot,STRICT_SUPPORT,2024-11-28 22:45:00+00:00,3577.8524,3572.4779,12.504,2024-11-28 22:45:00+00:00,3592.62,2024-11-28 23:15:00+00:00,3589.51,0.007572,0.0,2024-11-28 23:30:00+00:00,3591.3048,1.635197,5872.49,3569.9772,3569.9772,0,2024-11-29 00:00:00+00:00,3564.6222,STOP_LOSS,2,-43.63,4.698,4.6631,11.6795,-52.99,-1.52
115,ETHUSDT,LONG,spot,STRICT_SUPPORT,2024-11-29 10:30:00+00:00,3571.9621,3569.0496,11.3742,2024-11-29 10:30:00+00:00,3579.99,2024-11-29 11:15:00+00:00,3584.8,0.83792,0.0,2024-11-29 11:30:00+00:00,3586.5824,1.747295,6266.82,3566.7747,3612.0863,6,2024-11-29 15:30:00+00:00,3606.6682,TRAILING_STOP,16,35.1,5.0135,5.0415,12.5863,25.04,0.724
116,ETHUSDT,LONG,spot,STRICT_SUPPORT,2024-11-30 01:30:00+00:00,3592.8053,3586.6998,17.2965,2024-11-30 01:30:00+00:00,3616.42,2024-11-30 02:00:00+00:00,3608.57,1.004701,0.0,2024-11-30 02:15:00+00:00,3610.3843,1.279668,4620.09,3583.2405,3694.7143,21,2024-11-30 09:00:00+00:00,3688.0796,TRAILING_STOP,27,99.42,3.6961,3.7756,9.3893,91.95,2.647
117,BNBUSDT,LONG,spot,STRICT_SUPPORT,2024-12-05 09:45:00+00:00,730.7625,729.3847,4.1262,2024-12-05 09:45:00+00:00,733.28,2024-12-05 11:00:00+00:00,736.19,0.247472,0.0,2024-12-05 11:15:00+00:00,736.5681,4.394622,3236.94,728.5595,728.5595,0,2024-12-05 12:45:00+00:00,727.4666,STOP_LOSS,6,-40.0,2.5896,2.5576,6.4139,-45.14,-1.283
118,BNBUSDT,LONG,spot,STRICT_SUPPORT,2024-12-05 17:15:00+00:00,730.253,728.7193,5.3859,2024-12-05 17:15:00+00:00,734.51,2024-12-05 18:00:00+00:00,732.38,0.387031,0.0,2024-12-05 18:15:00+00:00,732.7362,6.864658,5029.98,727.6421,727.6421,0,2024-12-05 18:45:00+00:00,726.5506,STOP_LOSS,2,-42.46,4.024,3.99,9.9963,-50.48,-1.443
119,BNBUSDT,LONG,spot,STRICT_SUPPORT,2024-12-06 03:45:00+00:00,725.6358,724.0844,4.3136,2024-12-06 03:45:00+00:00,729.35,2024-12-06 05:45:00+00:00,726.83,0.314177,0.0,2024-12-06 06:00:00+00:00,727.1834,8.762955,6372.28,723.2217,723.2217,0,2024-12-06 08:45:00+00:00,722.1368,STOP_LOSS,11,-44.22,5.0978,5.0624,12.6782,-54.38,-1.566
120,ETHUSDT,LONG,spot,STRICT_SUPPORT,2024-12-08 15:30:00+00:00,3982.2219,3979.6348,13.6565,2024-12-08 15:30:00+00:00,3988.39,2024-12-08 16:15:00+00:00,3985.48,0.098074,0.0,2024-12-08 16:30:00+00:00,3987.4827,1.71037,6820.07,3976.9035,3976.9035,0,2024-12-08 16:45:00+00:00,3970.9382,STOP_LOSS,1,-28.3,5.4561,5.4334,13.5977,-39.19,-2.166
121,ETHUSDT,LONG,spot,STRICT_SUPPORT,2024-12-14 00:00:00+00:00,3911.2387,3907.6161,10.9007,2024-12-14 00:00:00+00:00,3913.89,2024-12-14 00:15:00+00:00,3922.8,0.761288,0.0,2024-12-14 00:30:00+00:00,3924.7614,1.727819,6781.28,3905.436,3905.436,0,2024-12-14 00:45:00+00:00,3899.5778,STOP_LOSS,1,-43.51,5.425,5.3902,13.4973,-54.33,-1.627
122,ETHUSDT,LONG,spot,STRICT_SUPPORT,2024-12-23 17:15:00+00:00,3327.3386,3321.6283,31.0342,2024-12-23 17:15:00+00:00,3370.4,2024-12-23 17:45:00+00:00,3336.02,0.431357,0.0,2024-12-23 18:00:00+00:00,3337.688,1.525928,5093.07,3315.4214,3315.4214,0,2024-12-23 18:30:00+00:00,3310.4483,STOP_LOSS,2,-41.57,4.0745,4.0412,10.1238,-49.68,-1.462
123,ETHUSDT,LONG,spot,STRICT_SUPPORT,2024-12-25 23:30:00+00:00,3477.4372,3474.0812,12.7817,2024-12-25 23:30:00+00:00,3495.39,2024-12-26 00:30:00+00:00,3487.59,0.842808,0.0,2024-12-26 00:45:00+00:00,3489.3338,1.893927,6608.54,3471.5249,3471.5249,0,2024-12-26 01:00:00+00:00,3466.3176,STOP_LOSS,1,-43.59,5.2868,5.252,13.1517,-54.13,-1.605
124,BNBUSDT,LONG,spot,STRICT_SUPPORT,2024-12-26 01:45:00+00:00,702.7434,701.7314,2.403,2024-12-26 01:45:00+00:00,705.67,2024-12-26 03:00:00+00:00,703.33,0.006574,0.0,2024-12-26 03:15:00+00:00,703.6817,9.414369,6624.72,701.2508,704.3529,4,2024-12-26 06:00:00+00:00,703.2964,TRAILING_STOP,11,-3.63,5.2998,5.2969,13.244,-14.22,-0.622
125,SOLUSDT,LONG,spot,STRICT_SUPPORT,2024-12-30 10:00:00+00:00,192.6011,192.3408,0.9854,2024-12-30 10:00:00+00:00,193.33,2024-12-30 10:45:00+00:00,192.65,0.048908,0.0,2024-12-30 11:00:00+00:00,192.7563,34.295305,6610.64,192.1437,192.1437,0,2024-12-30 11:15:00+00:00,191.6221,STOP_LOSS,1,-38.9,5.2885,5.2574,13.1629,-49.44,-2.353
126,SOLUSDT,LONG,spot,STRICT_SUPPORT,2024-12-30 11:30:00+00:00,192.8469,192.5115,1.1256,2024-12-30 11:30:00+00:00,193.55,2024-12-30 12:45:00+00:00,193.36,0.033142,0.0,2024-12-30 13:00:00+00:00,193.4467,28.56128,5525.08,192.2864,192.2864,0,2024-12-30 13:15:00+00:00,191.8817,STOP_LOSS,1,-44.7,4.4201,4.3843,10.9831,-53.5,-1.614
127,BTCUSDT,LONG,spot,STRICT_SUPPORT,2025-01-03 14:30:00+00:00,96731.1374,96587.5958,309.9545,2025-01-03 14:30:00+00:00,97251.98,2025-01-03 14:45:00+00:00,97016.01,6.002636,0.0,2025-01-03 15:00:00+00:00,97064.508,0.060999,5920.8,96525.6049,98391.4081,16,2025-01-03 20:00:00+00:00,98243.8209,TRAILING_STOP,20,71.94,4.7366,4.7942,11.9495,62.41,1.898
128,ETHUSDT,LONG,spot,STRICT_SUPPORT,2025-01-05 15:30:00+00:00,3623.7052,3619.9481,10.9315,2025-01-05 15:30:00+00:00,3631.53,2025-01-05 16:45:00+00:00,3628.01,0.804847,0.0,2025-01-05 17:00:00+00:00,3629.834,1.810139,6570.5,3617.7618,3627.8947,1,2025-01-05 17:45:00+00:00,3622.4528,TRAILING_STOP,3,-13.36,5.2564,5.2457,13.121,-23.86,-1.092
129,ETHUSDT,LONG,spot,STRICT_SUPPORT,2025-01-05 18:30:00+00:00,3626.4209,3623.7927,10.7723,2025-01-05 18:30:00+00:00,3629.8,2025-01-05 19:00:00+00:00,3636.64,0.089128,0.0,2025-01-05 19:15:00+00:00,3638.4583,1.799355,6546.88,3621.6383,3638.0408,1,2025-01-05 20:30:00+00:00,3632.5837,TRAILING_STOP,5,-10.57,5.2375,5.229,13.0779,-21.04,-0.695
130,BNBUSDT,LONG,spot,STRICT_SUPPORT,2025-01-11 05:45:00+00:00,692.7843,692.6737,1.2067,2025-01-11 05:45:00+00:00,694.68,2025-01-11 07:00:00+00:00,694.01,0.115725,0.0,2025-01-11 07:15:00+00:00,694.347,9.398835,6526.05,692.4324,694.0618,3,2025-01-11 08:45:00+00:00,693.0207,TRAILING_STOP,6,-12.47,5.2208,5.2109,13.0334,-22.9,-1.272
131,ETHUSDT,LONG,spot,STRICT_SUPPORT,2025-01-12 15:45:00+00:00,3268.6338,3266.5338,11.2248,2025-01-12 15:45:00+00:00,3285.68,2025-01-12 16:15:00+00:00,3277.25,0.026214,0.0,2025-01-12 16:30:00+00:00,3278.8986,1.983405,6503.38,3264.2889,3280.8083,2,2025-01-12 18:45:00+00:00,3275.8871,TRAILING_STOP,9,-5.97,5.2027,5.1979,12.9978,-16.37,-0.565
133,ETHUSDT,LONG,spot,STRICT_SUPPORT,2025-01-16 17:15:00+00:00,3341.3601,3332.0884,22.3843,2025-01-16 17:15:00+00:00,3345.5,2025-01-16 17:30:00+00:00,3349.58,1.959916,0.0,2025-01-16 17:45:00+00:00,3351.2548,1.39024,4659.05,3327.6116,3327.6116,0,2025-01-16 18:15:00+00:00,3322.6202,STOP_LOSS,2,-39.81,3.7272,3.6954,9.2584,-47.23,-1.437
132,BTCUSDT,LONG,spot,STRICT_SUPPORT,2025-01-16 16:15:00+00:00,99130.4749,98963.8935,637.9952,2025-01-16 16:15:00+00:00,99714.85,2025-01-16 16:45:00+00:00,99346.39,48.625101,0.0,2025-01-16 17:00:00+00:00,99396.0632,0.05853,5817.69,98836.2944,99398.0912,4,2025-01-16 18:30:00+00:00,99248.9941,TRAILING_STOP,6,-8.61,4.6542,4.6473,11.6225,-17.91,-0.547
135,ETHUSDT,LONG,spot,STRICT_SUPPORT,2025-01-16 19:45:00+00:00,3338.7413,3332.8558,16.6257,2025-01-16 19:45:00+00:00,3344.81,2025-01-16 20:00:00+00:00,3341.0,1.558738,0.0,2025-01-16 20:15:00+00:00,3342.6705,1.920337,6419.06,3329.5307,3329.5307,0,2025-01-16 21:00:00+00:00,3324.5364,STOP_LOSS,3,-34.82,5.1352,5.1074,12.7859,-45.07,-1.786
134,BTCUSDT,LONG,spot,STRICT_SUPPORT,2025-01-16 17:30:00+00:00,99222.8503,99041.0796,561.3605,2025-01-16 17:30:00+00:00,99995.98,2025-01-16 18:45:00+00:00,99584.24,37.599684,0.0,2025-01-16 19:00:00+00:00,99634.0221,0.045997,4582.87,98928.8075,99950.5709,6,2025-01-16 21:15:00+00:00,99800.645,TRAILING_STOP,9,7.66,3.6663,3.6724,9.1772,0.33,0.01
136,ETHUSDT,LONG,spot,STRICT_SUPPORT,2025-01-21 16:00:00+00:00,3300.5729,3289.7495,27.2937,2025-01-21 16:00:00+00:00,3340.08,2025-01-21 16:30:00+00:00,3309.78,2.647134,0.0,2025-01-21 16:45:00+00:00,3311.4349,1.186777,3929.94,3284.2907,3323.221,6,2025-01-21 19:15:00+00:00,3318.2361,TRAILING_STOP,10,8.07,3.1439,3.1504,7.872,1.78,0.055
137,SOLUSDT,LONG,spot,STRICT_SUPPORT,2025-01-23 17:45:00+00:00,250.5885,249.2993,2.9498,2025-01-23 17:45:00+00:00,252.25,2025-01-23 18:15:00+00:00,252.92,0.07153,0.0,2025-01-23 18:30:00+00:00,253.0465,7.429606,1880.04,248.7094,248.7094,0,2025-01-23 19:00:00+00:00,248.3363,STOP_LOSS,2,-34.99,1.504,1.476,3.7076,-37.97,-1.178
138,BTCUSDT,LONG,spot,STRICT_SUPPORT,2025-01-23 23:00:00+00:00,104073.0067,103779.5768,959.5018,2025-01-23 23:00:00+00:00,104142.76,2025-01-23 23:15:00+00:00,104299.99,69.403271,0.0,2025-01-23 23:30:00+00:00,104352.14,0.041903,4372.64,103587.6764,103587.6764,0,2025-01-24 00:15:00+00:00,103432.2949,STOP_LOSS,3,-38.54,3.4981,3.4673,8.6875,-45.51,-1.421
139,SOLUSDT,LONG,spot,STRICT_SUPPORT,2025-01-24 03:45:00+00:00,251.0729,250.6863,2.5674,2025-01-24 03:45:00+00:00,252.23,2025-01-24 04:00:00+00:00,252.86,0.237141,0.0,2025-01-24 04:15:00+00:00,252.9864,11.304207,2859.81,250.1728,259.596,11,2025-01-24 07:45:00+00:00,259.2066,TRAILING_STOP,14,70.31,2.2878,2.3441,5.8251,65.68,2.065
140,SOLUSDT,LONG,spot,STRICT_SUPPORT,2025-01-26 18:00:00+00:00,255.7551,255.5516,1.2852,2025-01-26 18:00:00+00:00,256.37,2025-01-26 19:45:00+00:00,256.28,0.084879,0.0,2025-01-26 20:00:00+00:00,256.4181,24.813094,6362.53,255.2945,255.2945,0,2025-01-26 20:15:00+00:00,254.9116,STOP_LOSS,1,-37.38,5.09,5.0601,12.669,-47.53,-1.705
141,BNBUSDT,LONG,spot,STRICT_SUPPORT,2025-01-29 21:45:00+00:00,669.0728,668.2983,3.3558,2025-01-29 21:45:00+00:00,671.22,2025-01-29 22:00:00+00:00,670.5,0.307221,0.0,2025-01-29 22:15:00+00:00,670.8352,9.414338,6315.47,667.6271,667.6271,0,2025-01-29 23:45:00+00:00,666.6257,STOP_LOSS,6,-39.63,5.0524,5.0207,12.5715,-49.7,-1.646
142,BNBUSDT,LONG,spot,STRICT_SUPPORT,2025-01-31 09:15:00+00:00,677.8926,677.4149,1.2136,2025-01-31 09:15:00+00:00,678.05,2025-01-31 09:30:00+00:00,678.6,0.027426,0.0,2025-01-31 09:45:00+00:00,678.9493,9.229355,6266.26,677.1722,682.3405,9,2025-01-31 13:30:00+00:00,681.317,TRAILING_STOP,15,21.85,5.013,5.0305,12.5653,11.81,0.72
143,SOLUSDT,LONG,spot,STRICT_SUPPORT,2025-01-31 12:45:00+00:00,237.7249,237.5327,1.245,2025-01-31 12:45:00+00:00,240.72,2025-01-31 14:30:00+00:00,238.35,0.005058,0.0,2025-01-31 14:45:00+00:00,238.4792,26.32496,6277.95,237.2837,237.2837,0,2025-01-31 15:00:00+00:00,236.1453,STOP_LOSS,1,-61.44,5.0224,4.9732,12.4637,-71.44,-2.27
144,BTCUSDT,LONG,spot,STRICT_SUPPORT,2025-01-31 15:15:00+00:00,104663.9972,104602.257,384.341,2025-01-31 15:15:00+00:00,105166.25,2025-01-31 16:15:00+00:00,104804.01,32.232773,0.0,2025-01-31 16:30:00+00:00,104856.412,0.059197,6207.23,104525.3888,104525.3888,0,2025-01-31 18:00:00+00:00,104368.6007,STOP_LOSS,6,-28.88,4.9658,4.9427,12.3712,-38.79,-1.979
145,SOLUSDT,LONG,spot,STRICT_SUPPORT,2025-02-10 03:15:00+00:00,199.8471,199.5609,2.0691,2025-02-10 03:15:00+00:00,200.77,2025-02-10 05:00:00+00:00,201.87,0.10288,0.0,2025-02-10 05:15:00+00:00,201.9709,11.033101,2228.37,199.1471,203.4511,8,2025-02-10 10:30:00+00:00,203.146,TRAILING_STOP,21,12.96,1.7827,1.7931,4.4762,9.39,0.301
146,ETHUSDT,LONG,spot,STRICT_SUPPORT,2025-02-13 23:30:00+00:00,2664.2706,2660.3157,9.7626,2025-02-13 23:30:00+00:00,2677.86,2025-02-14 00:00:00+00:00,2666.69,0.18944,0.0,2025-02-14 00:15:00+00:00,2668.0233,2.315621,6178.13,2658.3631,2698.5468,13,2025-02-14 04:45:00+00:00,2694.499,TRAILING_STOP,18,61.31,4.9425,4.9915,12.4482,51.37,2.297
147,ETHUSDT,LONG,spot,STRICT_SUPPORT,2025-02-16 09:45:00+00:00,2700.9458,2699.8422,7.4763,2025-02-16 09:45:00+00:00,2704.6,2025-02-16 10:00:00+00:00,2707.54,0.674214,0.0,2025-02-16 10:15:00+00:00,2708.8938,2.299459,6228.99,2698.347,2698.347,0,2025-02-16 10:45:00+00:00,2694.2995,STOP_LOSS,2,-33.56,4.9832,4.9563,12.4076,-43.5,-1.794
148,BNBUSDT,LONG,spot,STRICT_SUPPORT,2025-02-17 12:15:00+00:00,671.3849,670.7009,2.8981,2025-02-17 12:15:00+00:00,672.19,2025-02-17 12:30:00+00:00,673.25,0.015098,0.0,2025-02-17 12:45:00+00:00,673.5866,9.015672,6072.84,670.1213,676.6794,6,2025-02-17 15:30:00+00:00,675.6644,TRAILING_STOP,11,18.73,4.8583,4.8733,12.1738,9.0,0.288
149,BNBUSDT,LONG,spot,STRICT_SUPPORT,2025-03-08 17:00:00+00:00,597.7746,597.2516,1.7804,2025-03-08 17:00:00+00:00,598.02,2025-03-08 17:15:00+00:00,599.54,0.025414,0.0,2025-03-08 17:30:00+00:00,599.8398,10.327486,6194.84,596.8955,596.8955,0,2025-03-08 21:30:00+00:00,596.0001,STOP_LOSS,16,-39.65,4.9559,4.9241,12.3302,-49.53,-1.629
150,SOLUSDT,LONG,spot,STRICT_SUPPORT,2025-03-14 02:30:00+00:00,124.0745,123.7668,0.7078,2025-03-14 02:30:00+00:00,125.1,2025-03-14 03:30:00+00:00,124.39,0.06552,0.0,2025-03-14 03:45:00+00:00,124.4622,37.083786,4615.53,123.6252,125.5264,14,2025-03-14 11:45:00+00:00,126.1069,TIME_EXIT_8H,32,60.99,3.6924,3.7412,4.646,53.56,1.726
151,ETHUSDT,LONG,spot,STRICT_SUPPORT,2025-03-22 01:00:00+00:00,1972.6459,1969.9238,6.0222,2025-03-22 01:00:00+00:00,1983.82,2025-03-22 01:30:00+00:00,1976.08,0.44405,0.0,2025-03-22 01:45:00+00:00,1977.068,3.135361,6198.82,1968.7194,1985.8513,17,2025-03-22 07:15:00+00:00,1982.8725,TRAILING_STOP,22,18.2,4.9591,4.9736,12.4249,8.27,0.316
152,ETHUSDT,LONG,spot,STRICT_SUPPORT,2025-03-25 14:15:00+00:00,2064.995,2063.3526,9.2045,2025-03-25 14:15:00+00:00,2068.22,2025-03-25 15:45:00+00:00,2067.67,0.184952,0.0,2025-03-25 16:00:00+00:00,2068.7038,3.000432,6207.01,2061.5117,2061.5117,0,2025-03-25 16:30:00+00:00,2058.4195,STOP_LOSS,2,-30.86,4.9656,4.9409,12.3677,-40.76,-1.889
153,ETHUSDT,LONG,spot,STRICT_SUPPORT,2025-03-26 07:45:00+00:00,2063.816,2062.3199,5.4734,2025-03-26 07:45:00+00:00,2069.25,2025-03-26 08:00:00+00:00,2065.6,0.294038,0.0,2025-03-26 08:15:00+00:00,2066.6328,2.983911,6166.65,2061.2253,2061.2253,0,2025-03-26 09:00:00+00:00,2058.1334,STOP_LOSS,3,-25.36,4.9333,4.913,12.2953,-35.21,-2.182
154,ETHUSDT,LONG,spot,STRICT_SUPPORT,2025-04-04 18:00:00+00:00,1801.2619,1798.5533,15.8189,2025-04-04 18:00:00+00:00,1814.46,2025-04-04 19:00:00+00:00,1813.21,0.898064,0.0,2025-04-04 19:15:00+00:00,1814.1266,1.652803,2998.39,1795.3896,1795.3896,0,2025-04-05 03:15:00+00:00,1809.085,TIME_EXIT_8H,32,-8.33,2.3987,2.392,2.9942,-13.12,-0.424
155,BNBUSDT,LONG,spot,STRICT_SUPPORT,2025-04-10 19:45:00+00:00,574.7483,573.7842,2.2597,2025-04-10 19:45:00+00:00,574.94,2025-04-10 20:00:00+00:00,575.8,0.061699,0.0,2025-04-10 20:15:00+00:00,576.0879,10.621297,6118.8,573.3322,576.5726,1,2025-04-11 00:30:00+00:00,575.7078,TRAILING_STOP,17,-4.04,4.895,4.8918,12.2315,-13.82,-0.472
156,ETHUSDT,LONG,spot,STRICT_SUPPORT,2025-04-11 15:15:00+00:00,1559.25,1553.4961,12.3077,2025-04-11 15:15:00+00:00,1561.33,2025-04-11 15:30:00+00:00,1567.39,1.110022,0.0,2025-04-11 15:45:00+00:00,1568.1637,1.800082,2822.82,1551.0345,1569.8314,3,2025-04-11 18:15:00+00:00,1567.4766,TRAILING_STOP,10,-1.24,2.2583,2.2573,5.6438,-5.75,-0.187
157,BTCUSDT,LONG,spot,STRICT_SUPPORT,2025-04-14 18:30:00+00:00,84677.6303,84565.2483,353.84,2025-04-14 18:30:00+00:00,84888.53,2025-04-14 18:45:00+00:00,84988.04,9.579697,0.0,2025-04-14 19:00:00+00:00,85030.524,0.057468,4886.5,84494.4803,84494.4803,0,2025-04-14 21:30:00+00:00,84367.7386,STOP_LOSS,10,-38.09,3.9092,3.8787,9.7159,-45.88,-1.489
158,ETHUSDT,LONG,spot,STRICT_SUPPORT,2025-04-15 05:00:00+00:00,1633.7174,1633.2317,6.9449,2025-04-15 05:00:00+00:00,1642.16,2025-04-15 06:15:00+00:00,1638.83,0.222627,0.0,2025-04-15 06:30:00+00:00,1639.6494,3.692254,6054.0,1631.8427,1639.9595,2,2025-04-15 09:30:00+00:00,1637.4996,TRAILING_STOP,12,-7.94,4.8432,4.8369,12.0961,-17.62,-0.611
159,BTCUSDT,LONG,spot,STRICT_SUPPORT,2025-04-16 20:15:00+00:00,84327.1732,84220.6112,440.012,2025-04-16 20:15:00+00:00,84593.99,2025-04-16 20:30:00+00:00,84406.0,36.826788,0.0,2025-04-16 20:45:00+00:00,84448.203,0.071482,6036.56,84132.6088,84132.6088,0,2025-04-16 23:30:00+00:00,84006.4099,STOP_LOSS,11,-31.58,4.8292,4.804,12.0258,-41.21,-1.827
160,ETHUSDT,LONG,spot,STRICT_SUPPORT,2025-04-27 09:45:00+00:00,1808.5776,1806.62,5.1818,2025-04-27 09:45:00+00:00,1810.65,2025-04-27 10:00:00+00:00,1811.61,0.422351,0.0,2025-04-27 10:15:00+00:00,1812.5058,3.307994,5995.76,1805.5836,1805.5836,0,2025-04-27 11:00:00+00:00,1802.8753,STOP_LOSS,3,-31.86,4.7966,4.7711,11.9437,-41.43,-1.809
161,BTCUSDT,LONG,spot,STRICT_SUPPORT,2025-04-27 19:45:00+00:00,94156.8962,94098.4192,124.4731,2025-04-27 19:45:00+00:00,94433.5,2025-04-27 21:15:00+00:00,94356.0,3.593753,0.0,2025-04-27 21:30:00+00:00,94403.178,0.063078,5954.75,94073.5246,94073.5246,0,2025-04-27 22:00:00+00:00,93932.4143,STOP_LOSS,2,-29.69,4.7638,4.74,11.865,-39.2,-1.885
162,SOLUSDT,LONG,spot,STRICT_SUPPORT,2025-04-29 17:30:00+00:00,148.41,148.225,0.7517,2025-04-29 17:30:00+00:00,148.8,2025-04-29 18:00:00+00:00,148.94,0.040015,0.0,2025-04-29 18:15:00+00:00,149.0245,31.457054,4687.87,148.0747,149.1382,4,2025-04-29 20:00:00+00:00,148.9145,TRAILING_STOP,7,-3.46,3.7503,3.7475,9.3706,-10.96,-0.367
163,SOLUSDT,LONG,spot,STRICT_SUPPORT,2025-04-30 11:45:00+00:00,147.4349,147.2532,0.4161,2025-04-30 11:45:00+00:00,147.94,2025-04-30 12:00:00+00:00,147.59,0.025116,0.0,2025-04-30 12:15:00+00:00,147.6638,39.990125,5905.09,147.17,147.17,0,2025-04-30 12:30:00+00:00,146.6297,STOP_LOSS,1,-41.35,4.7241,4.691,11.7482,-50.77,-2.571
164,SOLUSDT,LONG,spot,STRICT_SUPPORT,2025-05-02 13:00:00+00:00,150.123,150.0578,0.672,2025-05-02 13:00:00+00:00,150.16,2025-05-02 13:15:00+00:00,150.53,0.037007,0.0,2025-05-02 13:30:00+00:00,150.6053,38.875358,5854.83,149.9234,150.4619,3,2025-05-02 15:00:00+00:00,150.2362,TRAILING_STOP,6,-14.35,4.6839,4.6724,11.6881,-23.7,-0.894
165,ETHUSDT,LONG,spot,STRICT_SUPPORT,2025-05-05 22:30:00+00:00,1816.6078,1813.9791,6.7209,2025-05-05 22:30:00+00:00,1830.48,2025-05-05 23:45:00+00:00,1820.19,0.492216,0.0,2025-05-06 00:00:00+00:00,1821.1001,3.202113,5831.37,1812.635,1812.635,0,2025-05-06 00:30:00+00:00,1809.916,STOP_LOSS,2,-35.81,4.6651,4.6364,11.609,-45.11,-1.664
166,BTCUSDT,LONG,spot,STRICT_SUPPORT,2025-05-12 06:15:00+00:00,104074.2712,104013.5446,241.9065,2025-05-12 06:15:00+00:00,104201.45,2025-05-12 08:00:00+00:00,104296.96,3.428751,0.0,2025-05-12 08:15:00+00:00,104349.1085,0.055455,5786.7,103965.1633,104206.9796,8,2025-05-12 11:30:00+00:00,104050.6691,TRAILING_STOP,13,-16.55,4.6294,4.6161,11.5486,-25.8,-1.212
167,BTCUSDT,LONG,spot,STRICT_SUPPORT,2025-05-14 10:45:00+00:00,103700.9962,103613.2704,238.9953,2025-05-14 10:45:00+00:00,103708.49,2025-05-14 11:00:00+00:00,103952.39,7.503845,0.0,2025-05-14 11:15:00+00:00,104004.3662,0.055394,5761.17,103565.4713,103565.4713,0,2025-05-14 13:45:00+00:00,103410.1231,STOP_LOSS,10,-32.92,4.6089,4.5826,11.473,-42.11,-1.732
168,BNBUSDT,LONG,spot,STRICT_SUPPORT,2025-05-27 03:15:00+00:00,672.6062,672.1521,1.7782,2025-05-27 03:15:00+00:00,672.93,2025-05-27 05:15:00+00:00,673.46,0.143757,0.0,2025-05-27 05:30:00+00:00,673.7867,8.488561,5719.48,671.7965,678.0165,3,2025-05-27 06:45:00+00:00,676.9995,TRAILING_STOP,5,27.27,4.5756,4.5974,11.4799,18.1,1.071
169,ETHUSDT,LONG,spot,STRICT_SUPPORT,2025-06-05 03:45:00+00:00,2620.5749,2618.1326,8.2153,2025-06-05 03:45:00+00:00,2624.99,2025-06-05 04:00:00+00:00,2625.48,0.415114,0.0,2025-06-05 04:15:00+00:00,2626.7927,2.184183,5737.4,2616.4895,2616.4895,0,2025-06-05 05:30:00+00:00,2612.5648,STOP_LOSS,5,-31.08,4.5899,4.5651,11.4282,-40.23,-1.788
170,BNBUSDT,LONG,spot,STRICT_SUPPORT,2025-06-17 02:45:00+00:00,654.9611,654.2479,1.8508,2025-06-17 02:45:00+00:00,655.48,2025-06-17 03:00:00+00:00,655.47,0.108852,0.0,2025-06-17 03:15:00+00:00,655.7977,8.687996,5697.57,653.8778,656.6888,1,2025-06-17 07:15:00+00:00,655.7037,TRAILING_STOP,16,-0.82,4.5581,4.5574,11.3939,-9.93,-0.595
171,SOLUSDT,LONG,spot,STRICT_SUPPORT,2025-06-27 15:30:00+00:00,142.1673,141.7771,0.8454,2025-06-27 15:30:00+00:00,143.33,2025-06-27 17:15:00+00:00,142.34,0.082669,0.0,2025-06-27 17:30:00+00:00,142.4112,35.766592,5093.56,141.608,141.608,0,2025-06-27 17:45:00+00:00,141.3377,STOP_LOSS,1,-38.4,4.0748,4.0441,10.1295,-46.51,-1.619
172,ETHUSDT,LONG,spot,STRICT_SUPPORT,2025-06-30 15:45:00+00:00,2467.5197,2462.049,15.5353,2025-06-30 15:45:00+00:00,2474.78,2025-06-30 16:00:00+00:00,2477.39,1.140295,0.0,2025-06-30 16:15:00+00:00,2478.6387,1.446603,3585.61,2458.942,2498.4596,11,2025-06-30 21:00:00+00:00,2494.7119,TRAILING_STOP,19,23.25,2.8685,2.8871,7.2061,17.5,0.614
173,SOLUSDT,LONG,spot,STRICT_SUPPORT,2025-07-12 01:45:00+00:00,163.2558,162.9314,0.7586,2025-07-12 01:45:00+00:00,163.44,2025-07-12 02:00:00+00:00,163.53,0.054174,0.0,2025-07-12 02:15:00+00:00,163.6018,34.590136,5659.01,162.7796,162.7796,0,2025-07-12 04:30:00+00:00,162.5355,STOP_LOSS,9,-36.88,4.5272,4.4977,11.2627,-45.91,-1.614
174,SOLUSDT,LONG,spot,STRICT_SUPPORT,2025-07-12 06:30:00+00:00,163.1564,163.0001,0.5995,2025-07-12 06:30:00+00:00,163.39,2025-07-12 06:45:00+00:00,163.47,0.053574,0.0,2025-07-12 07:00:00+00:00,163.5517,34.322829,5613.56,162.8802,162.8802,0,2025-07-12 07:30:00+00:00,162.6359,STOP_LOSS,2,-31.43,4.4908,4.4657,11.18,-40.39,-1.752
175,SOLUSDT,LONG,spot,STRICT_SUPPORT,2025-07-14 01:00:00+00:00,161.7889,161.5132,0.744,2025-07-14 01:00:00+00:00,161.9,2025-07-14 01:15:00+00:00,161.92,0.061133,0.0,2025-07-14 01:30:00+00:00,162.011,34.402438,5573.57,161.3644,166.5982,12,2025-07-14 05:45:00+00:00,166.3483,TRAILING_STOP,17,149.22,4.4589,4.5782,11.371,140.18,6.302
176,SOLUSDT,LONG,spot,STRICT_SUPPORT,2025-07-15 22:15:00+00:00,161.4494,161.0912,0.8317,2025-07-15 22:15:00+00:00,161.87,2025-07-15 22:30:00+00:00,162.16,0.010566,0.0,2025-07-15 22:45:00+00:00,162.2511,21.753091,3529.46,160.9248,163.9512,11,2025-07-16 01:45:00+00:00,163.7053,TRAILING_STOP,12,31.63,2.8236,2.8489,7.1064,25.96,0.9
177,BNBUSDT,LONG,spot,STRICT_SUPPORT,2025-07-19 10:15:00+00:00,732.4843,732.279,2.0958,2025-07-19 10:15:00+00:00,732.57,2025-07-19 10:30:00+00:00,737.86,0.075661,0.0,2025-07-19 10:45:00+00:00,738.2289,4.550147,3359.05,731.8599,731.8599,0,2025-07-19 14:30:00+00:00,730.7621,STOP_LOSS,15,-33.98,2.6872,2.6601,6.6671,-39.32,-1.357
178,SOLUSDT,LONG,spot,STRICT_SUPPORT,2025-07-20 00:45:00+00:00,176.9001,176.7801,0.7191,2025-07-20 00:45:00+00:00,177.66,2025-07-20 02:30:00+00:00,177.5,0.069949,0.0,2025-07-20 02:45:00+00:00,177.5988,29.905474,5311.17,176.6363,177.2514,4,2025-07-20 05:00:00+00:00,176.9855,TRAILING_STOP,9,-18.34,4.2489,4.2343,10.5948,-26.82,-0.932
179,BTCUSDT,LONG,spot,STRICT_SUPPORT,2025-07-20 08:15:00+00:00,117992.2361,117942.3367,143.9702,2025-07-20 08:15:00+00:00,118169.69,2025-07-20 08:45:00+00:00,118151.14,7.763884,0.0,2025-07-20 09:00:00+00:00,118210.2256,0.047987,5672.57,117913.5427,117913.5427,0,2025-07-20 09:45:00+00:00,117736.6724,STOP_LOSS,3,-22.72,4.5381,4.5199,11.311,-31.78,-2.232
180,BNBUSDT,LONG,spot,STRICT_SUPPORT,2025-07-22 11:00:00+00:00,760.5026,759.3505,3.248,2025-07-22 11:00:00+00:00,762.91,2025-07-22 11:30:00+00:00,762.83,0.11736,0.0,2025-07-22 11:45:00+00:00,763.2014,6.33048,4831.43,758.7009,758.7009,0,2025-07-22 14:00:00+00:00,757.5628,STOP_LOSS,9,-35.69,3.8651,3.8366,9.6093,-43.4,-1.523
181,BTCUSDT,LONG,spot,STRICT_SUPPORT,2025-07-24 08:45:00+00:00,118391.9917,118308.3058,325.6608,2025-07-24 08:45:00+00:00,118775.28,2025-07-24 09:30:00+00:00,118572.91,29.868258,0.0,2025-07-24 09:45:00+00:00,118632.2065,0.047189,5598.14,118243.1736,118243.1736,0,2025-07-24 10:15:00+00:00,118065.8088,STOP_LOSS,2,-26.73,4.4785,4.4571,11.1562,-35.66,-1.943
182,BNBUSDT,LONG,spot,STRICT_SUPPORT,2025-07-24 15:45:00+00:00,771.6679,769.5857,5.0276,2025-07-24 15:45:00+00:00,778.21,2025-07-24 16:15:00+00:00,771.82,0.022124,0.0,2025-07-24 16:30:00+00:00,772.2059,7.203822,5562.83,768.5802,779.3162,10,2025-07-24 19:45:00+00:00,778.1472,TRAILING_STOP,13,42.8,4.4503,4.4845,11.1899,33.87,1.297
183,BNBUSDT,LONG,spot,STRICT_SUPPORT,2025-07-25 12:30:00+00:00,769.3794,767.8142,3.794,2025-07-25 12:30:00+00:00,774.69,2025-07-25 14:00:00+00:00,769.81,0.2106,0.0,2025-07-25 14:15:00+00:00,770.1949,7.266161,5596.36,767.0554,767.0554,0,2025-07-25 14:30:00+00:00,765.9049,STOP_LOSS,1,-31.17,4.4771,4.4522,11.146,-40.1,-1.758
184,BNBUSDT,LONG,spot,STRICT_SUPPORT,2025-07-31 16:15:00+00:00,798.9488,798.3132,4.0666,2025-07-31 16:15:00+00:00,804.16,2025-07-31 18:00:00+00:00,800.7,0.381176,0.0,2025-07-31 18:15:00+00:00,801.1004,6.936285,5556.66,797.4999,798.7093,1,2025-07-31 19:00:00+00:00,797.5112,TRAILING_STOP,3,-24.9,4.4453,4.4254,11.076,-33.77,-1.352
185,ETHUSDT,LONG,spot,STRICT_SUPPORT,2025-08-10 16:30:00+00:00,4215.9324,4208.0736,16.7819,2025-08-10 16:30:00+00:00,4234.11,2025-08-10 18:15:00+00:00,4224.48,1.367586,0.0,2025-08-10 18:30:00+00:00,4226.5822,1.275786,5392.22,4204.7172,4234.2885,3,2025-08-10 20:00:00+00:00,4227.9371,TRAILING_STOP,6,1.73,4.3138,4.3152,10.787,-6.9,-0.247
186,BNBUSDT,LONG,spot,STRICT_SUPPORT,2025-08-11 18:30:00+00:00,807.1703,805.6851,3.5734,2025-08-11 18:30:00+00:00,808.05,2025-08-11 18:45:00+00:00,810.01,0.129718,0.0,2025-08-11 19:00:00+00:00,810.425,5.107775,4139.47,804.9705,804.9705,0,2025-08-11 19:45:00+00:00,803.763,STOP_LOSS,3,-34.03,3.3116,3.2844,8.2279,-40.62,-1.458
187,BNBUSDT,LONG,spot,STRICT_SUPPORT,2025-08-19 09:45:00+00:00,843.2746,842.1984,2.9504,2025-08-19 09:45:00+00:00,844.48,2025-08-19 10:00:00+00:00,843.62,0.155449,0.0,2025-08-19 10:15:00+00:00,844.0418,6.488046,5476.18,841.6083,844.4816,6,2025-08-19 12:30:00+00:00,843.2149,TRAILING_STOP,9,-5.37,4.3809,4.3767,10.9443,-14.12,-0.894
188,SOLUSDT,LONG,spot,STRICT_SUPPORT,2025-08-24 23:00:00+00:00,205.9981,205.229,2.1226,2025-08-24 23:00:00+00:00,206.05,2025-08-24 23:15:00+00:00,206.66,0.01193,0.0,2025-08-24 23:30:00+00:00,206.7733,14.011912,2897.29,204.8045,204.8045,0,2025-08-25 00:30:00+00:00,204.4973,STOP_LOSS,4,-31.89,2.3178,2.2923,5.7467,-36.5,-1.323
189,SOLUSDT,LONG,spot,STRICT_SUPPORT,2025-08-25 01:15:00+00:00,205.8969,205.4513,2.3391,2025-08-25 01:15:00+00:00,207.73,2025-08-25 01:30:00+00:00,206.0,0.083075,0.0,2025-08-25 01:45:00+00:00,206.103,24.47761,5044.91,204.9834,209.1853,7,2025-08-25 03:45:00+00:00,208.8715,TRAILING_STOP,8,67.77,4.0359,4.0901,10.1915,59.64,2.176
190,BNBUSDT,LONG,spot,STRICT_SUPPORT,2025-08-27 13:30:00+00:00,858.5224,857.4339,2.7908,2025-08-27 13:30:00+00:00,859.69,2025-08-27 13:45:00+00:00,859.17,0.047631,0.0,2025-08-27 14:00:00+00:00,859.5996,6.381005,5485.11,856.8757,862.7582,12,2025-08-27 19:00:00+00:00,861.4641,TRAILING_STOP,20,11.9,4.3881,4.3976,10.9881,3.11,0.179
191,ETHUSDT,LONG,spot,STRICT_SUPPORT,2025-09-04 11:30:00+00:00,4405.8575,4401.0812,18.4949,2025-09-04 11:30:00+00:00,4420.46,2025-09-04 11:45:00+00:00,4407.03,0.562507,0.0,2025-09-04 12:00:00+00:00,4409.2435,1.244701,5488.19,4397.3822,4397.3822,0,2025-09-04 12:30:00+00:00,4390.7861,STOP_LOSS,2,-22.97,4.3906,4.3722,10.9419,-31.74,-2.15
192,BTCUSDT,LONG,spot,STRICT_SUPPORT,2025-09-08 02:30:00+00:00,111080.216,111003.546,254.1299,2025-09-08 02:30:00+00:00,111188.61,2025-09-08 02:45:00+00:00,111240.0,22.813964,0.0,2025-09-08 03:00:00+00:00,111295.61,0.04903,5456.77,110952.72,110952.72,0,2025-09-08 04:00:00+00:00,110786.2909,STOP_LOSS,4,-24.97,4.3654,4.3454,10.8761,-33.68,-2.004
193,BNBUSDT,LONG,spot,STRICT_SUPPORT,2025-09-10 01:15:00+00:00,878.9237,877.9857,1.9951,2025-09-10 01:15:00+00:00,879.0,2025-09-10 01:30:00+00:00,880.02,0.066333,0.0,2025-09-10 01:45:00+00:00,880.47,6.159693,5423.42,877.5866,882.514,4,2025-09-10 07:30:00+00:00,881.1902,TRAILING_STOP,23,4.44,4.3387,4.3423,10.8535,-4.24,-0.239
194,ETHUSDT,LONG,spot,STRICT_SUPPORT,2025-09-10 07:00:00+00:00,4312.1168,4310.3828,10.0663,2025-09-10 07:00:00+00:00,4318.79,2025-09-10 07:15:00+00:00,4331.0,0.573202,0.0,2025-09-10 07:30:00+00:00,4333.1655,1.103801,4782.95,4308.3695,4363.4362,1,2025-09-10 12:45:00+00:00,4356.891,TRAILING_STOP,21,26.19,3.8264,3.8473,9.6052,18.51,0.676
195,BNBUSDT,LONG,spot,STRICT_SUPPORT,2025-09-24 17:00:00+00:00,1016.1205,1015.0747,4.0056,2025-09-24 17:00:00+00:00,1017.46,2025-09-24 17:15:00+00:00,1018.6,0.16955,0.0,2025-09-24 17:30:00+00:00,1019.1093,5.335592,5437.55,1014.2736,1014.2736,0,2025-09-24 18:15:00+00:00,1012.7521,STOP_LOSS,3,-33.92,4.35,4.3229,10.8242,-42.59,-1.651
196,BNBUSDT,LONG,spot,STRICT_SUPPORT,2025-09-24 22:15:00+00:00,1016.2183,1015.5194,2.9127,2025-09-24 22:15:00+00:00,1017.21,2025-09-24 23:00:00+00:00,1018.55,0.001747,0.0,2025-09-24 23:15:00+00:00,1019.0493,5.294528,5395.39,1014.9368,1014.9368,0,2025-09-25 01:00:00+00:00,1013.4144,STOP_LOSS,7,-29.83,4.3163,4.2924,10.746,-38.44,-1.766
197,BNBUSDT,LONG,spot,STRICT_SUPPORT,2025-09-28 13:00:00+00:00,969.6528,969.2478,2.9732,2025-09-28 13:00:00+00:00,970.6,2025-09-28 13:15:00+00:00,972.46,0.297171,0.0,2025-09-28 13:30:00+00:00,972.9462,5.506293,5357.33,968.6531,977.1693,15,2025-09-28 19:00:00+00:00,975.7035,TRAILING_STOP,22,15.18,4.2859,4.298,10.7374,6.6,0.279
198,ETHUSDT,LONG,spot,STRICT_SUPPORT,2025-09-30 21:30:00+00:00,4151.4552,4147.6605,16.8982,2025-09-30 21:30:00+00:00,4172.02,2025-09-30 21:45:00+00:00,4152.74,1.02479,0.0,2025-09-30 22:00:00+00:00,4154.8164,1.290998,5363.86,4144.2809,4144.2809,0,2025-09-30 22:30:00+00:00,4138.0645,STOP_LOSS,2,-21.63,4.2911,4.2738,10.6953,-30.19,-2.22
200,SOLUSDT,LONG,spot,STRICT_SUPPORT,2025-10-01 05:30:00+00:00,208.8884,208.5564,1.097,2025-10-01 05:30:00+00:00,209.39,2025-10-01 05:45:00+00:00,208.97,0.061595,0.0,2025-10-01 06:00:00+00:00,209.0845,25.49087,5329.75,208.337,208.337,0,2025-10-01 06:15:00+00:00,208.0245,STOP_LOSS,1,-27.02,4.2638,4.2422,10.619,-35.53,-1.864
199,BNBUSDT,LONG,spot,STRICT_SUPPORT,2025-10-01 04:15:00+00:00,1009.302,1008.4048,3.6825,2025-10-01 04:15:00+00:00,1011.3,2025-10-01 04:45:00+00:00,1009.97,0.23796,0.0,2025-10-01 05:00:00+00:00,1010.465,5.278728,5333.97,1007.6683,1027.8231,7,2025-10-01 10:00:00+00:00,1026.2814,TRAILING_STOP,20,83.49,4.2672,4.334,10.7932,74.89,5.073
201,ETHUSDT,LONG,spot,STRICT_SUPPORT,2025-10-04 13:00:00+00:00,4494.2941,4490.7221,12.0167,2025-10-04 13:00:00+00:00,4499.55,2025-10-04 14:00:00+00:00,4507.41,0.845866,0.0,2025-10-04 14:15:00+00:00,4509.6737,1.191425,5372.94,4488.3187,4488.3187,0,2025-10-04 14:45:00+00:00,4481.5863,STOP_LOSS,2,-33.46,4.2984,4.2716,10.6957,-42.03,-1.652
202,BNBUSDT,LONG,spot,STRICT_SUPPORT,2025-10-04 22:00:00+00:00,1150.4025,1149.0902,3.8309,2025-10-04 22:00:00+00:00,1153.02,2025-10-04 22:15:00+00:00,1151.86,0.267537,0.0,2025-10-04 22:30:00+00:00,1152.4359,4.626136,5331.33,1148.324,1148.324,0,2025-10-04 22:45:00+00:00,1146.6015,STOP_LOSS,1,-26.99,4.2651,4.2435,10.6222,-35.5,-1.866
203,BNBUSDT,LONG,spot,STRICT_SUPPORT,2025-10-05 22:30:00+00:00,1160.3879,1159.0246,3.661,2025-10-05 22:30:00+00:00,1161.72,2025-10-05 22:45:00+00:00,1161.88,0.172081,0.0,2025-10-05 23:00:00+00:00,1162.4509,4.556047,5296.18,1158.2924,1165.6419,2,2025-10-06 00:30:00+00:00,1163.8935,TRAILING_STOP,6,6.57,4.2369,4.2422,10.6022,-1.91,-0.101
204,ETHUSDT,LONG,spot,STRICT_SUPPORT,2025-10-06 02:30:00+00:00,4519.4346,4516.251,17.3756,2025-10-06 02:30:00+00:00,4520.82,2025-10-06 02:45:00+00:00,4538.32,1.385361,0.0,2025-10-06 03:00:00+00:00,4540.5792,0.961716,4366.75,4512.7759,4512.7759,0,2025-10-06 05:15:00+00:00,4506.0067,STOP_LOSS,9,-33.25,3.4934,3.4668,8.6836,-40.21,-1.504
205,BNBUSDT,LONG,spot,STRICT_SUPPORT,2025-10-19 11:00:00+00:00,1090.7517,1089.2401,8.8919,2025-10-19 11:00:00+00:00,1107.76,2025-10-19 13:00:00+00:00,1093.78,0.518253,0.0,2025-10-19 13:15:00+00:00,1094.3369,3.859968,4224.11,1087.4618,1120.6477,15,2025-10-19 17:45:00+00:00,1118.9667,TRAILING_STOP,18,95.07,3.3793,3.4553,8.5908,88.24,3.325
206,SOLUSDT,LONG,spot,STRICT_SUPPORT,2025-10-28 02:00:00+00:00,200.0813,199.9505,0.9989,2025-10-28 02:00:00+00:00,200.97,2025-10-28 02:15:00+00:00,200.8,0.048704,0.0,2025-10-28 02:30:00+00:00,200.9004,23.465889,4714.31,199.7507,199.7507,0,2025-10-28 02:45:00+00:00,199.4511,STOP_LOSS,1,-34.01,3.7714,3.7442,9.3776,-41.53,-1.539
207,SOLUSDT,LONG,spot,STRICT_SUPPORT,2025-10-28 03:15:00+00:00,200.3019,200.1529,1.2362,2025-10-28 03:15:00+00:00,201.57,2025-10-28 04:00:00+00:00,201.48,0.11809,0.0,2025-10-28 04:15:00+00:00,201.5907,15.887297,3202.73,199.9057,199.9057,0,2025-10-28 05:30:00+00:00,199.6058,STOP_LOSS,5,-31.54,2.5622,2.537,6.3582,-36.63,-1.368
209,BNBUSDT,LONG,spot,STRICT_SUPPORT,2025-11-09 12:00:00+00:00,989.2377,988.7977,2.8467,2025-11-09 12:00:00+00:00,989.33,2025-11-09 12:15:00+00:00,991.47,0.032274,0.0,2025-11-09 12:30:00+00:00,991.9757,5.303492,5260.94,988.2283,988.2283,0,2025-11-09 12:45:00+00:00,986.746,STOP_LOSS,1,-27.74,4.2087,4.1866,10.4803,-36.13,-1.818
208,SOLUSDT,LONG,spot,STRICT_SUPPORT,2025-11-09 11:15:00+00:00,158.5385,158.2308,0.7057,2025-11-09 11:15:00+00:00,159.08,2025-11-09 12:00:00+00:00,158.95,0.051522,0.0,2025-11-09 12:15:00+00:00,159.0395,27.992993,4451.99,158.0897,160.7138,5,2025-11-09 14:45:00+00:00,160.4727,TRAILING_STOP,10,40.12,3.5616,3.5937,8.9642,32.96,1.24
210,ETHUSDT,LONG,spot,STRICT_SUPPORT,2025-11-19 10:30:00+00:00,3082.8335,3078.2759,17.5566,2025-11-19 10:30:00+00:00,3099.79,2025-11-19 10:45:00+00:00,3092.0,1.646537,0.0,2025-11-19 11:00:00+00:00,3093.536,1.415576,4379.13,3074.7646,3074.7646,0,2025-11-19 13:30:00+00:00,3070.1524,STOP_LOSS,10,-33.1,3.5033,3.4768,8.7086,-40.08,-1.508
211,BTCUSDT,LONG,spot,STRICT_SUPPORT,2025-11-25 18:00:00+00:00,87438.6449,87318.8822,406.9742,2025-11-25 18:00:00+00:00,87623.56,2025-11-25 18:30:00+00:00,87509.99,11.355084,0.0,2025-11-25 18:45:00+00:00,87553.755,0.059639,5221.65,87237.4874,87237.4874,0,2025-11-25 19:00:00+00:00,87106.6311,STOP_LOSS,1,-26.67,4.1773,4.156,10.4033,-35.0,-1.856
212,SOLUSDT,LONG,spot,STRICT_SUPPORT,2025-11-25 19:45:00+00:00,136.2584,135.9752,1.0834,2025-11-25 19:45:00+00:00,136.72,2025-11-25 20:00:00+00:00,136.7,0.011589,0.0,2025-11-25 20:15:00+00:00,136.7683,25.942142,3548.06,135.7585,136.4775,6,2025-11-25 22:00:00+00:00,136.2728,TRAILING_STOP,7,-12.86,2.8385,2.8282,7.0768,-18.52,-0.707
213,BNBUSDT,LONG,spot,STRICT_SUPPORT,2025-11-28 09:15:00+00:00,892.5618,891.231,3.7427,2025-11-28 09:15:00+00:00,894.77,2025-11-28 09:30:00+00:00,893.47,0.038165,0.0,2025-11-28 09:45:00+00:00,893.9067,5.782102,5168.66,890.4825,892.6844,1,2025-11-28 11:15:00+00:00,891.3454,TRAILING_STOP,6,-14.81,4.1349,4.1231,10.3151,-23.07,-1.165
214,BNBUSDT,LONG,spot,STRICT_SUPPORT,2025-12-08 00:15:00+00:00,894.9469,893.149,4.33,2025-12-08 00:15:00+00:00,896.0,2025-12-08 00:30:00+00:00,897.79,0.403057,0.0,2025-12-08 00:45:00+00:00,898.2389,4.363581,3919.54,892.283,901.7181,4,2025-12-08 02:30:00+00:00,900.0479,TRAILING_STOP,7,7.89,3.1356,3.1419,7.8509,1.62,0.062
215,ETHUSDT,LONG,spot,STRICT_SUPPORT,2025-12-09 11:45:00+00:00,3114.3765,3111.8016,9.0629,2025-12-09 11:45:00+00:00,3118.35,2025-12-09 12:00:00+00:00,3116.49,0.413459,0.0,2025-12-09 12:15:00+00:00,3118.0583,1.650842,5147.42,3109.989,3122.2676,3,2025-12-09 13:30:00+00:00,3117.5842,TRAILING_STOP,5,-0.78,4.1179,4.1173,10.2937,-9.02,-0.677
216,ETHUSDT,LONG,spot,STRICT_SUPPORT,2025-12-09 15:00:00+00:00,3118.3457,3116.1285,19.0646,2025-12-09 15:00:00+00:00,3123.96,2025-12-09 15:15:00+00:00,3155.34,1.664342,0.0,2025-12-09 15:30:00+00:00,3156.9077,0.581986,1837.28,3112.3156,3353.4574,15,2025-12-09 19:30:00+00:00,3348.4272,TRAILING_STOP,16,111.46,1.4698,1.559,3.8417,108.43,4.178
217,SOLUSDT,LONG,spot,STRICT_SUPPORT,2025-12-10 19:00:00+00:00,137.4664,137.2216,1.4213,2025-12-10 19:00:00+00:00,138.63,2025-12-10 19:15:00+00:00,137.73,0.003596,0.0,2025-12-10 19:30:00+00:00,137.8089,30.400191,4189.42,136.9374,138.9086,3,2025-12-10 20:45:00+00:00,138.7002,TRAILING_STOP,5,27.1,3.3515,3.3732,8.4195,20.37,0.769
218,SOLUSDT,LONG,spot,STRICT_SUPPORT,2025-12-22 04:30:00+00:00,125.9492,125.6329,0.6406,2025-12-22 04:30:00+00:00,126.33,2025-12-22 06:00:00+00:00,126.08,0.010775,0.0,2025-12-22 06:15:00+00:00,126.143,41.668383,5256.18,125.5048,126.2551,2,2025-12-22 08:45:00+00:00,126.0657,TRAILING_STOP,10,-3.22,4.2049,4.2024,10.5075,-11.63,-0.437
219,ETHUSDT,LONG,spot,STRICT_SUPPORT,2025-12-31 21:15:00+00:00,2979.4421,2976.9146,8.5713,2025-12-31 21:15:00+00:00,2980.48,2025-12-31 21:30:00+00:00,2982.84,0.167915,0.0,2025-12-31 21:45:00+00:00,2984.3314,1.760695,5254.5,2975.2004,2975.2004,0,2025-12-31 22:45:00+00:00,2970.7376,STOP_LOSS,4,-23.93,4.2036,4.1845,10.4731,-32.32,-2.01
220,BTCUSDT,LONG,spot,STRICT_SUPPORT,2026-01-11 23:45:00+00:00,90788.1215,90765.4442,216.4003,2026-01-11 23:45:00+00:00,91013.65,2026-01-12 00:00:00+00:00,90917.71,11.878535,0.0,2026-01-12 00:15:00+00:00,90963.1689,0.057413,5222.5,90722.1642,90722.1642,0,2026-01-12 00:45:00+00:00,90586.0809,STOP_LOSS,2,-21.65,4.178,4.1607,10.4125,-29.99,-2.167
221,BNBUSDT,LONG,spot,STRICT_SUPPORT,2026-01-12 04:00:00+00:00,906.7976,905.6103,2.803,2026-01-12 04:00:00+00:00,907.11,2026-01-12 05:45:00+00:00,907.94,0.192432,0.0,2026-01-12 06:00:00+00:00,908.404,5.716411,5192.81,905.0497,905.0497,0,2026-01-12 07:30:00+00:00,903.6921,STOP_LOSS,6,-26.93,4.1542,4.1327,10.3452,-35.22,-1.837
222,BNBUSDT,LONG,spot,STRICT_SUPPORT,2026-01-12 18:15:00+00:00,904.5261,903.647,2.5953,2026-01-12 18:15:00+00:00,907.21,2026-01-12 18:30:00+00:00,905.75,0.103928,0.0,2026-01-12 18:45:00+00:00,906.2029,5.691817,5157.94,903.1279,903.1279,0,2026-01-12 21:45:00+00:00,901.7732,STOP_LOSS,12,-25.21,4.1264,4.1062,10.2781,-33.45,-1.911
223,SOLUSDT,LONG,spot,STRICT_SUPPORT,2026-01-16 18:45:00+00:00,142.959,142.7898,0.6645,2026-01-16 18:45:00+00:00,143.53,2026-01-16 19:15:00+00:00,143.55,0.051036,0.0,2026-01-16 19:30:00+00:00,143.6218,26.825654,3852.75,142.6569,144.7288,13,2026-01-17 00:00:00+00:00,144.5117,TRAILING_STOP,18,23.87,3.0822,3.1013,7.7413,17.69,0.683
224,BNBUSDT,LONG,spot,STRICT_SUPPORT,2026-01-24 02:30:00+00:00,891.7964,891.2703,1.337,2026-01-24 02:30:00+00:00,892.97,2026-01-24 03:00:00+00:00,893.42,0.003568,0.0,2026-01-24 03:15:00+00:00,893.8667,5.75292,5142.34,891.0029,891.0029,0,2026-01-24 11:15:00+00:00,893.2132,TIME_EXIT_8H,32,-3.76,4.1139,4.1109,5.1405,-11.98,-0.727
225,BNBUSDT,LONG,spot,STRICT_SUPPORT,2026-01-26 18:45:00+00:00,873.993,872.9902,2.8584,2026-01-26 18:45:00+00:00,878.07,2026-01-26 19:45:00+00:00,874.4,0.107042,0.0,2026-01-26 20:00:00+00:00,874.8372,5.864495,5130.48,872.4186,872.4186,0,2026-01-26 20:45:00+00:00,871.1099,STOP_LOSS,3,-21.86,4.1044,4.0869,10.2282,-30.05,-2.119
226,ETHUSDT,LONG,spot,STRICT_SUPPORT,2026-02-07 12:45:00+00:00,2035.6561,2027.3976,18.8577,2026-02-07 12:45:00+00:00,2041.33,2026-02-07 13:00:00+00:00,2039.73,0.803946,0.0,2026-02-07 13:15:00+00:00,2040.7499,1.504414,3070.13,2023.6261,2023.6261,0,2026-02-07 14:30:00+00:00,2020.5906,STOP_LOSS,5,-30.33,2.4561,2.4318,6.0948,-35.22,-1.367
227,SOLUSDT,LONG,spot,STRICT_SUPPORT,2026-02-08 11:15:00+00:00,87.4682,87.2116,0.6309,2026-02-08 11:15:00+00:00,87.55,2026-02-08 11:30:00+00:00,88.02,0.041769,0.0,2026-02-08 11:45:00+00:00,88.074,25.879131,2279.28,87.0854,87.0854,0,2026-02-08 16:30:00+00:00,86.9547,STOP_LOSS,19,-28.97,1.8234,1.8003,4.5151,-32.59,-1.274
228,BTCUSDT,LONG,spot,STRICT_SUPPORT,2026-02-10 01:30:00+00:00,70253.0955,70156.9422,306.5792,2026-02-10 01:30:00+00:00,70465.6,2026-02-10 01:45:00+00:00,70486.82,24.064512,0.0,2026-02-10 02:00:00+00:00,70522.0634,0.059615,4204.2,70095.6263,70095.6263,0,2026-02-10 02:30:00+00:00,69990.4829,STOP_LOSS,2,-31.69,3.3634,3.338,8.3609,-38.39,-1.51
229,ETHUSDT,LONG,spot,STRICT_SUPPORT,2026-02-15 04:30:00+00:00,2073.8408,2067.9294,14.5178,2026-02-15 04:30:00+00:00,2077.85,2026-02-15 04:45:00+00:00,2076.31,0.159199,0.0,2026-02-15 05:00:00+00:00,2077.3482,2.047522,4253.42,2065.0258,2084.6415,11,2026-02-15 08:00:00+00:00,2081.5145,TRAILING_STOP,12,8.53,3.4027,3.4096,8.5196,1.72,0.068
230,BNBUSDT,LONG,spot,STRICT_SUPPORT,2026-02-17 19:15:00+00:00,619.9362,618.8893,3.4079,2026-02-17 19:15:00+00:00,621.57,2026-02-17 19:30:00+00:00,621.27,0.173847,0.0,2026-02-17 19:45:00+00:00,621.5806,7.482886,4651.22,618.2078,618.2078,0,2026-02-17 20:15:00+00:00,617.2804,STOP_LOSS,2,-32.18,3.721,3.6952,9.2542,-39.59,-1.569
231,SOLUSDT,LONG,spot,STRICT_SUPPORT,2026-02-20 15:30:00+00:00,83.3009,82.9323,0.853,2026-02-20 15:30:00+00:00,83.5,2026-02-20 15:45:00+00:00,84.38,0.029071,0.0,2026-02-20 16:00:00+00:00,84.4222,15.080193,1273.1,82.7617,82.7617,0,2026-02-21 00:00:00+00:00,84.6577,TIME_EXIT_8H,32,3.55,1.0185,1.0213,1.2749,1.51,0.06
232,BNBUSDT,LONG,spot,STRICT_SUPPORT,2026-02-26 21:30:00+00:00,623.0165,622.1146,2.0422,2026-02-26 21:30:00+00:00,623.51,2026-02-26 21:45:00+00:00,623.58,0.043455,0.0,2026-02-26 22:00:00+00:00,623.8818,7.949572,4959.59,621.7062,623.9119,3,2026-02-27 00:30:00+00:00,622.976,TRAILING_STOP,10,-7.2,3.9677,3.9619,9.9084,-15.13,-0.875
233,BTCUSDT,LONG,spot,STRICT_SUPPORT,2026-02-27 04:30:00+00:00,67509.63,67474.5891,272.4597,2026-02-27 04:30:00+00:00,67759.6,2026-02-27 06:15:00+00:00,67605.15,15.829992,0.0,2026-02-27 06:30:00+00:00,67638.9526,0.073103,4944.61,67420.0972,67705.1251,5,2026-02-27 09:30:00+00:00,67603.5674,TRAILING_STOP,12,-2.59,3.9557,3.9536,9.8853,-10.5,-0.656
234,BNBUSDT,LONG,spot,STRICT_SUPPORT,2026-03-02 13:00:00+00:00,620.4026,620.0591,2.0965,2026-03-02 13:00:00+00:00,621.02,2026-03-02 13:30:00+00:00,621.25,0.047372,0.0,2026-03-02 13:45:00+00:00,621.5606,7.938443,4934.22,619.6398,619.6398,0,2026-03-02 14:00:00+00:00,618.7103,STOP_LOSS,1,-22.63,3.9474,3.9293,9.8345,-30.5,-2.0
235,SOLUSDT,LONG,spot,STRICT_SUPPORT,2026-03-03 18:30:00+00:00,85.1596,84.8917,0.9705,2026-03-03 18:30:00+00:00,85.61,2026-03-03 18:45:00+00:00,85.38,0.040446,0.0,2026-03-03 19:00:00+00:00,85.4227,34.157819,2917.85,84.6976,84.6976,0,2026-03-03 20:45:00+00:00,84.5705,STOP_LOSS,7,-29.11,2.3343,2.311,5.792,-33.75,-1.363
236,ETHUSDT,LONG,spot,STRICT_SUPPORT,2026-03-03 22:45:00+00:00,1981.4547,1977.4628,11.0654,2026-03-03 22:45:00+00:00,1983.31,2026-03-03 23:00:00+00:00,1994.76,0.045296,0.0,2026-03-03 23:15:00+00:00,1995.7574,1.199507,2393.93,1975.2498,1975.2498,0,2026-03-04 00:30:00+00:00,1972.2869,STOP_LOSS,5,-28.15,1.9151,1.8926,4.7456,-31.96,-1.299
237,BNBUSDT,LONG,spot,STRICT_SUPPORT,2026-03-04 05:30:00+00:00,631.4591,631.105,2.7626,2026-03-04 05:30:00+00:00,633.02,2026-03-04 06:00:00+00:00,632.12,0.230907,0.0,2026-03-04 06:15:00+00:00,632.4261,7.651437,4838.97,630.5525,648.808,17,2026-03-04 11:30:00+00:00,647.8348,TRAILING_STOP,21,117.9,3.8712,3.9655,9.8548,110.06,7.678
238,BTCUSDT,LONG,spot,STRICT_SUPPORT,2026-03-04 05:30:00+00:00,68037.681,67968.2517,343.5245,2026-03-04 05:30:00+00:00,68206.36,2026-03-04 06:15:00+00:00,68128.53,10.948999,0.0,2026-03-04 06:30:00+00:00,68162.6043,0.070935,4835.14,67899.5468,71089.6452,19,2026-03-04 11:30:00+00:00,70983.0108,TRAILING_STOP,20,200.07,3.8681,4.0282,9.9704,192.17,10.298
239,BNBUSDT,LONG,spot,STRICT_SUPPORT,2026-03-11 12:45:00+00:00,641.4975,640.4431,2.4335,2026-03-11 12:45:00+00:00,641.76,2026-03-11 13:00:00+00:00,645.28,0.082463,0.0,2026-03-11 13:15:00+00:00,645.5926,4.60423,2972.46,639.9564,645.7877,1,2026-03-11 13:45:00+00:00,644.819,TRAILING_STOP,2,-3.56,2.378,2.3751,5.9396,-8.31,-0.32
240,SOLUSDT,LONG,spot,STRICT_SUPPORT,2026-03-12 16:30:00+00:00,86.4591,86.2567,0.8,2026-03-12 16:30:00+00:00,86.82,2026-03-12 16:45:00+00:00,86.79,0.070918,0.0,2026-03-12 17:00:00+00:00,86.8434,34.697332,3013.23,86.0967,86.0967,0,2026-03-12 18:15:00+00:00,85.9675,STOP_LOSS,5,-30.39,2.4106,2.3863,5.9809,-35.19,-1.358
241,BTCUSDT,LONG,spot,STRICT_SUPPORT,2026-03-12 16:45:00+00:00,70163.012,70045.2828,428.7913,2026-03-12 16:45:00+00:00,70381.16,2026-03-12 17:15:00+00:00,70300.01,39.828028,0.0,2026-03-12 17:30:00+00:00,70335.16,0.06894,4848.88,69959.5245,69959.5245,0,2026-03-12 18:15:00+00:00,69854.5852,STOP_LOSS,3,-33.13,3.8791,3.8526,9.6481,-40.86,-1.578
242,SOLUSDT,LONG,spot,STRICT_SUPPORT,2026-03-12 19:30:00+00:00,86.3956,86.2891,0.5131,2026-03-12 19:30:00+00:00,86.7,2026-03-12 20:30:00+00:00,86.46,0.024401,0.0,2026-03-12 20:45:00+00:00,86.4932,58.439933,5054.66,86.1865,86.1865,0,2026-03-12 21:30:00+00:00,86.0572,STOP_LOSS,3,-25.48,4.0437,4.0233,10.0711,-33.55,-1.871
243,SOLUSDT,LONG,spot,STRICT_SUPPORT,2026-03-17 16:15:00+00:00,94.1249,93.9973,0.6281,2026-03-17 16:15:00+00:00,94.53,2026-03-17 16:45:00+00:00,94.39,0.025116,0.0,2026-03-17 17:00:00+00:00,94.4372,44.847673,4235.29,93.8717,94.6527,5,2026-03-17 19:45:00+00:00,94.5107,TRAILING_STOP,11,3.3,3.3882,3.3909,8.4755,-3.48,-0.137
244,BNBUSDT,LONG,spot,STRICT_SUPPORT,2026-03-31 02:30:00+00:00,613.5901,613.2362,1.956,2026-03-31 02:30:00+00:00,616.91,2026-03-31 03:00:00+00:00,614.28,0.169921,0.0,2026-03-31 03:15:00+00:00,614.5971,8.164694,5018.0,612.845,612.845,0,2026-03-31 03:30:00+00:00,611.9257,STOP_LOSS,1,-21.81,4.0144,3.9969,10.0033,-29.82,-2.085
245,BNBUSDT,LONG,spot,STRICT_SUPPORT,2026-04-05 15:45:00+00:00,591.727,591.3956,1.8499,2026-04-05 15:45:00+00:00,593.13,2026-04-05 17:15:00+00:00,593.15,0.042973,0.0,2026-04-05 17:30:00+00:00,593.4466,8.405935,4988.47,591.0256,591.0256,0,2026-04-05 21:15:00+00:00,590.1391,STOP_LOSS,15,-27.8,3.9908,3.9685,9.9352,-35.76,-1.757
246,BNBUSDT,LONG,spot,STRICT_SUPPORT,2026-04-10 14:15:00+00:00,602.7436,602.2832,1.6195,2026-04-10 14:15:00+00:00,606.08,2026-04-10 15:45:00+00:00,603.27,0.066404,0.0,2026-04-10 16:00:00+00:00,603.5716,8.206265,4953.07,601.9593,607.8959,15,2026-04-10 20:30:00+00:00,606.9841,TRAILING_STOP,18,28.0,3.9625,3.9849,9.9481,20.06,1.516
247,ETHUSDT,LONG,spot,STRICT_SUPPORT,2026-04-13 14:30:00+00:00,2198.8685,2194.4665,12.5374,2026-04-13 14:30:00+00:00,2225.85,2026-04-13 15:30:00+00:00,2206.72,0.651528,0.0,2026-04-13 15:45:00+00:00,2207.8134,1.584161,3497.53,2191.959,2219.9789,7,2026-04-13 18:15:00+00:00,2216.6489,TRAILING_STOP,10,14.0,2.798,2.8092,7.0161,8.39,0.334
248,ETHUSDT,LONG,spot,STRICT_SUPPORT,2026-04-15 16:15:00+00:00,2334.0463,2329.0351,11.425,2026-04-15 16:15:00+00:00,2344.48,2026-04-15 16:45:00+00:00,2341.48,1.103662,0.0,2026-04-15 17:00:00+00:00,2342.6507,1.582186,3706.51,2326.7501,2364.1268,10,2026-04-15 20:00:00+00:00,2360.5806,TRAILING_STOP,12,28.37,2.9652,2.9879,7.4556,22.42,0.891
249,BTCUSDT,LONG,spot,STRICT_SUPPORT,2026-04-16 16:00:00+00:00,74533.7707,74413.7202,386.2019,2026-04-16 16:00:00+00:00,74658.58,2026-04-16 16:15:00+00:00,74570.37,34.809311,0.0,2026-04-16 16:30:00+00:00,74607.6552,0.067063,5003.42,74336.4798,74336.4798,0,2026-04-16 16:45:00+00:00,74213.3228,STOP_LOSS,1,-26.45,4.0027,3.9816,9.9672,-34.43,-1.893
250,BTCUSDT,LONG,spot,STRICT_SUPPORT,2026-04-17 06:15:00+00:00,74760.2633,74712.7006,131.1057,2026-04-17 06:15:00+00:00,74805.84,2026-04-17 06:30:00+00:00,74856.87,0.106669,0.0,2026-04-17 06:45:00+00:00,74894.2984,0.066351,4969.34,74686.4794,75795.7014,5,2026-04-17 09:30:00+00:00,75682.0079,TRAILING_STOP,11,52.27,3.9755,4.0173,10.0171,44.27,3.211
251,SOLUSDT,LONG,spot,STRICT_SUPPORT,2026-04-20 15:45:00+00:00,85.258,85.0186,0.5274,2026-04-20 15:45:00+00:00,85.86,2026-04-20 16:45:00+00:00,85.31,0.002045,0.0,2026-04-20 17:00:00+00:00,85.3527,57.609137,4917.09,84.9132,85.6652,14,2026-04-20 21:00:00+00:00,85.5367,TRAILING_STOP,16,10.6,3.9337,3.9422,9.8501,2.73,0.108
252,BNBUSDT,LONG,spot,STRICT_SUPPORT,2026-04-23 20:30:00+00:00,636.7812,636.1166,2.0039,2026-04-23 20:30:00+00:00,638.18,2026-04-23 21:15:00+00:00,637.62,0.078803,0.0,2026-04-23 21:30:00+00:00,637.9388,7.862609,5015.86,635.7158,638.3564,2,2026-04-24 01:00:00+00:00,637.3989,TRAILING_STOP,14,-4.25,4.0127,4.0093,10.0254,-12.27,-0.702
253,BTCUSDT,LONG,spot,STRICT_SUPPORT,2026-04-24 11:45:00+00:00,77898.5627,77871.358,196.8051,2026-04-24 11:45:00+00:00,78240.26,2026-04-24 13:45:00+00:00,78093.79,14.707332,0.0,2026-04-24 14:00:00+00:00,78132.8469,0.064041,5003.72,77831.997,77831.997,0,2026-04-24 14:15:00+00:00,77715.249,STOP_LOSS,1,-26.74,4.003,3.9816,9.9673,-34.73,-1.802
254,SOLUSDT,LONG,spot,STRICT_SUPPORT,2026-04-26 04:45:00+00:00,86.1463,86.1124,0.2169,2026-04-26 04:45:00+00:00,86.45,2026-04-26 05:00:00+00:00,86.54,0.003698,0.0,2026-04-26 05:15:00+00:00,86.5933,47.873759,4145.55,86.069,86.069,0,2026-04-26 12:45:00+00:00,85.9399,STOP_LOSS,30,-31.28,3.3164,3.2914,8.2442,-37.89,-1.51
255,ETHUSDT,LONG,spot,STRICT_SUPPORT,2026-05-04 01:30:00+00:00,2325.9285,2321.6437,10.4112,2026-05-04 01:30:00+00:00,2327.21,2026-05-04 01:45:00+00:00,2351.2,0.881455,0.0,2026-05-04 02:00:00+00:00,2352.3856,0.758839,1785.08,2319.5615,2378.436,9,2026-05-04 05:15:00+00:00,2374.8683,TRAILING_STOP,13,17.06,1.4281,1.4417,3.5958,14.19,0.57
256,SOLUSDT,LONG,spot,STRICT_SUPPORT,2026-05-04 17:15:00+00:00,84.5065,84.4624,0.4363,2026-05-04 17:15:00+00:00,84.9,2026-05-04 19:00:00+00:00,84.61,0.013504,0.0,2026-05-04 19:15:00+00:00,84.6623,58.418912,4945.88,84.3752,84.3752,0,2026-05-04 19:30:00+00:00,84.2486,STOP_LOSS,1,-24.17,3.9567,3.9374,9.8555,-32.06,-1.911
257,BNBUSDT,LONG,spot,STRICT_SUPPORT,2026-05-14 08:30:00+00:00,671.1264,670.4004,2.0188,2026-05-14 08:30:00+00:00,672.8,2026-05-14 09:00:00+00:00,671.65,0.143569,0.0,2026-05-14 09:15:00+00:00,671.9858,7.312859,4914.14,669.9966,669.9966,0,2026-05-14 09:30:00+00:00,668.9916,STOP_LOSS,1,-21.9,3.9313,3.9138,9.7954,-29.74,-2.045
258,BNBUSDT,LONG,spot,STRICT_SUPPORT,2026-05-21 16:00:00+00:00,650.8879,650.0415,1.9791,2026-05-21 16:00:00+00:00,651.98,2026-05-21 16:15:00+00:00,651.49,0.032119,0.0,2026-05-21 16:30:00+00:00,651.8057,7.494094,4884.69,649.6456,655.4369,5,2026-05-21 18:45:00+00:00,654.4537,TRAILING_STOP,9,19.84,3.9078,3.9236,9.7992,12.01,0.742
259,ETHUSDT,LONG,spot,STRICT_SUPPORT,2026-05-25 01:00:00+00:00,2101.7068,2099.3013,7.2702,2026-05-25 01:00:00+00:00,2106.39,2026-05-25 01:30:00+00:00,2102.43,0.453163,0.0,2026-05-25 01:45:00+00:00,2103.4812,2.327849,4896.59,2097.8472,2097.8472,0,2026-05-25 02:00:00+00:00,2090.9888,STOP_LOSS,1,-29.08,3.9173,3.894,9.7496,-36.89,-2.813
260,BNBUSDT,LONG,spot,STRICT_SUPPORT,2026-05-26 11:30:00+00:00,660.1881,659.7258,1.5901,2026-05-26 11:30:00+00:00,662.46,2026-05-26 12:00:00+00:00,661.66,0.02191,0.0,2026-05-26 12:15:00+00:00,661.9908,7.341587,4860.06,659.4078,664.0031,3,2026-05-26 14:30:00+00:00,663.0071,TRAILING_STOP,9,7.46,3.8881,3.894,9.7313,-0.32,-0.017
261,ETHUSDT,LONG,spot,STRICT_SUPPORT,2026-06-10 15:45:00+00:00,1642.1796,1637.4596,13.292,2026-06-10 15:45:00+00:00,1657.97,2026-06-10 16:15:00+00:00,1648.9,0.97041,0.0,2026-06-10 16:30:00+00:00,1649.7244,1.644697,2713.3,1634.8012,1634.8012,0,2026-06-10 16:45:00+00:00,1632.349,STOP_LOSS,1,-28.58,2.1706,2.1478,5.3837,-32.9,-1.34
262,ETHUSDT,LONG,spot,STRICT_SUPPORT,2026-06-13 01:15:00+00:00,1667.4124,1666.3431,3.0548,2026-06-13 01:15:00+00:00,1668.09,2026-06-13 01:30:00+00:00,1672.76,0.1876,0.0,2026-06-13 01:45:00+00:00,1673.5864,2.884332,4827.18,1665.7321,1665.7321,0,2026-06-13 02:45:00+00:00,1663.2335,STOP_LOSS,4,-29.86,3.8617,3.8379,9.6096,-37.56,-1.658
263,ETHUSDT,LONG,spot,STRICT_SUPPORT,2026-06-13 06:30:00+00:00,1667.0047,1666.1132,2.4513,2026-06-13 06:30:00+00:00,1667.09,2026-06-13 06:45:00+00:00,1669.7,0.075261,0.0,2026-06-13 07:00:00+00:00,1670.5449,2.867324,4789.99,1665.623,1673.92,6,2026-06-13 09:15:00+00:00,1671.4091,TRAILING_STOP,9,2.48,3.832,3.834,9.5837,-5.19,-0.368
264,SOLUSDT,LONG,spot,STRICT_SUPPORT,2026-06-13 06:30:00+00:00,66.9186,66.8531,0.1851,2026-06-13 06:30:00+00:00,66.93,2026-06-13 06:45:00+00:00,67.16,0.001395,0.0,2026-06-13 07:00:00+00:00,67.1936,64.09239,4306.6,66.8161,67.9832,11,2026-06-13 13:45:00+00:00,67.8812,TRAILING_STOP,27,44.07,3.4453,3.4805,8.6793,37.15,1.536
265,ETHUSDT,LONG,spot,STRICT_SUPPORT,2026-06-16 18:15:00+00:00,1788.6591,1783.9732,10.1313,2026-06-16 18:15:00+00:00,1795.46,2026-06-16 20:00:00+00:00,1794.55,0.870855,0.0,2026-06-16 20:15:00+00:00,1795.4473,1.803783,3238.6,1781.9469,1781.9469,0,2026-06-17 01:15:00+00:00,1779.274,STOP_LOSS,20,-29.17,2.5909,2.5675,6.4334,-34.33,-1.41
266,SOLUSDT,LONG,spot,STRICT_SUPPORT,2026-06-17 01:45:00+00:00,73.7891,73.6878,0.3404,2026-06-17 01:45:00+00:00,73.93,2026-06-17 02:00:00+00:00,73.95,0.010896,0.0,2026-06-17 02:15:00+00:00,73.997,64.097592,4743.03,73.6197,73.7386,3,2026-06-17 03:15:00+00:00,73.628,TRAILING_STOP,4,-23.65,3.7944,3.7755,9.4506,-31.22,-1.291
267,ETHUSDT,LONG,spot,STRICT_SUPPORT,2026-06-21 18:30:00+00:00,1728.8717,1727.7817,4.6694,2026-06-21 18:30:00+00:00,1734.25,2026-06-21 20:15:00+00:00,1730.76,0.408335,0.0,2026-06-21 20:30:00+00:00,1731.6354,2.746963,4756.74,1726.8478,1726.8478,0,2026-06-21 20:45:00+00:00,1724.2575,STOP_LOSS,1,-20.27,3.8054,3.7892,9.4831,-27.86,-2.119
268,BTCUSDT,LONG,spot,STRICT_SUPPORT,2026-06-22 05:45:00+00:00,64145.9555,64067.3073,180.4321,2026-06-22 05:45:00+00:00,64247.74,2026-06-22 06:00:00+00:00,64224.83,4.044473,0.0,2026-06-22 06:15:00+00:00,64256.9424,0.073598,4729.16,64031.2209,64031.2209,0,2026-06-22 06:30:00+00:00,63935.174,STOP_LOSS,1,-23.68,3.7833,3.7644,9.4228,-31.23,-1.88
269,ETHUSDT,LONG,spot,STRICT_SUPPORT,2026-06-28 12:15:00+00:00,1579.0344,1577.8257,4.5483,2026-06-28 12:15:00+00:00,1584.67,2026-06-28 12:30:00+00:00,1580.67,0.275556,0.0,2026-06-28 12:45:00+00:00,1581.4603,2.970823,4698.24,1576.916,1576.916,0,2026-06-28 13:00:00+00:00,1574.5506,STOP_LOSS,1,-20.53,3.7586,3.7422,9.3657,-28.03,-2.076
270,SOLUSDT,LONG,spot,STRICT_SUPPORT,2026-06-28 11:00:00+00:00,71.3206,71.1865,0.3151,2026-06-28 11:00:00+00:00,71.53,2026-06-28 13:00:00+00:00,71.6,0.009423,0.0,2026-06-28 13:15:00+00:00,71.6458,45.163009,3235.74,71.1235,71.4943,2,2026-06-28 15:00:00+00:00,71.3871,TRAILING_STOP,7,-11.69,2.5886,2.5792,6.454,-16.85,-0.714
271,SOLUSDT,LONG,spot,STRICT_SUPPORT,2026-06-29 00:45:00+00:00,71.2519,71.0733,0.6868,2026-06-29 00:45:00+00:00,71.66,2026-06-29 01:00:00+00:00,71.36,0.028145,0.0,2026-06-29 01:15:00+00:00,71.4057,50.04004,3573.14,70.936,70.936,0,2026-06-29 02:00:00+00:00,70.8296,STOP_LOSS,3,-28.83,2.8585,2.8355,7.103,-34.52,-1.469
272,ETHUSDT,LONG,spot,STRICT_SUPPORT,2026-06-29 03:00:00+00:00,1573.7202,1570.7019,10.9217,2026-06-29 03:00:00+00:00,1583.81,2026-06-29 04:45:00+00:00,1575.5,0.929825,0.0,2026-06-29 05:00:00+00:00,1576.2877,2.930702,4619.63,1568.5175,1568.5175,0,2026-06-29 05:15:00+00:00,1564.5796,STOP_LOSS,1,-34.31,3.6957,3.6683,9.1878,-41.68,-1.83
273,ETHUSDT,LONG,spot,STRICT_SUPPORT,2026-06-29 06:00:00+00:00,1576.4189,1574.298,7.6076,2026-06-29 06:00:00+00:00,1585.47,2026-06-29 08:00:00+00:00,1579.86,0.641071,0.0,2026-06-29 08:15:00+00:00,1580.6499,2.89651,4578.37,1572.7765,1572.7765,0,2026-06-29 08:30:00+00:00,1570.4174,STOP_LOSS,1,-29.64,3.6627,3.639,9.1123,-36.94,-1.62
274,SOLUSDT,LONG,spot,STRICT_SUPPORT,2026-07-04 16:00:00+00:00,82.0385,81.9341,0.3082,2026-07-04 16:00:00+00:00,82.05,2026-07-04 16:15:00+00:00,82.24,0.001533,0.0,2026-07-04 16:30:00+00:00,82.2811,55.198541,4541.8,81.8725,82.2248,2,2026-07-04 18:15:00+00:00,82.1015,TRAILING_STOP,7,-9.92,3.6334,3.6255,9.0687,-17.18,-0.761
275,BNBUSDT,LONG,spot,STRICT_SUPPORT,2026-07-09 15:15:00+00:00,570.7407,570.0419,1.7293,2026-07-09 15:15:00+00:00,571.76,2026-07-09 15:30:00+00:00,571.25,0.089307,0.0,2026-07-09 15:45:00+00:00,571.5456,7.916769,4524.79,569.6961,569.6961,0,2026-07-09 16:15:00+00:00,568.8415,STOP_LOSS,2,-21.41,3.6198,3.6027,9.0175,-28.63,-1.955
276,BNBUSDT,LONG,spot,STRICT_SUPPORT,2026-07-09 18:00:00+00:00,570.9756,570.2213,1.5663,2026-07-09 18:00:00+00:00,573.08,2026-07-09 19:00:00+00:00,571.09,0.054388,0.0,2026-07-09 19:15:00+00:00,571.3755,7.869519,4496.45,569.9081,569.9081,0,2026-07-09 20:00:00+00:00,569.0532,STOP_LOSS,3,-18.28,3.5972,3.5825,8.9655,-25.46,-2.204
277,SOLUSDT,LONG,spot,STRICT_SUPPORT,2026-07-11 14:15:00+00:00,78.1201,78.047,0.168,2026-07-11 14:15:00+00:00,78.38,2026-07-11 15:30:00+00:00,78.22,0.009949,0.0,2026-07-11 15:45:00+00:00,78.2591,57.133919,4471.25,78.0134,78.0134,0,2026-07-11 16:15:00+00:00,77.8963,STOP_LOSS,2,-20.73,3.577,3.5604,8.9114,-27.86,-1.984
278,BNBUSDT,LONG,spot,STRICT_SUPPORT,2026-07-16 02:45:00+00:00,580.1266,579.6648,1.1446,2026-07-16 02:45:00+00:00,580.36,2026-07-16 03:00:00+00:00,581.05,0.02342,0.0,2026-07-16 03:15:00+00:00,581.3305,7.643955,4443.66,579.4359,583.4266,3,2026-07-16 06:00:00+00:00,582.5514,TRAILING_STOP,11,9.33,3.5549,3.5624,8.9013,2.22,0.153
279,ETHUSDT,LONG,spot,STRICT_SUPPORT,2026-07-22 23:45:00+00:00,1932.1498,1929.7098,5.9097,2026-07-22 23:45:00+00:00,1934.25,2026-07-23 00:15:00+00:00,1938.55,0.260169,0.0,2026-07-23 00:30:00+00:00,1939.5093,2.044712,3965.74,1928.5279,1928.5279,0,2026-07-23 01:15:00+00:00,1925.6351,STOP_LOSS,3,-28.37,3.1726,3.1499,7.8889,-34.69,-1.545
280,BNBUSDT,LONG,spot,STRICT_SUPPORT,2026-07-28 15:45:00+00:00,568.8239,567.7829,2.283,2026-07-28 15:45:00+00:00,573.3,2026-07-28 17:15:00+00:00,569.17,0.026097,0.0,2026-07-28 17:30:00+00:00,569.4546,7.746909,4411.51,567.3263,570.5488,8,2026-07-28 22:15:00+00:00,569.693,TRAILING_STOP,19,1.85,3.5292,3.5307,8.8258,-5.21,-0.316
281,BTCUSDT,LONG,spot,STRICT_SUPPORT,2026-07-29 18:30:00+00:00,64165.8773,64115.5207,327.5059,2026-07-29 18:30:00+00:00,64408.01,2026-07-29 19:00:00+00:00,64284.0,14.502695,0.0,2026-07-29 19:15:00+00:00,64316.142,0.068511,4406.35,64050.0195,64050.0195,0,2026-07-29 19:30:00+00:00,63937.7193,STOP_LOSS,1,-25.93,3.5251,3.5043,8.7738,-32.96,-1.808
282,BNBUSDT,LONG,spot,STRICT_SUPPORT,2026-07-29 18:30:00+00:00,569.8315,569.6658,1.8471,2026-07-29 18:30:00+00:00,572.24,2026-07-29 19:15:00+00:00,570.53,0.168497,0.0,2026-07-29 19:30:00+00:00,570.8253,7.66211,4373.73,569.2964,569.2964,0,2026-07-29 19:45:00+00:00,568.4425,STOP_LOSS,1,-18.26,3.499,3.4844,8.7201,-25.24,-2.155
283,SOLUSDT,LONG,spot,STRICT_SUPPORT,2026-08-05 05:00:00+00:00,73.9093,73.8272,0.1957,2026-08-05 05:00:00+00:00,73.96,2026-08-05 05:15:00+00:00,74.18,0.010737,0.0,2026-08-05 05:30:00+00:00,74.2071,52.411249,3889.29,73.788,73.788,0,2026-08-05 07:15:00+00:00,73.6773,STOP_LOSS,7,-27.76,3.1114,3.0892,7.7369,-33.96,-1.546
284,SOLUSDT,LONG,spot,STRICT_SUPPORT,2026-08-06 06:15:00+00:00,73.9948,73.9356,0.1909,2026-08-06 06:15:00+00:00,74.08,2026-08-06 07:00:00+00:00,74.1,0.005215,0.0,2026-08-06 07:15:00+00:00,74.127,58.21239,4315.11,73.8975,73.8975,0,2026-08-06 07:45:00+00:00,73.7866,STOP_LOSS,2,-19.82,3.4521,3.4362,8.6005,-26.71,-1.998
285,BTCUSDT,LONG,spot,STRICT_SUPPORT,2026-08-27 06:45:00+00:00,78761.7426,78700.6818,163.2226,2026-08-27 06:45:00+00:00,78817.49,2026-08-27 07:00:00+00:00,78832.42,7.127437,0.0,2026-08-27 07:15:00+00:00,78871.8262,0.054375,4288.67,78668.0373,79886.5958,7,2026-08-27 10:00:00+00:00,79766.7659,TRAILING_STOP,11,48.66,3.4309,3.4699,8.6503,41.76,3.769
286,ETHUSDT,LONG,spot,STRICT_SUPPORT,2026-08-28 14:30:00+00:00,2499.5859,2498.4914,19.0397,2026-08-28 14:30:00+00:00,2510.0,2026-08-28 14:45:00+00:00,2513.0,0.414062,0.0,2026-08-28 15:00:00+00:00,2514.2565,1.117294,2809.16,2494.6835,2494.6835,0,2026-08-28 15:30:00+00:00,2490.9415,STOP_LOSS,2,-26.05,2.2473,2.2265,5.5793,-30.52,-1.396
287,SOLUSDT,LONG,spot,STRICT_SUPPORT,2026-09-08 17:00:00+00:00,103.6235,103.4103,0.5551,2026-09-08 17:00:00+00:00,103.98,2026-09-08 18:00:00+00:00,104.11,0.026476,0.0,2026-09-08 18:15:00+00:00,104.1621,25.170971,2621.86,103.2993,103.2993,0,2026-09-08 18:45:00+00:00,103.1444,STOP_LOSS,2,-25.62,2.0975,2.077,5.2053,-29.79,-1.372
288,BNBUSDT,LONG,spot,STRICT_SUPPORT,2026-09-22 13:45:00+00:00,789.0107,788.2928,3.1427,2026-09-22 13:45:00+00:00,791.57,2026-09-22 14:00:00+00:00,791.07,0.029339,0.0,2026-09-22 14:15:00+00:00,791.4655,5.395443,4270.31,787.6642,787.6642,0,2026-09-22 14:30:00+00:00,785.5699,STOP_LOSS,1,-31.81,3.4162,3.3908,8.4929,-38.62,-1.883
289,BNBUSDT,LONG,spot,STRICT_SUPPORT,2026-09-22 16:45:00+00:00,788.5169,787.9251,3.0916,2026-09-22 16:45:00+00:00,789.31,2026-09-22 17:00:00+00:00,789.11,0.083082,0.0,2026-09-22 17:15:00+00:00,789.5146,5.360353,4232.08,787.3068,787.3068,0,2026-09-22 17:30:00+00:00,786.1258,STOP_LOSS,1,-18.16,3.3857,3.3711,8.4369,-24.92,-2.106
290,BNBUSDT,LONG,spot,STRICT_SUPPORT,2026-09-22 19:00:00+00:00,788.2749,787.7728,2.116,2026-09-22 19:00:00+00:00,788.43,2026-09-22 19:15:00+00:00,789.39,0.155074,0.0,2026-09-22 19:30:00+00:00,789.7847,5.32728,4207.4,787.3497,787.3497,0,2026-09-22 19:45:00+00:00,785.9493,STOP_LOSS,1,-20.43,3.3659,3.3496,8.3842,-27.15,-2.093
