trade_id,symbol,direction,market_type,formation_time,U,L,frozen_atr,breakout_time,breakout_price,confirm_time,confirm_price,entry_time,entry_price,units,nominal_size_usdt,initial_sl,final_sl,sl_updates,exit_time,exit_price,exit_reason,bars_held,gross_pnl_usdt,entry_fee_usdt,exit_fee_usdt,slippage_cost_usdt,net_pnl_usdt,net_r_multiple
1,SOLUSDT,LONG,spot,2024-01-09 02:45:00+00:00,97.7368,97.5554,0.6456,2024-01-09 02:50:00+00:00,98.3,2024-01-09 03:10:00+00:00,98.03,2024-01-09 03:15:00+00:00,98.079,76.600102,7512.86,97.4263,100.5847,8,2024-01-09 04:15:00+00:00,100.4339,TRAILING_STOP,12,180.38,6.0103,6.1546,15.2963,168.22,3.364
2,ETHUSDT,LONG,spot,2024-01-11 23:10:00+00:00,2609.991,2608.639,5.3559,2024-01-11 23:15:00+00:00,2618.82,2024-01-11 23:30:00+00:00,2614.72,2024-01-11 23:35:00+00:00,2616.0274,3.848023,10066.53,2607.5678,2614.0416,2,2024-01-12 00:15:00+00:00,2610.1205,TRAILING_STOP,8,-22.73,8.0532,8.035,20.099,-38.82,-1.192
3,SOLUSDT,LONG,spot,2024-01-13 17:45:00+00:00,92.378,92.2286,0.3526,2024-01-13 17:50:00+00:00,93.13,2024-01-13 18:05:00+00:00,92.52,2024-01-13 18:10:00+00:00,92.5663,108.334341,10028.1,92.1581,94.8401,12,2024-01-13 20:00:00+00:00,94.6578,TRAILING_STOP,22,226.59,8.0225,8.2038,20.3961,210.36,4.757
4,SOLUSDT,LONG,spot,2024-01-14 03:15:00+00:00,95.7305,95.502,0.4707,2024-01-14 03:25:00+00:00,95.98,2024-01-14 03:35:00+00:00,95.99,2024-01-14 03:40:00+00:00,96.038,82.045038,7879.44,95.4079,96.2083,6,2024-01-14 04:15:00+00:00,96.064,TRAILING_STOP,7,2.14,6.3036,6.3053,15.7621,-10.47,-0.203
5,BNBUSDT,LONG,spot,2024-01-14 13:40:00+00:00,304.267,304.03,0.6344,2024-01-14 13:45:00+00:00,304.7,2024-01-14 14:05:00+00:00,305.0,2024-01-14 14:10:00+00:00,305.1525,33.51109,10225.99,303.9031,303.9031,0,2024-01-14 14:20:00+00:00,303.4473,STOP_LOSS,2,-57.14,8.1808,8.1351,20.3663,-73.46,-1.755
6,SOLUSDT,LONG,spot,2024-01-21 03:20:00+00:00,92.5999,92.4898,0.2249,2024-01-21 03:25:00+00:00,93.08,2024-01-21 03:50:00+00:00,92.97,2024-01-21 03:55:00+00:00,93.0065,91.299964,8491.49,92.4448,92.4448,0,2024-01-21 04:50:00+00:00,92.3062,STOP_LOSS,11,-63.94,6.7932,6.742,16.8871,-77.47,-1.511
7,SOLUSDT,LONG,spot,2024-01-24 16:05:00+00:00,86.7481,86.5955,0.4633,2024-01-24 16:30:00+00:00,87.16,2024-01-24 16:40:00+00:00,87.16,2024-01-24 16:45:00+00:00,87.1936,73.678682,6424.31,86.5028,86.5028,0,2024-01-24 18:10:00+00:00,86.3731,STOP_LOSS,17,-60.45,5.1394,5.0911,12.7579,-70.68,-1.389
8,SOLUSDT,LONG,spot,2024-01-30 17:00:00+00:00,104.7018,104.5198,0.4805,2024-01-30 17:05:00+00:00,105.29,2024-01-30 17:10:00+00:00,104.93,2024-01-30 17:15:00+00:00,104.9825,90.445565,9495.2,104.4237,104.4237,0,2024-01-30 17:20:00+00:00,104.2671,STOP_LOSS,1,-64.71,7.5962,7.5444,18.8933,-79.85,-1.58
9,SOLUSDT,LONG,spot,2024-01-30 18:15:00+00:00,104.8584,104.7255,0.4274,2024-01-30 18:35:00+00:00,105.1,2024-01-30 18:40:00+00:00,104.9,2024-01-30 18:45:00+00:00,104.9524,94.590878,9927.54,104.64,104.9926,10,2024-01-30 20:10:00+00:00,104.8351,TRAILING_STOP,17,-11.1,7.942,7.9332,19.8384,-26.98,-0.913
10,BNBUSDT,LONG,spot,2024-02-07 15:15:00+00:00,303.23,303.02,0.519,2024-02-07 15:20:00+00:00,303.7,2024-02-07 16:00:00+00:00,303.5,2024-02-07 16:05:00+00:00,303.5517,32.616636,9900.84,302.9162,306.3839,8,2024-02-07 17:30:00+00:00,305.9243,TRAILING_STOP,17,77.39,7.9207,7.9826,19.9178,61.48,2.966
11,BNBUSDT,LONG,spot,2024-02-08 19:40:00+00:00,317.686,317.605,0.5595,2024-02-08 19:45:00+00:00,318.3,2024-02-08 20:05:00+00:00,318.2,2024-02-08 20:10:00+00:00,318.3591,31.290778,9961.7,317.4931,318.5147,3,2024-02-08 21:45:00+00:00,318.0369,TRAILING_STOP,19,-10.08,7.9694,7.9613,19.9083,-26.01,-0.96
12,BTCUSDT,LONG,spot,2024-02-15 16:20:00+00:00,52241.51,52165.7145,189.0123,2024-02-15 16:40:00+00:00,52344.17,2024-02-15 16:50:00+00:00,52242.6,2024-02-15 16:55:00+00:00,52268.7213,0.190094,9935.95,52127.912,52127.912,0,2024-02-15 17:20:00+00:00,52049.7202,STOP_LOSS,5,-41.63,7.9488,7.9155,19.8095,-57.49,-2.148
13,SOLUSDT,LONG,spot,2024-02-18 07:35:00+00:00,108.8562,108.7302,0.2679,2024-02-18 07:40:00+00:00,109.14,2024-02-18 08:05:00+00:00,108.92,2024-02-18 08:10:00+00:00,108.9745,90.654564,9879.03,108.6766,111.9506,16,2024-02-18 10:30:00+00:00,111.7827,TRAILING_STOP,28,254.58,7.9032,8.1069,20.1399,238.57,8.836
14,BNBUSDT,LONG,spot,2024-02-19 06:20:00+00:00,351.966,351.67,0.6722,2024-02-19 06:25:00+00:00,352.8,2024-02-19 06:35:00+00:00,352.0,2024-02-19 06:40:00+00:00,352.0759,28.730198,10115.21,351.5356,353.3452,8,2024-02-19 08:15:00+00:00,352.8152,TRAILING_STOP,19,21.24,8.0922,8.1092,20.2623,5.04,0.324
15,BNBUSDT,LONG,spot,2024-02-19 10:45:00+00:00,352.33,352.025,0.9558,2024-02-19 11:05:00+00:00,352.9,2024-02-19 11:20:00+00:00,353.4,2024-02-19 11:25:00+00:00,353.4767,28.630458,10120.2,351.8338,351.8338,0,2024-02-19 14:00:00+00:00,351.3061,STOP_LOSS,31,-62.14,8.0962,8.0464,20.1472,-78.29,-1.664
16,SOLUSDT,LONG,spot,2024-02-19 13:15:00+00:00,112.636,112.2922,0.6908,2024-02-19 13:20:00+00:00,113.79,2024-02-19 14:00:00+00:00,112.75,2024-02-19 14:05:00+00:00,112.8064,77.75172,8770.89,112.154,113.8206,7,2024-02-19 15:40:00+00:00,113.6499,TRAILING_STOP,19,65.59,7.0167,7.0692,17.6402,51.5,1.015
17,ETHUSDT,LONG,spot,2024-02-29 13:30:00+00:00,3473.4144,3471.7696,13.6121,2024-02-29 13:35:00+00:00,3480.79,2024-02-29 14:00:00+00:00,3477.12,2024-02-29 14:05:00+00:00,3478.8586,2.901434,10093.68,3469.0472,3476.4935,3,2024-02-29 14:40:00+00:00,3471.2787,TRAILING_STOP,7,-21.99,8.0749,8.0574,20.1544,-38.12,-1.339
18,ETHUSDT,LONG,spot,2024-02-29 14:15:00+00:00,3476.9752,3472.182,10.6977,2024-02-29 14:25:00+00:00,3484.36,2024-02-29 14:35:00+00:00,3485.16,2024-02-29 14:40:00+00:00,3486.9026,2.883917,10055.94,3470.0425,3470.0425,0,2024-02-29 14:45:00+00:00,3461.6198,STOP_LOSS,1,-72.91,8.0447,7.9864,20.0025,-88.94,-1.829
19,BTCUSDT,LONG,spot,2024-02-29 13:55:00+00:00,62756.731,62654.9045,227.2788,2024-02-29 14:05:00+00:00,63109.02,2024-02-29 14:45:00+00:00,62882.62,2024-02-29 14:50:00+00:00,62914.0713,0.158436,9967.88,62609.4487,62609.4487,0,2024-02-29 15:10:00+00:00,62515.5346,STOP_LOSS,4,-63.14,7.9743,7.9238,19.841,-79.04,-1.638
20,SOLUSDT,LONG,spot,2024-03-03 00:15:00+00:00,129.2795,128.989,0.7106,2024-03-03 00:20:00+00:00,129.98,2024-03-03 00:30:00+00:00,129.68,2024-03-03 00:35:00+00:00,129.7448,55.624041,7216.93,128.8469,128.8469,0,2024-03-03 00:55:00+00:00,128.6536,STOP_LOSS,4,-60.7,5.7735,5.725,14.3428,-72.2,-1.445
21,SOLUSDT,LONG,spot,2024-03-03 15:05:00+00:00,128.817,128.5789,0.5121,2024-03-03 15:10:00+00:00,129.33,2024-03-03 15:20:00+00:00,129.24,2024-03-03 15:25:00+00:00,129.2946,60.61001,7836.55,128.4765,129.9484,7,2024-03-03 17:30:00+00:00,129.7535,TRAILING_STOP,25,27.81,6.2692,6.2915,15.7148,15.25,0.308
22,BNBUSDT,LONG,spot,2024-03-06 16:55:00+00:00,420.61,420.43,1.5375,2024-03-06 17:00:00+00:00,421.8,2024-03-06 17:20:00+00:00,420.7,2024-03-06 17:25:00+00:00,420.8103,23.367428,9833.25,420.1225,422.4464,10,2024-03-06 18:30:00+00:00,421.8128,TRAILING_STOP,13,23.43,7.8666,7.8853,19.7016,7.67,0.477
23,BNBUSDT,LONG,spot,2024-03-07 04:35:00+00:00,428.324,427.983,1.2286,2024-03-07 04:40:00+00:00,429.2,2024-03-07 04:45:00+00:00,428.8,2024-03-07 04:50:00+00:00,429.0144,22.938276,9840.85,427.7373,427.7373,0,2024-03-07 04:55:00+00:00,427.0584,STOP_LOSS,1,-44.87,7.8727,7.8368,19.6144,-60.58,-2.068
24,BNBUSDT,LONG,spot,2024-03-07 05:00:00+00:00,428.206,428.085,1.3057,2024-03-07 05:15:00+00:00,428.9,2024-03-07 05:25:00+00:00,428.9,2024-03-07 05:30:00+00:00,429.1144,22.793175,9780.88,427.8239,427.8239,0,2024-03-07 05:35:00+00:00,426.6591,STOP_LOSS,1,-55.97,7.8247,7.7799,19.4778,-71.57,-2.433
25,SOLUSDT,LONG,spot,2024-03-08 18:00:00+00:00,148.1102,147.859,1.2403,2024-03-08 18:05:00+00:00,149.07,2024-03-08 18:35:00+00:00,148.17,2024-03-08 18:40:00+00:00,148.2341,65.504678,9710.03,147.6109,147.6109,0,2024-03-08 18:55:00+00:00,147.3895,STOP_LOSS,3,-55.32,7.768,7.7238,19.3371,-70.81,-1.735
26,ETHUSDT,LONG,spot,2024-03-10 10:00:00+00:00,3944.154,3938.8585,11.0699,2024-03-10 10:15:00+00:00,3952.66,2024-03-10 10:25:00+00:00,3944.59,2024-03-10 10:30:00+00:00,3946.5623,2.442612,9639.92,3936.6445,3936.6445,0,2024-03-10 10:40:00+00:00,3930.7396,STOP_LOSS,2,-38.65,7.7119,7.681,19.2219,-54.04,-2.231
27,BNBUSDT,LONG,spot,2024-03-10 19:55:00+00:00,528.68,528.258,1.3433,2024-03-10 20:05:00+00:00,530.8,2024-03-10 20:35:00+00:00,529.5,2024-03-10 20:40:00+00:00,529.6647,18.099031,9586.42,527.9893,527.9893,0,2024-03-10 21:20:00+00:00,527.1974,STOP_LOSS,8,-44.66,7.6691,7.6334,19.1059,-59.96,-1.977
28,BNBUSDT,LONG,spot,2024-03-13 17:10:00+00:00,586.072,585.31,2.5767,2024-03-13 17:15:00+00:00,587.8,2024-03-13 17:20:00+00:00,586.6,2024-03-13 17:25:00+00:00,586.8933,16.233033,9527.06,584.7947,596.6302,33,2024-03-13 21:20:00+00:00,595.7353,TRAILING_STOP,47,143.53,7.6216,7.7365,19.2694,128.17,3.762
29,SOLUSDT,LONG,spot,2024-03-21 12:05:00+00:00,189.2012,188.9754,0.8627,2024-03-21 12:10:00+00:00,190.14,2024-03-21 12:45:00+00:00,189.83,2024-03-21 12:50:00+00:00,189.9249,43.453469,8252.9,188.8029,189.4908,4,2024-03-21 13:30:00+00:00,189.2066,TRAILING_STOP,8,-31.22,6.6023,6.5773,16.459,-44.39,-0.911
30,SOLUSDT,LONG,spot,2024-03-26 12:30:00+00:00,194.802,194.6217,0.6988,2024-03-26 12:35:00+00:00,195.19,2024-03-26 12:45:00+00:00,194.93,2024-03-26 12:50:00+00:00,195.0275,49.275112,9610.0,194.4819,194.4819,0,2024-03-26 12:55:00+00:00,193.9986,STOP_LOSS,1,-50.7,7.688,7.6474,19.144,-66.03,-2.457
31,SOLUSDT,LONG,spot,2024-03-30 16:55:00+00:00,196.6738,196.4959,0.5911,2024-03-30 17:00:00+00:00,197.4,2024-03-30 17:15:00+00:00,196.89,2024-03-30 17:20:00+00:00,196.9884,48.45272,9544.63,196.3777,196.8584,3,2024-03-30 17:45:00+00:00,196.5631,TRAILING_STOP,5,-20.61,7.6357,7.6192,19.0583,-35.87,-1.212
32,SOLUSDT,LONG,spot,2024-03-31 13:20:00+00:00,196.3096,196.202,0.3208,2024-03-31 13:25:00+00:00,196.76,2024-03-31 14:00:00+00:00,196.75,2024-03-31 14:05:00+00:00,196.8584,48.304367,9509.12,196.1378,196.1378,0,2024-03-31 14:50:00+00:00,195.8436,STOP_LOSS,9,-49.02,7.6073,7.5681,18.9447,-64.19,-1.844
33,BTCUSDT,LONG,spot,2024-04-03 16:25:00+00:00,66194.8195,66128.315,185.0218,2024-04-03 16:30:00+00:00,66444.01,2024-04-03 16:45:00+00:00,66240.11,2024-04-03 16:50:00+00:00,66273.2301,0.142525,9445.57,66091.3106,66091.3106,0,2024-04-03 17:25:00+00:00,65992.1737,STOP_LOSS,7,-40.06,7.5565,7.5244,18.8311,-55.14,-2.127
34,SOLUSDT,LONG,spot,2024-04-06 01:20:00+00:00,175.256,175.0677,0.7061,2024-04-06 01:25:00+00:00,175.7,2024-04-06 01:35:00+00:00,175.48,2024-04-06 01:40:00+00:00,175.5677,53.489224,9390.98,174.9265,174.9265,0,2024-04-06 01:45:00+00:00,174.6641,STOP_LOSS,1,-48.34,7.5128,7.4741,18.7095,-63.32,-1.846
35,SOLUSDT,LONG,spot,2024-04-06 04:20:00+00:00,175.2444,175.0936,0.528,2024-04-06 04:35:00+00:00,175.69,2024-04-06 04:40:00+00:00,175.35,2024-04-06 04:45:00+00:00,175.4277,53.174581,9328.29,174.988,177.0676,9,2024-04-06 06:05:00+00:00,176.802,TRAILING_STOP,16,73.08,7.4626,7.5211,18.7662,58.09,2.485
36,ETHUSDT,LONG,spot,2024-04-06 15:20:00+00:00,3333.0691,3330.345,7.8999,2024-04-06 15:25:00+00:00,3339.39,2024-04-06 15:35:00+00:00,3336.19,2024-04-06 15:40:00+00:00,3337.8481,2.811933,9385.81,3328.765,3339.293,1,2024-04-06 17:45:00+00:00,3334.284,TRAILING_STOP,25,-10.02,7.5086,7.5006,18.7566,-25.03,-0.98
37,SOLUSDT,LONG,spot,2024-04-11 03:30:00+00:00,172.1562,172.0914,0.45,2024-04-11 03:40:00+00:00,172.45,2024-04-11 03:45:00+00:00,172.65,2024-04-11 03:50:00+00:00,172.7363,54.19257,9361.03,172.0014,172.0014,0,2024-04-11 04:05:00+00:00,171.7434,STOP_LOSS,3,-53.81,7.4888,7.4458,18.6413,-68.74,-1.726
38,BTCUSDT,LONG,spot,2024-04-14 13:15:00+00:00,64404.7984,64308.2036,221.6549,2024-04-14 13:20:00+00:00,64551.14,2024-04-14 13:35:00+00:00,64478.02,2024-04-14 13:40:00+00:00,64510.269,0.144054,9292.97,64263.8726,64263.8726,0,2024-04-14 14:00:00+00:00,64167.4768,STOP_LOSS,4,-49.38,7.4344,7.3949,18.5119,-64.21,-1.809
39,SOLUSDT,LONG,spot,2024-04-21 11:35:00+00:00,151.222,150.9655,0.54,2024-04-21 11:40:00+00:00,151.63,2024-04-21 11:45:00+00:00,151.5,2024-04-21 11:50:00+00:00,151.5657,60.893716,9229.4,150.8575,150.8575,0,2024-04-21 12:15:00+00:00,150.6312,STOP_LOSS,5,-56.91,7.3835,7.338,18.3734,-71.63,-1.661
40,SOLUSDT,LONG,spot,2024-04-22 12:25:00+00:00,153.5504,153.3421,0.6025,2024-04-22 12:30:00+00:00,154.18,2024-04-22 12:50:00+00:00,153.91,2024-04-22 12:55:00+00:00,153.9769,59.47961,9158.49,153.2216,153.8089,1,2024-04-22 13:15:00+00:00,153.5782,TRAILING_STOP,4,-23.72,7.3268,7.3078,18.2814,-38.35,-0.854
41,SOLUSDT,LONG,spot,2024-04-22 13:05:00+00:00,153.715,153.5852,0.5006,2024-04-22 13:10:00+00:00,154.34,2024-04-22 13:15:00+00:00,154.02,2024-04-22 13:20:00+00:00,154.087,59.190712,9120.52,153.4851,153.6097,1,2024-04-22 13:30:00+00:00,153.3793,TRAILING_STOP,2,-41.89,7.2964,7.2629,18.1782,-56.45,-1.584
42,SOLUSDT,LONG,spot,2024-04-22 13:30:00+00:00,153.9905,153.7368,0.7005,2024-04-22 13:45:00+00:00,154.4,2024-04-22 13:50:00+00:00,154.13,2024-04-22 13:55:00+00:00,154.1971,58.786029,9064.63,153.5967,153.6453,1,2024-04-22 14:45:00+00:00,153.4148,TRAILING_STOP,10,-45.99,7.2517,7.2149,18.0603,-60.45,-1.713
43,SOLUSDT,LONG,spot,2024-04-22 15:40:00+00:00,153.6884,153.4205,0.7074,2024-04-22 16:05:00+00:00,154.22,2024-04-22 16:25:00+00:00,153.77,2024-04-22 16:30:00+00:00,153.8469,58.530816,9004.78,153.279,153.279,0,2024-04-22 16:35:00+00:00,153.0491,STOP_LOSS,1,-46.69,7.2038,7.1665,17.9395,-61.07,-1.837
44,SOLUSDT,LONG,spot,2024-04-22 17:05:00+00:00,153.6948,153.604,0.5711,2024-04-22 17:10:00+00:00,154.3,2024-04-22 17:15:00+00:00,153.9,2024-04-22 17:20:00+00:00,153.9769,58.088755,8944.33,153.4898,154.6665,5,2024-04-22 18:00:00+00:00,154.4345,TRAILING_STOP,8,26.58,7.1555,7.1767,17.9285,12.25,0.433
45,SOLUSDT,LONG,spot,2024-04-24 03:40:00+00:00,156.6225,156.4201,0.5376,2024-04-24 03:45:00+00:00,157.04,2024-04-24 03:55:00+00:00,156.73,2024-04-24 04:00:00+00:00,156.7984,57.120828,8956.45,156.3126,158.2881,9,2024-04-24 05:15:00+00:00,158.0507,TRAILING_STOP,15,71.53,7.1652,7.2224,18.0202,57.15,2.059
46,ETHUSDT,LONG,spot,2024-04-24 10:15:00+00:00,3253.5958,3249.4576,8.9181,2024-04-24 10:20:00+00:00,3264.54,2024-04-24 10:40:00+00:00,3257.6,2024-04-24 10:45:00+00:00,3259.2188,2.765395,9013.03,3247.674,3274.2818,9,2024-04-24 11:50:00+00:00,3269.3704,TRAILING_STOP,13,28.07,7.2104,7.2329,18.0682,13.63,0.427
47,ETHUSDT,LONG,spot,2024-05-02 20:50:00+00:00,2990.767,2986.5223,8.7515,2024-05-02 21:15:00+00:00,2995.21,2024-05-02 21:20:00+00:00,2992.0,2024-05-02 21:25:00+00:00,2993.506,3.015367,9026.52,2984.772,2999.1892,1,2024-05-02 21:40:00+00:00,2994.6904,TRAILING_STOP,3,3.57,7.2212,7.2241,18.0584,-10.87,-0.413
48,ETHUSDT,LONG,spot,2024-05-04 04:15:00+00:00,3108.9772,3107.1154,5.2798,2024-05-04 04:45:00+00:00,3113.01,2024-05-04 04:50:00+00:00,3115.05,2024-05-04 04:55:00+00:00,3116.6175,2.892801,9015.75,3106.0594,3106.0594,0,2024-05-04 06:55:00+00:00,3101.4003,STOP_LOSS,24,-44.02,7.2126,7.1774,17.9655,-58.41,-1.912
49,SOLUSDT,LONG,spot,2024-05-07 07:45:00+00:00,154.8042,154.6025,0.6249,2024-05-07 07:50:00+00:00,155.24,2024-05-07 08:00:00+00:00,155.15,2024-05-07 08:05:00+00:00,155.2276,57.708359,8957.93,154.4775,157.7678,9,2024-05-07 09:30:00+00:00,157.5311,TRAILING_STOP,17,132.93,7.1663,7.2727,18.1153,118.5,2.738
50,ETHUSDT,LONG,spot,2024-06-05 16:05:00+00:00,3806.7275,3803.8532,6.4634,2024-06-05 16:10:00+00:00,3816.53,2024-06-05 16:35:00+00:00,3810.85,2024-06-05 16:40:00+00:00,3812.7554,2.380231,9075.24,3802.5605,3802.5605,0,2024-06-05 16:45:00+00:00,3796.8567,STOP_LOSS,1,-37.84,7.2602,7.2299,18.0937,-52.33,-2.157
51,BTCUSDT,LONG,spot,2024-06-07 13:40:00+00:00,71370.3004,71283.4256,202.0504,2024-06-07 13:45:00+00:00,71569.69,2024-06-07 14:05:00+00:00,71425.3,2024-06-07 14:10:00+00:00,71461.0127,0.126271,9023.43,71243.0155,71243.0155,0,2024-06-07 14:20:00+00:00,71136.151,STOP_LOSS,2,-41.02,7.2187,7.1859,17.9853,-55.43,-2.014
52,BNBUSDT,LONG,spot,2024-06-16 21:40:00+00:00,609.32,609.189,0.5178,2024-06-16 22:05:00+00:00,611.3,2024-06-16 22:35:00+00:00,610.5,2024-06-16 22:40:00+00:00,610.8053,14.683173,8968.56,609.0854,611.0437,1,2024-06-17 00:55:00+00:00,610.1271,TRAILING_STOP,27,-9.96,7.1748,7.1669,17.9222,-24.3,-0.962
53,SOLUSDT,LONG,spot,2024-06-23 00:55:00+00:00,134.2474,134.1265,0.3307,2024-06-23 01:00:00+00:00,134.83,2024-06-23 01:15:00+00:00,134.38,2024-06-23 01:20:00+00:00,134.4472,66.528007,8944.5,134.0604,134.6002,6,2024-06-23 02:30:00+00:00,134.3981,TRAILING_STOP,14,-3.27,7.1556,7.153,17.8841,-17.57,-0.683
54,BTCUSDT,LONG,spot,2024-07-09 15:55:00+00:00,57411.1311,57329.149,168.8109,2024-07-09 16:05:00+00:00,57548.0,2024-07-09 16:35:00+00:00,57508.5,2024-07-09 16:40:00+00:00,57537.2442,0.155154,8927.1,57295.3868,57502.1134,3,2024-07-09 17:15:00+00:00,57415.8602,TRAILING_STOP,7,-18.83,7.1417,7.1266,17.826,-33.1,-0.882
55,BNBUSDT,LONG,spot,2024-07-09 15:55:00+00:00,515.78,515.602,1.6518,2024-07-09 16:05:00+00:00,516.9,2024-07-09 16:35:00+00:00,517.0,2024-07-09 16:40:00+00:00,517.2585,17.24483,8920.03,515.2716,517.1696,2,2024-07-09 17:15:00+00:00,516.3938,TRAILING_STOP,7,-14.91,7.136,7.1241,17.8177,-29.17,-0.851
56,BTCUSDT,LONG,spot,2024-07-09 16:50:00+00:00,57441.3168,57380.7024,164.1029,2024-07-09 16:55:00+00:00,57690.01,2024-07-09 17:15:00+00:00,57520.0,2024-07-09 17:20:00+00:00,57548.76,0.154051,8865.45,57347.8818,57915.954,6,2024-07-09 18:50:00+00:00,57829.08,TRAILING_STOP,18,43.18,7.0924,7.1269,17.7957,28.96,0.936
57,ETHUSDT,LONG,spot,2024-07-15 13:45:00+00:00,3347.6973,3344.2042,8.3726,2024-07-15 13:50:00+00:00,3360.54,2024-07-15 14:15:00+00:00,3349.39,2024-07-15 14:20:00+00:00,3351.0747,2.654113,8894.13,3342.5297,3375.0513,7,2024-07-15 15:05:00+00:00,3369.9887,TRAILING_STOP,9,50.2,7.1153,7.1555,17.8636,35.93,1.584
58,BNBUSDT,LONG,spot,2024-07-31 14:35:00+00:00,586.92,586.334,1.2068,2024-07-31 14:55:00+00:00,587.6,2024-07-31 15:00:00+00:00,587.3,2024-07-31 15:05:00+00:00,587.4936,15.199654,8929.7,586.0926,586.0926,0,2024-07-31 16:00:00+00:00,585.2135,STOP_LOSS,11,-34.66,7.1438,7.116,17.8074,-48.92,-2.297
59,BNBUSDT,LONG,spot,2024-08-02 08:35:00+00:00,570.557,569.984,1.1998,2024-08-02 08:50:00+00:00,571.4,2024-08-02 09:15:00+00:00,571.5,2024-08-02 09:20:00+00:00,571.7858,15.532517,8881.27,569.744,573.6928,6,2024-08-02 11:35:00+00:00,572.8323,TRAILING_STOP,27,16.26,7.105,7.118,17.7869,2.03,0.064
60,ETHUSDT,LONG,spot,2024-08-02 13:45:00+00:00,3154.3342,3151.9193,11.4929,2024-08-02 13:50:00+00:00,3165.0,2024-08-02 13:55:00+00:00,3160.64,2024-08-02 14:00:00+00:00,3162.2303,2.809183,8883.28,3149.6207,3149.6207,0,2024-08-02 14:05:00+00:00,3144.8963,STOP_LOSS,1,-48.69,7.1066,7.0677,17.6935,-62.87,-1.775
61,ETHUSDT,LONG,spot,2024-08-09 06:45:00+00:00,2680.4646,2678.0112,8.9511,2024-08-09 06:50:00+00:00,2688.0,2024-08-09 07:30:00+00:00,2683.58,2024-08-09 07:35:00+00:00,2684.9318,3.285388,8821.04,2676.221,2676.221,0,2024-08-09 07:40:00+00:00,2670.658,STOP_LOSS,1,-46.89,7.0568,7.0193,17.5717,-60.97,-2.13
62,SOLUSDT,LONG,spot,2024-08-11 01:20:00+00:00,154.5604,154.4101,0.4488,2024-08-11 01:40:00+00:00,154.85,2024-08-11 01:45:00+00:00,154.88,2024-08-11 01:50:00+00:00,154.9474,56.539707,8760.68,154.3203,156.2319,6,2024-08-11 03:45:00+00:00,155.9976,TRAILING_STOP,23,59.38,7.0085,7.056,17.6104,45.31,1.278
63,SOLUSDT,LONG,spot,2024-08-13 12:10:00+00:00,145.1388,144.8756,0.5305,2024-08-13 12:15:00+00:00,145.95,2024-08-13 12:30:00+00:00,145.93,2024-08-13 12:35:00+00:00,146.013,35.764925,5222.14,144.7695,146.4185,3,2024-08-13 14:20:00+00:00,146.1989,TRAILING_STOP,21,6.65,4.1777,4.183,10.4543,-1.71,-0.038
64,BTCUSDT,LONG,spot,2024-08-21 13:55:00+00:00,59440.3699,59386.359,265.5703,2024-08-21 14:00:00+00:00,59913.35,2024-08-21 14:10:00+00:00,59548.01,2024-08-21 14:15:00+00:00,59577.774,0.147771,8803.85,59333.2449,59382.851,1,2024-08-21 14:50:00+00:00,59293.7768,TRAILING_STOP,7,-41.97,7.0431,7.0095,17.5447,-56.02,-1.55
65,BTCUSDT,LONG,spot,2024-08-21 14:25:00+00:00,59497.4905,59434.241,319.3871,2024-08-21 14:35:00+00:00,59838.0,2024-08-21 14:45:00+00:00,59568.0,2024-08-21 14:50:00+00:00,59597.774,0.146791,8748.39,59370.3636,59370.3636,0,2024-08-21 14:55:00+00:00,59213.2966,STOP_LOSS,1,-56.44,6.9987,6.9536,17.4121,-70.39,-2.109
66,ETHUSDT,LONG,spot,2024-08-21 14:25:00+00:00,2586.1331,2580.1935,16.3,2024-08-21 14:30:00+00:00,2602.21,2024-08-21 14:55:00+00:00,2590.32,2024-08-21 15:00:00+00:00,2591.6152,2.985481,7737.22,2576.9335,2594.1128,9,2024-08-21 16:00:00+00:00,2590.2216,TRAILING_STOP,12,-4.16,6.1898,6.1864,15.4682,-16.54,-0.377
67,BTCUSDT,LONG,spot,2024-08-21 15:10:00+00:00,59536.813,59455.3371,267.9642,2024-08-21 15:35:00+00:00,59707.99,2024-08-21 15:50:00+00:00,59632.31,2024-08-21 15:55:00+00:00,59662.1262,0.145361,8672.57,59401.7443,59401.7443,0,2024-08-21 16:00:00+00:00,59312.6416,STOP_LOSS,1,-50.8,6.9381,6.8974,17.2689,-64.64,-1.708
68,ETHUSDT,LONG,spot,2024-08-23 15:10:00+00:00,2666.5281,2660.9874,13.5515,2024-08-23 15:40:00+00:00,2673.84,2024-08-23 16:00:00+00:00,2668.13,2024-08-23 16:05:00+00:00,2669.4441,3.221023,8598.34,2658.2771,2676.6033,4,2024-08-23 17:30:00+00:00,2672.5884,TRAILING_STOP,17,10.13,6.8787,6.8868,17.2119,-3.64,-0.101
69,SOLUSDT,LONG,spot,2024-08-23 16:05:00+00:00,144.4712,144.341,0.5175,2024-08-23 16:35:00+00:00,144.9,2024-08-23 16:40:00+00:00,144.69,2024-08-23 16:45:00+00:00,144.7723,59.3451,8591.53,144.2375,145.2017,6,2024-08-23 17:30:00+00:00,144.9839,TRAILING_STOP,9,12.56,6.8732,6.8833,17.2019,-1.2,-0.038
70,SOLUSDT,LONG,spot,2024-09-07 12:55:00+00:00,127.225,127.1423,0.253,2024-09-07 13:00:00+00:00,127.4,2024-09-07 13:15:00+00:00,127.49,2024-09-07 13:20:00+00:00,127.5537,67.371998,8593.55,127.0917,127.0917,0,2024-09-07 13:40:00+00:00,126.9011,STOP_LOSS,4,-43.97,6.8748,6.8397,17.1211,-57.69,-1.853
71,ETHUSDT,LONG,spot,2024-09-10 12:30:00+00:00,2351.378,2349.3423,4.4523,2024-09-10 12:35:00+00:00,2360.76,2024-09-10 12:50:00+00:00,2353.14,2024-09-10 12:55:00+00:00,2354.3066,3.625883,8536.44,2348.4518,2348.4518,0,2024-09-10 13:00:00+00:00,2344.9292,STOP_LOSS,1,-34.0,6.8292,6.802,17.0219,-47.63,-2.244
72,SOLUSDT,LONG,spot,2024-09-10 15:00:00+00:00,134.6802,134.512,0.5814,2024-09-10 15:10:00+00:00,135.15,2024-09-10 15:50:00+00:00,134.71,2024-09-10 15:55:00+00:00,134.7774,62.98747,8489.28,134.3957,134.3957,0,2024-09-10 16:00:00+00:00,133.9388,STOP_LOSS,1,-52.82,6.7914,6.7492,16.8993,-66.36,-2.761
73,SOLUSDT,LONG,spot,2024-09-12 14:00:00+00:00,134.7492,134.547,0.4659,2024-09-12 14:10:00+00:00,135.34,2024-09-12 14:45:00+00:00,134.97,2024-09-12 14:50:00+00:00,135.0375,62.379631,8423.59,134.4538,134.4538,0,2024-09-12 14:55:00+00:00,134.2521,STOP_LOSS,1,-48.99,6.7389,6.6997,16.7737,-62.43,-1.715
74,BNBUSDT,LONG,spot,2024-09-12 13:55:00+00:00,544.428,543.69,1.7955,2024-09-12 14:10:00+00:00,545.9,2024-09-12 14:45:00+00:00,545.6,2024-09-12 14:50:00+00:00,545.8728,15.419191,8416.92,543.3309,543.3309,0,2024-09-12 15:00:00+00:00,542.5159,STOP_LOSS,2,-51.76,6.7335,6.6921,16.7562,-65.19,-1.663
75,BTCUSDT,LONG,spot,2024-09-19 07:45:00+00:00,62041.0455,61999.7477,95.37,2024-09-19 07:50:00+00:00,62115.09,2024-09-19 08:00:00+00:00,62107.42,2024-09-19 08:05:00+00:00,62138.4737,0.133528,8297.25,61980.6737,61980.6737,0,2024-09-19 08:35:00+00:00,61887.7027,STOP_LOSS,6,-33.49,6.6378,6.611,16.5443,-46.73,-2.218
76,ETHUSDT,LONG,spot,2024-09-19 15:40:00+00:00,2434.498,2431.823,5.7397,2024-09-19 15:45:00+00:00,2439.52,2024-09-19 15:50:00+00:00,2438.55,2024-09-19 15:55:00+00:00,2439.7693,3.38187,8250.98,2430.6751,2437.7877,1,2024-09-19 16:10:00+00:00,2434.1311,TRAILING_STOP,3,-19.07,6.6008,6.5855,16.4734,-32.25,-1.049
77,ETHUSDT,LONG,spot,2024-09-23 14:50:00+00:00,2651.6455,2648.4638,10.9216,2024-09-23 14:55:00+00:00,2660.2,2024-09-23 15:00:00+00:00,2653.94,2024-09-23 15:05:00+00:00,2655.277,3.095365,8219.05,2646.2795,2682.452,8,2024-09-23 16:10:00+00:00,2678.4283,TRAILING_STOP,13,71.66,6.5752,6.6326,16.5456,58.45,2.099
78,BTCUSDT,LONG,spot,2024-09-23 16:00:00+00:00,63457.1632,63395.3688,146.594,2024-09-23 16:05:00+00:00,63542.01,2024-09-23 16:10:00+00:00,63505.06,2024-09-23 16:15:00+00:00,63536.8125,0.13027,8276.92,63366.05,63366.05,0,2024-09-23 16:20:00+00:00,63271.0009,STOP_LOSS,1,-34.63,6.6215,6.5938,16.5019,-47.84,-2.151
79,SOLUSDT,LONG,spot,2024-10-05 01:05:00+00:00,143.4031,143.3122,0.3057,2024-10-05 01:10:00+00:00,143.74,2024-10-05 01:20:00+00:00,143.6,2024-10-05 01:25:00+00:00,143.6618,57.284242,8229.56,143.2511,143.2511,0,2024-10-05 01:30:00+00:00,142.9053,STOP_LOSS,1,-43.33,6.5836,6.549,16.3941,-56.47,-2.4
80,ETHUSDT,LONG,spot,2024-10-10 16:10:00+00:00,2390.9998,2388.7844,7.9898,2024-10-10 16:15:00+00:00,2407.05,2024-10-10 16:55:00+00:00,2392.71,2024-10-10 17:00:00+00:00,2393.9064,3.414359,8173.65,2387.1864,2387.1864,0,2024-10-10 17:05:00+00:00,2383.6057,STOP_LOSS,1,-35.17,6.5389,6.5108,16.2946,-48.22,-2.102
81,SOLUSDT,LONG,spot,2024-10-29 09:10:00+00:00,180.656,180.5166,0.3682,2024-10-29 09:15:00+00:00,181.12,2024-10-29 09:50:00+00:00,180.94,2024-10-29 09:55:00+00:00,181.0405,44.884533,8125.92,180.443,180.443,0,2024-10-29 11:30:00+00:00,180.1723,STOP_LOSS,19,-38.97,6.5007,6.4696,16.1934,-51.94,-1.937
82,ETHUSDT,LONG,spot,2024-10-29 14:05:00+00:00,2626.9976,2623.5705,8.0615,2024-10-29 14:30:00+00:00,2632.47,2024-10-29 14:40:00+00:00,2631.39,2024-10-29 14:45:00+00:00,2632.7057,3.066996,8074.5,2621.9582,2666.2464,19,2024-10-29 17:40:00+00:00,2662.247,TRAILING_STOP,35,90.6,6.4596,6.5321,16.2849,77.61,2.355
83,BNBUSDT,LONG,spot,2024-11-06 15:45:00+00:00,582.469,581.8413,1.6278,2024-11-06 15:50:00+00:00,583.36,2024-11-06 16:05:00+00:00,582.83,2024-11-06 16:10:00+00:00,583.1214,13.978794,8151.33,581.5157,581.5157,0,2024-11-06 16:20:00+00:00,580.6435,STOP_LOSS,2,-34.64,6.5211,6.4934,16.2507,-47.65,-2.123
84,SOLUSDT,LONG,spot,2024-11-06 18:10:00+00:00,185.9953,185.8835,0.6282,2024-11-06 18:15:00+00:00,186.39,2024-11-06 18:20:00+00:00,186.38,2024-11-06 18:25:00+00:00,186.4732,43.460174,8104.16,185.7579,186.7462,4,2024-11-06 19:30:00+00:00,186.466,TRAILING_STOP,13,-0.31,6.4833,6.4831,16.2078,-13.28,-0.427
85,SOLUSDT,LONG,spot,2024-11-10 11:30:00+00:00,205.2348,205.0626,0.6788,2024-11-10 11:35:00+00:00,206.35,2024-11-10 12:05:00+00:00,205.34,2024-11-10 12:10:00+00:00,205.4327,39.385231,8091.01,204.9268,204.9268,0,2024-11-10 12:15:00+00:00,204.2731,STOP_LOSS,1,-45.67,6.4728,6.4363,16.1135,-58.58,-2.94
86,SOLUSDT,LONG,spot,2024-11-10 13:05:00+00:00,205.6519,205.3624,0.8679,2024-11-10 13:25:00+00:00,206.57,2024-11-10 13:40:00+00:00,206.0,2024-11-10 13:45:00+00:00,206.113,38.973868,8033.02,205.1888,207.7201,4,2024-11-10 14:30:00+00:00,207.4085,TRAILING_STOP,9,50.49,6.4264,6.4668,16.1418,37.6,1.044
87,ETHUSDT,LONG,spot,2024-11-10 15:20:00+00:00,3199.691,3194.9494,10.8717,2024-11-10 15:45:00+00:00,3207.0,2024-11-10 15:50:00+00:00,3203.6,2024-11-10 15:55:00+00:00,3205.2018,2.517857,8070.24,3192.7751,3192.7751,0,2024-11-10 16:15:00+00:00,3187.9859,STOP_LOSS,4,-43.35,6.4562,6.4215,16.0755,-56.22,-1.797
88,BNBUSDT,LONG,spot,2024-11-10 16:25:00+00:00,636.811,635.7927,2.1287,2024-11-10 16:30:00+00:00,639.92,2024-11-10 16:50:00+00:00,638.79,2024-11-10 16:55:00+00:00,639.1094,10.815836,6912.5,635.367,639.6366,1,2024-11-10 17:55:00+00:00,638.6771,TRAILING_STOP,12,-4.68,5.53,5.5263,13.818,-15.73,-0.389
89,SOLUSDT,LONG,spot,2024-11-11 21:05:00+00:00,219.087,218.4978,1.363,2024-11-11 21:15:00+00:00,219.99,2024-11-11 21:40:00+00:00,219.2,2024-11-11 21:45:00+00:00,219.3096,36.473572,7999.0,218.2252,218.2252,0,2024-11-11 21:50:00+00:00,217.8979,STOP_LOSS,1,-51.49,6.3992,6.358,15.9208,-64.25,-1.624
90,SOLUSDT,LONG,spot,2024-11-12 01:20:00+00:00,219.897,219.4035,1.5958,2024-11-12 01:30:00+00:00,221.05,2024-11-12 01:45:00+00:00,220.02,2024-11-12 01:50:00+00:00,220.13,36.048691,7935.4,219.0843,219.0843,0,2024-11-12 01:55:00+00:00,218.7557,STOP_LOSS,1,-49.54,6.3483,6.3087,15.7965,-62.2,-1.65
91,BNBUSDT,LONG,spot,2024-11-12 06:30:00+00:00,650.0106,649.2459,3.0897,2024-11-12 06:45:00+00:00,651.58,2024-11-12 06:50:00+00:00,651.39,2024-11-12 06:55:00+00:00,651.7157,12.081682,7873.82,648.628,648.628,0,2024-11-12 07:00:00+00:00,647.655,STOP_LOSS,1,-49.06,6.2991,6.2598,15.6741,-61.62,-1.652
92,BTCUSDT,LONG,spot,2024-11-15 17:30:00+00:00,89357.0467,89216.0398,318.916,2024-11-15 17:35:00+00:00,89692.01,2024-11-15 17:50:00+00:00,89499.99,2024-11-15 17:55:00+00:00,89544.75,0.08725,7812.82,89152.2566,90224.0277,3,2024-11-15 19:50:00+00:00,90088.6916,TRAILING_STOP,23,47.46,6.2503,6.2882,15.6968,34.92,1.02
93,BTCUSDT,LONG,spot,2024-11-19 14:35:00+00:00,91842.5724,91768.1055,396.718,2024-11-19 14:45:00+00:00,92124.01,2024-11-19 14:50:00+00:00,91948.0,2024-11-19 14:55:00+00:00,91993.974,0.085303,7847.39,91688.7619,91688.7619,0,2024-11-19 15:00:00+00:00,91551.2287,STOP_LOSS,1,-37.77,6.2779,6.2477,15.6381,-50.29,-1.932
94,BNBUSDT,LONG,spot,2024-11-21 21:50:00+00:00,621.7584,621.254,1.3513,2024-11-21 22:00:00+00:00,622.45,2024-11-21 22:25:00+00:00,622.43,2024-11-21 22:30:00+00:00,622.7512,12.521213,7797.6,620.9837,633.3239,4,2024-11-22 00:40:00+00:00,632.374,TRAILING_STOP,26,120.49,6.2381,6.3345,15.7759,107.92,4.876
95,BNBUSDT,LONG,spot,2024-11-25 04:00:00+00:00,656.7186,656.2016,1.5771,2024-11-25 04:05:00+00:00,659.79,2024-11-25 04:35:00+00:00,658.08,2024-11-25 04:40:00+00:00,658.409,12.005359,7904.44,655.8862,655.8862,0,2024-11-25 04:45:00+00:00,654.9024,STOP_LOSS,1,-42.1,6.3235,6.2899,15.7457,-54.71,-1.806
96,ETHUSDT,LONG,spot,2024-11-25 16:20:00+00:00,3475.8148,3462.977,29.0845,2024-11-25 16:25:00+00:00,3502.4,2024-11-25 16:35:00+00:00,3480.63,2024-11-25 16:40:00+00:00,3482.3703,1.57269,5476.69,3457.1601,3457.1601,0,2024-11-25 17:05:00+00:00,3451.9744,STOP_LOSS,5,-47.8,4.3814,4.3431,10.8817,-56.53,-1.426
97,ETHUSDT,LONG,spot,2024-11-25 20:30:00+00:00,3469.458,3463.1012,13.6124,2024-11-25 20:35:00+00:00,3491.18,2024-11-25 21:15:00+00:00,3481.6,2024-11-25 21:20:00+00:00,3483.3508,1.71361,5969.11,3460.3787,3460.3787,0,2024-11-25 21:30:00+00:00,3455.1882,STOP_LOSS,2,-48.26,4.7753,4.7367,11.8658,-57.77,-1.468
98,BNBUSDT,LONG,spot,2024-11-28 09:35:00+00:00,652.9394,652.5555,2.1941,2024-11-28 09:40:00+00:00,658.56,2024-11-28 10:05:00+00:00,654.29,2024-11-28 10:10:00+00:00,654.6271,11.819117,7737.12,652.1167,655.1448,2,2024-11-28 10:25:00+00:00,654.1621,TRAILING_STOP,3,-5.5,6.1897,6.1853,15.466,-17.87,-0.602
99,SOLUSDT,LONG,spot,2024-12-12 14:55:00+00:00,231.153,230.5814,1.1936,2024-12-12 15:00:00+00:00,232.52,2024-12-12 15:05:00+00:00,231.25,2024-12-12 15:10:00+00:00,231.3656,33.364602,7719.42,230.3427,230.3427,0,2024-12-12 15:15:00+00:00,229.9972,STOP_LOSS,1,-45.66,6.1755,6.139,15.3704,-57.97,-1.699
100,SOLUSDT,LONG,spot,2024-12-23 15:05:00+00:00,183.6454,183.0905,1.2799,2024-12-23 15:10:00+00:00,185.23,2024-12-23 15:20:00+00:00,184.37,2024-12-23 15:25:00+00:00,184.4522,23.921612,4412.39,182.8345,182.8345,0,2024-12-23 15:40:00+00:00,182.5603,STOP_LOSS,3,-45.26,3.5299,3.4937,8.7569,-52.28,-1.351
101,ETHUSDT,LONG,spot,2024-12-23 19:30:00+00:00,3331.5795,3326.7152,12.7417,2024-12-23 19:40:00+00:00,3340.02,2024-12-23 19:50:00+00:00,3335.04,2024-12-23 19:55:00+00:00,3336.7075,2.280772,7610.27,3324.1669,3429.1412,14,2024-12-23 21:45:00+00:00,3423.9975,TRAILING_STOP,22,199.09,6.0882,6.2475,15.5192,186.75,6.529
102,BTCUSDT,LONG,spot,2024-12-25 10:20:00+00:00,98237.7835,98160.9898,189.312,2024-12-25 10:25:00+00:00,98910.97,2024-12-25 10:55:00+00:00,98457.0,2024-12-25 11:00:00+00:00,98506.2185,0.079134,7795.16,98123.1274,98123.1274,0,2024-12-25 11:55:00+00:00,97975.9427,STOP_LOSS,11,-41.96,6.2361,6.2026,15.5274,-54.4,-1.795
103,SOLUSDT,LONG,spot,2025-01-03 04:10:00+00:00,207.218,207.0265,0.4311,2025-01-03 04:15:00+00:00,207.46,2025-01-03 04:20:00+00:00,207.49,2025-01-03 04:25:00+00:00,207.6037,37.288818,7741.3,206.9403,208.6224,10,2025-01-03 06:00:00+00:00,208.3095,TRAILING_STOP,19,26.32,6.193,6.2141,15.5221,13.91,0.562
104,SOLUSDT,LONG,spot,2025-01-04 01:25:00+00:00,217.2955,217.0878,0.5616,2025-01-04 01:30:00+00:00,217.64,2025-01-04 01:45:00+00:00,217.39,2025-01-04 01:50:00+00:00,217.4887,35.657344,7755.07,216.9755,216.9755,0,2025-01-04 02:00:00+00:00,216.65,STOP_LOSS,2,-29.9,6.2041,6.1801,15.4653,-42.29,-2.311
105,SOLUSDT,LONG,spot,2025-01-04 02:45:00+00:00,217.2602,217.0715,0.4365,2025-01-04 02:50:00+00:00,217.84,2025-01-04 03:00:00+00:00,217.38,2025-01-04 03:05:00+00:00,217.4787,35.466478,7713.2,216.9842,216.9842,0,2025-01-04 03:10:00+00:00,215.4863,STOP_LOSS,1,-70.66,6.1706,6.114,15.3204,-82.95,-4.73
106,SOLUSDT,LONG,spot,2025-01-14 14:15:00+00:00,187.2716,187.0375,0.817,2025-01-14 14:20:00+00:00,188.67,2025-01-14 14:50:00+00:00,187.3,2025-01-14 14:55:00+00:00,187.3937,40.722215,7631.08,186.8741,187.0659,3,2025-01-14 15:55:00+00:00,186.7853,TRAILING_STOP,12,-24.77,6.1049,6.085,15.225,-36.96,-1.747
107,SOLUSDT,LONG,spot,2025-01-14 21:10:00+00:00,187.0493,186.8256,0.5125,2025-01-14 21:15:00+00:00,187.7,2025-01-14 21:30:00+00:00,187.16,2025-01-14 21:35:00+00:00,187.2436,40.559413,7594.49,186.7231,186.7231,0,2025-01-14 21:45:00+00:00,186.443,STOP_LOSS,2,-32.47,6.0756,6.0496,15.1403,-44.6,-2.113
108,ETHUSDT,LONG,spot,2025-01-15 04:15:00+00:00,3225.4502,3222.6955,8.1686,2025-01-15 04:25:00+00:00,3229.73,2025-01-15 04:50:00+00:00,3228.62,2025-01-15 04:55:00+00:00,3230.2243,2.337404,7550.34,3221.0618,3221.0618,0,2025-01-15 05:05:00+00:00,3216.2302,STOP_LOSS,2,-32.71,6.0403,6.0141,15.0516,-44.76,-2.09
109,ETHUSDT,LONG,spot,2025-01-17 19:35:00+00:00,3425.5688,3421.7555,9.412,2025-01-17 19:55:00+00:00,3432.11,2025-01-17 20:00:00+00:00,3431.21,2025-01-17 20:05:00+00:00,3432.9156,2.186486,7506.02,3419.8731,3501.0602,11,2025-01-17 21:25:00+00:00,3495.8086,TRAILING_STOP,16,137.51,6.0048,6.1148,15.2183,125.4,4.397
110,BTCUSDT,LONG,spot,2025-01-20 14:35:00+00:00,107656.499,107552.828,429.2278,2025-01-20 14:50:00+00:00,107991.49,2025-01-20 15:00:00+00:00,107789.86,2025-01-20 15:05:00+00:00,107843.7649,0.070752,7630.16,107466.9824,107466.9824,0,2025-01-20 15:10:00+00:00,107305.782,STOP_LOSS,1,-38.06,6.1041,6.0737,15.2032,-50.24,-1.885
111,ETHUSDT,LONG,spot,2025-01-20 19:50:00+00:00,3332.7783,3326.7454,19.6142,2025-01-20 19:55:00+00:00,3343.5,2025-01-20 20:00:00+00:00,3334.47,2025-01-20 20:05:00+00:00,3336.1372,2.272216,7580.43,3322.8226,3322.8226,0,2025-01-20 20:15:00+00:00,3317.8383,STOP_LOSS,2,-41.58,6.0643,6.0311,15.0985,-53.67,-1.774
112,BTCUSDT,LONG,spot,2025-01-24 14:15:00+00:00,105288.0754,105204.7372,189.5466,2025-01-24 14:35:00+00:00,105393.43,2025-01-24 14:40:00+00:00,106222.0,2025-01-24 14:45:00+00:00,106275.101,0.034303,3645.51,105166.8279,105166.8279,0,2025-01-24 20:25:00+00:00,105009.0776,STOP_LOSS,68,-43.43,2.9164,2.8817,7.2259,-49.23,-1.295
113,BTCUSDT,LONG,spot,2025-01-28 15:35:00+00:00,102760.4116,102669.97,385.4812,2025-01-28 15:40:00+00:00,102964.93,2025-01-28 15:45:00+00:00,103036.0,2025-01-28 15:50:00+00:00,103087.518,0.072546,7478.55,102592.8738,102592.8738,0,2025-01-28 15:55:00+00:00,102438.9844,STOP_LOSS,1,-47.05,5.9828,5.9452,14.8865,-58.98,-1.644
114,BTCUSDT,LONG,spot,2025-01-28 17:05:00+00:00,102687.7083,102576.4385,329.0406,2025-01-28 17:10:00+00:00,103035.9,2025-01-28 17:30:00+00:00,102740.01,2025-01-28 17:35:00+00:00,102791.38,0.072187,7420.17,102510.6304,102510.6304,0,2025-01-28 17:40:00+00:00,102356.8644,STOP_LOSS,1,-31.37,5.9361,5.911,14.7933,-43.21,-2.132
115,SOLUSDT,LONG,spot,2025-01-29 19:45:00+00:00,228.6073,228.3168,3.0492,2025-01-29 19:50:00+00:00,233.31,2025-01-29 20:00:00+00:00,228.89,2025-01-29 20:05:00+00:00,229.0144,28.497024,6526.23,227.707,233.6471,6,2025-01-29 20:50:00+00:00,233.2966,TRAILING_STOP,9,122.03,5.221,5.3186,13.2355,111.49,2.992
116,SOLUSDT,LONG,spot,2025-02-10 13:55:00+00:00,204.367,204.0,1.1731,2025-02-10 14:00:00+00:00,208.08,2025-02-10 14:40:00+00:00,205.07,2025-02-10 14:45:00+00:00,205.1725,26.874641,5513.94,203.7654,203.7654,0,2025-02-10 15:20:00+00:00,203.4597,STOP_LOSS,7,-46.03,4.4112,4.3743,10.9588,-54.82,-1.45
117,ETHUSDT,LONG,spot,2025-02-10 16:05:00+00:00,2654.6865,2650.6406,9.0542,2025-02-10 16:10:00+00:00,2668.3,2025-02-10 16:40:00+00:00,2659.8,2025-02-10 16:45:00+00:00,2661.1299,2.793359,7433.49,2648.8298,2680.5128,19,2025-02-10 19:35:00+00:00,2676.492,TRAILING_STOP,34,42.91,5.9468,5.9811,14.9314,30.98,0.902
118,BTCUSDT,LONG,spot,2025-02-14 14:55:00+00:00,96901.1188,96833.9678,214.2125,2025-02-14 15:00:00+00:00,97035.16,2025-02-14 15:05:00+00:00,96992.39,2025-02-14 15:10:00+00:00,97040.8862,0.076918,7464.17,96791.1253,96791.1253,0,2025-02-14 15:15:00+00:00,96507.3914,STOP_LOSS,1,-41.04,5.9713,5.9385,14.8668,-52.95,-2.756
119,SOLUSDT,LONG,spot,2025-02-14 15:30:00+00:00,198.736,198.2984,1.1996,2025-02-14 15:35:00+00:00,199.62,2025-02-14 15:45:00+00:00,199.17,2025-02-14 15:50:00+00:00,199.2696,30.90843,6159.11,198.0585,199.8792,4,2025-02-14 16:15:00+00:00,199.5794,TRAILING_STOP,5,9.58,4.9273,4.9349,12.3326,-0.29,-0.008
120,SOLUSDT,LONG,spot,2025-02-22 17:50:00+00:00,173.4566,173.234,0.462,2025-02-22 18:00:00+00:00,173.74,2025-02-22 18:15:00+00:00,173.66,2025-02-22 18:20:00+00:00,173.7568,42.654243,7411.47,173.1416,173.1416,0,2025-02-22 18:50:00+00:00,172.8819,STOP_LOSS,6,-37.32,5.9292,5.8993,14.767,-49.15,-1.873
121,ETHUSDT,LONG,spot,2025-03-02 03:10:00+00:00,2217.4108,2214.5462,6.5742,2025-03-02 03:15:00+00:00,2221.08,2025-03-02 03:25:00+00:00,2219.53,2025-03-02 03:30:00+00:00,2220.6798,3.315565,7362.81,2213.2314,2220.1044,7,2025-03-02 04:20:00+00:00,2216.7742,TRAILING_STOP,10,-12.95,5.8902,5.8799,14.7062,-24.72,-1.001
122,SOLUSDT,LONG,spot,2025-03-02 06:55:00+00:00,143.7406,143.4825,0.5286,2025-03-02 07:00:00+00:00,144.03,2025-03-02 07:15:00+00:00,143.78,2025-03-02 07:20:00+00:00,143.8519,51.013142,7338.34,143.3768,143.3768,0,2025-03-02 07:50:00+00:00,143.1617,STOP_LOSS,6,-35.21,5.8707,5.8425,14.6239,-46.92,-1.936
123,SOLUSDT,LONG,spot,2025-03-02 10:20:00+00:00,143.6215,143.465,0.5029,2025-03-02 10:30:00+00:00,144.2,2025-03-02 11:00:00+00:00,143.77,2025-03-02 11:05:00+00:00,143.8319,50.697277,7291.88,143.3644,143.3644,0,2025-03-02 11:20:00+00:00,143.1494,STOP_LOSS,3,-34.6,5.8335,5.8058,14.5319,-46.24,-1.951
124,BTCUSDT,LONG,spot,2025-03-02 11:10:00+00:00,85968.6778,85939.5405,90.1209,2025-03-02 11:20:00+00:00,86025.99,2025-03-02 11:25:00+00:00,86100.35,2025-03-02 11:30:00+00:00,86143.4002,0.084117,7246.11,85921.5163,85921.5163,0,2025-03-02 12:10:00+00:00,85792.6341,STOP_LOSS,8,-29.51,5.7969,5.7733,14.448,-41.08,-2.201
125,BNBUSDT,LONG,spot,2025-03-02 23:15:00+00:00,622.2379,621.953,1.737,2025-03-02 23:20:00+00:00,623.63,2025-03-02 23:30:00+00:00,623.34,2025-03-02 23:35:00+00:00,623.6617,11.553446,7205.44,621.6056,621.6056,0,2025-03-03 00:05:00+00:00,620.6732,STOP_LOSS,6,-34.53,5.7644,5.7367,14.3591,-46.03,-1.938
126,ETHUSDT,LONG,spot,2025-03-05 06:05:00+00:00,2174.9212,2173.5494,5.5843,2025-03-05 06:10:00+00:00,2177.89,2025-03-05 06:30:00+00:00,2177.89,2025-03-05 06:35:00+00:00,2178.9789,3.285885,7159.87,2172.4325,2193.0877,3,2025-03-05 07:15:00+00:00,2189.798,TRAILING_STOP,8,35.55,5.7279,5.7563,14.3731,24.07,1.119
127,ETHUSDT,LONG,spot,2025-03-06 11:15:00+00:00,2292.7201,2291.1898,5.9525,2025-03-06 11:20:00+00:00,2297.99,2025-03-06 11:40:00+00:00,2296.92,2025-03-06 11:45:00+00:00,2298.0785,3.125959,7183.7,2289.9993,2289.9993,0,2025-03-06 12:05:00+00:00,2286.5643,STOP_LOSS,4,-35.99,5.747,5.7182,14.3134,-47.46,-1.879
128,SOLUSDT,LONG,spot,2025-03-07 13:45:00+00:00,143.6603,143.419,1.1923,2025-03-07 13:50:00+00:00,145.04,2025-03-07 13:55:00+00:00,144.15,2025-03-07 14:00:00+00:00,144.2221,34.60692,4991.08,143.1805,143.1805,0,2025-03-07 14:25:00+00:00,142.9658,STOP_LOSS,5,-43.48,3.9929,3.9581,9.9169,-51.43,-1.427
129,SOLUSDT,LONG,spot,2025-03-09 03:50:00+00:00,137.6572,137.524,0.3346,2025-03-09 03:55:00+00:00,137.92,2025-03-09 04:30:00+00:00,138.07,2025-03-09 04:35:00+00:00,138.139,51.294713,7085.8,137.4571,138.7465,4,2025-03-09 05:50:00+00:00,138.5384,TRAILING_STOP,15,20.49,5.6686,5.685,14.2023,9.13,0.261
130,BTCUSDT,LONG,spot,2025-03-10 09:30:00+00:00,82203.272,82092.3085,593.1899,2025-03-10 09:35:00+00:00,82575.28,2025-03-10 09:55:00+00:00,82514.26,2025-03-10 10:00:00+00:00,82555.5271,0.061583,5084.03,81973.6705,81973.6705,0,2025-03-10 10:25:00+00:00,81850.71,STOP_LOSS,5,-43.4,4.0672,4.0325,10.1029,-51.5,-1.437
131,SOLUSDT,LONG,spot,2025-03-10 11:20:00+00:00,127.8205,127.6686,0.6257,2025-03-10 11:25:00+00:00,128.31,2025-03-10 11:30:00+00:00,128.09,2025-03-10 11:35:00+00:00,128.144,54.968245,7043.85,127.5435,129.4721,7,2025-03-10 12:25:00+00:00,129.2779,TRAILING_STOP,10,62.32,5.6351,5.6849,14.1812,51.0,1.545
132,BNBUSDT,LONG,spot,2025-03-21 10:15:00+00:00,631.192,630.6403,1.2401,2025-03-21 10:20:00+00:00,633.29,2025-03-21 10:30:00+00:00,632.07,2025-03-21 10:35:00+00:00,632.386,11.21838,7094.35,630.3923,633.4573,7,2025-03-21 11:20:00+00:00,632.5071,TRAILING_STOP,9,1.36,5.6755,5.6766,14.1907,-9.99,-0.447
133,BNBUSDT,LONG,spot,2025-03-24 00:20:00+00:00,623.028,622.776,1.2822,2025-03-24 00:25:00+00:00,626.6,2025-03-24 00:50:00+00:00,623.82,2025-03-24 00:55:00+00:00,624.1319,11.350891,7084.45,622.5196,622.5196,0,2025-03-24 01:00:00+00:00,621.5858,STOP_LOSS,1,-28.9,5.6676,5.6444,14.1256,-40.21,-2.197
134,SOLUSDT,LONG,spot,2025-03-30 09:35:00+00:00,125.9009,125.81,0.2089,2025-03-30 09:50:00+00:00,126.06,2025-03-30 10:00:00+00:00,126.22,2025-03-30 10:05:00+00:00,126.2731,55.788937,7044.64,125.7682,125.7682,0,2025-03-30 10:20:00+00:00,125.5796,STOP_LOSS,3,-38.69,5.6357,5.6048,14.0312,-49.93,-1.773
135,ETHUSDT,LONG,spot,2025-04-11 15:15:00+00:00,1560.4195,1558.9805,6.9417,2025-04-11 15:35:00+00:00,1569.71,2025-04-11 16:00:00+00:00,1563.38,2025-04-11 16:05:00+00:00,1564.1617,4.472178,6995.21,1557.5922,1557.5922,0,2025-04-11 16:20:00+00:00,1555.2558,STOP_LOSS,3,-39.83,5.5962,5.5643,13.9307,-50.99,-1.736
136,BTCUSDT,LONG,spot,2025-04-11 15:40:00+00:00,82227.1726,82106.1587,286.6073,2025-04-11 15:45:00+00:00,82574.18,2025-04-11 16:15:00+00:00,82252.53,2025-04-11 16:20:00+00:00,82293.6663,0.08439,6944.73,82048.8372,82048.8372,0,2025-04-11 16:25:00+00:00,81925.764,STOP_LOSS,1,-31.05,5.5558,5.5309,13.8429,-42.13,-2.039
137,SOLUSDT,LONG,spot,2025-04-13 02:50:00+00:00,132.321,132.075,0.6196,2025-04-13 02:55:00+00:00,132.9,2025-04-13 03:20:00+00:00,132.54,2025-04-13 03:25:00+00:00,132.6063,52.056496,6903.02,131.9511,131.9511,0,2025-04-13 03:30:00+00:00,131.7531,STOP_LOSS,1,-44.41,5.5224,5.4869,13.7394,-55.42,-1.625
138,SOLUSDT,LONG,spot,2025-04-14 09:05:00+00:00,132.6604,132.4624,0.5783,2025-04-14 09:10:00+00:00,133.76,2025-04-14 09:25:00+00:00,132.68,2025-04-14 09:30:00+00:00,132.7463,51.588254,6848.15,132.3467,132.3467,0,2025-04-14 09:35:00+00:00,132.1482,STOP_LOSS,1,-30.86,5.4785,5.4538,13.65,-41.79,-2.027
139,SOLUSDT,LONG,spot,2025-04-14 14:15:00+00:00,133.161,132.8236,0.77,2025-04-14 14:35:00+00:00,133.95,2025-04-14 14:55:00+00:00,133.35,2025-04-14 15:00:00+00:00,133.4067,46.640752,6222.19,132.6696,132.6696,0,2025-04-14 15:05:00+00:00,131.4226,STOP_LOSS,1,-92.54,4.9777,4.9037,12.3056,-102.42,-2.979
140,BTCUSDT,LONG,spot,2025-04-14 18:30:00+00:00,84731.4546,84658.8154,170.3429,2025-04-14 18:35:00+00:00,84910.01,2025-04-14 18:45:00+00:00,84899.99,2025-04-14 18:50:00+00:00,84942.45,0.07894,6705.38,84624.7468,84624.7468,0,2025-04-14 20:25:00+00:00,84497.8097,STOP_LOSS,19,-35.1,5.3643,5.3362,13.3581,-45.8,-1.826
141,SOLUSDT,LONG,spot,2025-04-17 12:35:00+00:00,133.4415,133.286,0.4344,2025-04-17 12:40:00+00:00,133.97,2025-04-17 13:05:00+00:00,133.48,2025-04-17 13:10:00+00:00,133.5467,49.870496,6660.04,133.1991,133.1991,0,2025-04-17 13:15:00+00:00,132.9993,STOP_LOSS,1,-27.3,5.328,5.3062,13.2791,-37.93,-2.188
142,ETHUSDT,LONG,spot,2025-04-23 11:15:00+00:00,1794.8695,1792.195,5.5025,2025-04-23 11:20:00+00:00,1807.79,2025-04-23 11:50:00+00:00,1795.19,2025-04-23 11:55:00+00:00,1796.0976,3.687153,6622.49,1791.0945,1814.0399,3,2025-04-23 12:15:00+00:00,1811.3188,TRAILING_STOP,4,56.12,5.298,5.3429,13.3292,45.48,2.466
143,ETHUSDT,LONG,spot,2025-04-25 05:05:00+00:00,1763.529,1761.9246,3.7933,2025-04-25 05:10:00+00:00,1769.41,2025-04-25 05:40:00+00:00,1765.44,2025-04-25 05:45:00+00:00,1766.3227,3.774799,6667.51,1761.1659,1768.4358,1,2025-04-25 06:20:00+00:00,1765.7832,TRAILING_STOP,7,-2.04,5.334,5.3324,13.332,-12.7,-0.653
144,SOLUSDT,LONG,spot,2025-04-25 13:55:00+00:00,153.9142,153.6984,0.6614,2025-04-25 14:05:00+00:00,154.48,2025-04-25 14:25:00+00:00,154.2,2025-04-25 14:30:00+00:00,154.2771,43.136266,6654.94,153.5661,154.1696,2,2025-04-25 15:00:00+00:00,153.9384,TRAILING_STOP,6,-14.61,5.324,5.3123,13.288,-25.25,-0.823
145,SOLUSDT,LONG,spot,2025-04-25 14:40:00+00:00,154.0198,153.9478,0.7868,2025-04-25 14:45:00+00:00,155.56,2025-04-25 15:00:00+00:00,154.25,2025-04-25 15:05:00+00:00,154.3271,42.960322,6629.94,153.7904,153.7904,0,2025-04-25 15:15:00+00:00,153.5597,STOP_LOSS,2,-32.97,5.304,5.2776,13.2104,-43.55,-1.889
146,BTCUSDT,LONG,spot,2025-04-29 14:50:00+00:00,94941.6792,94866.563,175.6686,2025-04-29 14:55:00+00:00,95040.8,2025-04-29 15:05:00+00:00,95101.18,2025-04-29 15:10:00+00:00,95148.7206,0.069227,6586.83,94831.4293,94831.4293,0,2025-04-29 15:15:00+00:00,94689.1821,STOP_LOSS,1,-31.81,5.2695,5.244,13.1259,-42.33,-1.927
147,ETHUSDT,LONG,spot,2025-05-10 02:10:00+00:00,2342.1164,2338.7042,7.0664,2025-05-10 02:35:00+00:00,2347.3,2025-05-10 02:40:00+00:00,2343.41,2025-05-10 02:45:00+00:00,2344.5817,2.791512,6544.93,2337.2909,2337.2909,0,2025-05-10 03:00:00+00:00,2333.785,STOP_LOSS,3,-30.14,5.2359,5.2118,13.0446,-40.59,-1.994
148,ETHUSDT,LONG,spot,2025-05-12 13:40:00+00:00,2552.2635,2547.0538,13.8985,2025-05-12 13:45:00+00:00,2561.81,2025-05-12 14:00:00+00:00,2567.61,2025-05-12 14:05:00+00:00,2568.8838,1.334931,3429.28,2544.2741,2544.2741,0,2025-05-12 14:20:00+00:00,2540.4577,STOP_LOSS,3,-37.95,2.7434,2.7131,6.8016,-43.4,-1.321
149,ETHUSDT,LONG,spot,2025-05-21 14:50:00+00:00,2545.857,2541.5612,12.6448,2025-05-21 14:55:00+00:00,2580.5,2025-05-21 15:35:00+00:00,2550.14,2025-05-21 15:40:00+00:00,2551.4051,2.532635,6461.78,2539.0322,2590.1102,12,2025-05-21 16:55:00+00:00,2586.2251,TRAILING_STOP,15,88.19,5.1694,5.24,13.0558,77.78,2.482
150,ETHUSDT,LONG,spot,2025-05-22 14:15:00+00:00,2652.925,2647.9236,13.0668,2025-05-22 14:25:00+00:00,2663.3,2025-05-22 14:55:00+00:00,2666.05,2025-05-22 15:00:00+00:00,2667.393,1.495469,3989.0,2645.3102,2645.3102,0,2025-05-22 16:30:00+00:00,2641.3423,STOP_LOSS,18,-38.96,3.1912,3.16,7.9196,-45.31,-1.372
151,ETHUSDT,LONG,spot,2025-05-22 17:00:00+00:00,2661.2735,2658.1702,9.5692,2025-05-22 17:15:00+00:00,2667.65,2025-05-22 17:25:00+00:00,2662.66,2025-05-22 17:30:00+00:00,2663.9913,2.437666,6493.92,2656.2564,2656.2564,0,2025-05-22 17:45:00+00:00,2652.272,STOP_LOSS,3,-28.57,5.1951,5.1723,12.945,-38.94,-2.065
152,ETHUSDT,LONG,spot,2025-05-31 20:25:00+00:00,2539.2025,2537.533,3.5087,2025-05-31 20:45:00+00:00,2541.15,2025-05-31 20:50:00+00:00,2542.0,2025-05-31 20:55:00+00:00,2543.261,2.538227,6455.37,2536.8313,2543.6918,2,2025-05-31 21:10:00+00:00,2539.8763,TRAILING_STOP,3,-8.59,5.1643,5.1574,12.8979,-18.91,-1.159
153,ETHUSDT,LONG,spot,2025-05-31 21:20:00+00:00,2540.2495,2538.4394,3.7019,2025-05-31 21:25:00+00:00,2544.16,2025-05-31 21:30:00+00:00,2542.99,2025-05-31 21:35:00+00:00,2544.2715,2.52986,6436.65,2537.699,2537.699,0,2025-05-31 22:05:00+00:00,2533.8925,STOP_LOSS,6,-26.26,5.1493,5.1283,12.8339,-36.54,-2.197
154,ETHUSDT,LONG,spot,2025-06-11 04:30:00+00:00,2791.4325,2789.4059,6.0106,2025-06-11 04:35:00+00:00,2796.71,2025-06-11 04:40:00+00:00,2793.89,2025-06-11 04:45:00+00:00,2795.2869,2.28974,6400.48,2788.2038,2788.2038,0,2025-06-11 05:05:00+00:00,2784.0215,STOP_LOSS,4,-25.79,5.1204,5.0997,12.7623,-36.02,-2.221
155,ETHUSDT,LONG,spot,2025-06-11 07:20:00+00:00,2793.5792,2791.132,5.8514,2025-06-11 07:35:00+00:00,2801.49,2025-06-11 07:45:00+00:00,2798.37,2025-06-11 07:50:00+00:00,2799.7692,2.273339,6364.83,2789.9617,2789.9617,0,2025-06-11 08:00:00+00:00,2785.7768,STOP_LOSS,2,-31.81,5.0919,5.0664,12.6819,-41.97,-1.882
156,SOLUSDT,LONG,spot,2025-06-11 13:10:00+00:00,165.5229,165.2474,0.753,2025-06-11 13:15:00+00:00,167.1,2025-06-11 13:30:00+00:00,165.92,2025-06-11 13:35:00+00:00,166.003,35.242854,5850.42,165.0968,166.8635,4,2025-06-11 14:40:00+00:00,166.6132,TRAILING_STOP,13,21.51,4.6803,4.6975,11.7331,12.13,0.38
157,ETHUSDT,LONG,spot,2025-06-24 13:15:00+00:00,2413.1764,2411.82,7.3033,2025-06-24 13:35:00+00:00,2424.77,2025-06-24 13:50:00+00:00,2415.2,2025-06-24 13:55:00+00:00,2416.4076,2.621779,6335.29,2410.3593,2430.4044,11,2025-06-24 15:15:00+00:00,2426.7588,TRAILING_STOP,16,27.14,5.0682,5.0899,12.7113,16.98,1.071
158,SOLUSDT,LONG,spot,2025-06-24 14:35:00+00:00,144.501,144.2638,0.5732,2025-06-24 14:40:00+00:00,145.6,2025-06-24 15:15:00+00:00,144.51,2025-06-24 15:20:00+00:00,144.5722,43.937176,6352.1,144.1492,144.1492,0,2025-06-24 15:30:00+00:00,143.9329,STOP_LOSS,2,-28.09,5.0817,5.0592,12.6621,-38.23,-2.057
159,ETHUSDT,LONG,spot,2025-06-24 21:35:00+00:00,2441.6942,2440.4099,4.9396,2025-06-24 21:45:00+00:00,2445.36,2025-06-24 21:50:00+00:00,2444.63,2025-06-24 21:55:00+00:00,2445.8623,2.581604,6314.25,2439.422,2439.422,0,2025-06-24 22:00:00+00:00,2435.7629,STOP_LOSS,1,-26.07,5.0514,5.0305,12.5894,-36.15,-2.175
160,ETHUSDT,LONG,spot,2025-06-25 00:50:00+00:00,2444.9715,2442.3044,5.4782,2025-06-25 00:55:00+00:00,2458.51,2025-06-25 01:20:00+00:00,2449.0,2025-06-25 01:25:00+00:00,2450.2245,2.5624,6278.46,2441.2088,2456.0646,10,2025-06-25 02:25:00+00:00,2452.3805,TRAILING_STOP,12,5.52,5.0228,5.0272,12.5652,-4.53,-0.196
161,BTCUSDT,LONG,spot,2025-07-03 14:05:00+00:00,109638.6172,109547.154,315.7968,2025-07-03 14:10:00+00:00,109949.32,2025-07-03 14:30:00+00:00,109827.19,2025-07-03 14:35:00+00:00,109882.1036,0.057097,6273.97,109483.9946,109483.9946,0,2025-07-03 15:00:00+00:00,109319.7686,STOP_LOSS,5,-32.11,5.0192,4.9935,12.4998,-42.12,-1.853
162,SOLUSDT,LONG,spot,2025-07-07 14:10:00+00:00,152.2542,152.0675,0.6546,2025-07-07 14:15:00+00:00,152.65,2025-07-07 14:25:00+00:00,152.35,2025-07-07 14:30:00+00:00,152.4262,40.887175,6232.28,151.9366,151.9366,0,2025-07-07 14:35:00+00:00,151.7021,STOP_LOSS,1,-29.61,4.9858,4.9621,12.4201,-39.55,-1.976
163,SOLUSDT,LONG,spot,2025-07-11 13:15:00+00:00,164.4975,164.338,0.6533,2025-07-11 13:20:00+00:00,165.8,2025-07-11 13:30:00+00:00,164.8,2025-07-11 13:35:00+00:00,164.8924,37.558541,6193.12,164.2073,166.7049,9,2025-07-11 14:50:00+00:00,166.4548,TRAILING_STOP,15,58.68,4.9545,5.0014,12.4743,48.73,1.894
164,BTCUSDT,LONG,spot,2025-07-16 15:00:00+00:00,118741.0114,118636.5155,296.0786,2025-07-16 15:05:00+00:00,119665.58,2025-07-16 15:15:00+00:00,119252.0,2025-07-16 15:20:00+00:00,119311.616,0.042927,5121.69,118577.2998,118577.2998,0,2025-07-16 15:35:00+00:00,118399.4338,STOP_LOSS,3,-39.16,4.0974,4.066,10.1846,-47.32,-1.501
165,BTCUSDT,LONG,spot,2025-07-16 15:30:00+00:00,118855.3665,118758.0531,401.0445,2025-07-16 15:45:00+00:00,119295.99,2025-07-16 15:55:00+00:00,119095.76,2025-07-16 16:00:00+00:00,119155.3079,0.051987,6194.51,118677.8442,118677.8442,0,2025-07-16 16:05:00+00:00,118499.8274,STOP_LOSS,1,-34.08,4.9556,4.9283,12.3379,-43.96,-1.771
166,BNBUSDT,LONG,spot,2025-07-20 22:30:00+00:00,752.8195,751.3761,3.52,2025-07-20 22:35:00+00:00,758.09,2025-07-20 23:05:00+00:00,755.62,2025-07-20 23:10:00+00:00,755.9878,5.844107,4418.07,750.6721,750.6721,0,2025-07-21 00:15:00+00:00,749.5461,STOP_LOSS,13,-37.65,3.5345,3.5043,8.7797,-44.68,-1.438
167,BNBUSDT,LONG,spot,2025-07-21 00:45:00+00:00,753.9438,752.8731,2.5904,2025-07-21 00:55:00+00:00,755.69,2025-07-21 01:00:00+00:00,754.15,2025-07-21 01:05:00+00:00,754.5271,8.093481,6106.75,752.355,752.355,0,2025-07-21 01:10:00+00:00,751.2265,STOP_LOSS,1,-26.71,4.8854,4.864,12.1734,-36.46,-2.074
168,SOLUSDT,LONG,spot,2025-07-22 07:20:00+00:00,198.9291,198.557,0.8807,2025-07-22 07:25:00+00:00,201.08,2025-07-22 07:45:00+00:00,199.3,2025-07-22 07:50:00+00:00,199.3997,30.094622,6000.86,198.3809,198.3809,0,2025-07-22 07:55:00+00:00,198.0833,STOP_LOSS,1,-39.62,4.8007,4.769,11.9423,-49.18,-1.604
169,ETHUSDT,LONG,spot,2025-07-29 13:30:00+00:00,3848.458,3844.5841,11.2146,2025-07-29 13:35:00+00:00,3859.44,2025-07-29 13:40:00+00:00,3853.51,2025-07-29 13:45:00+00:00,3855.4267,1.561944,6021.96,3842.3412,3842.3412,0,2025-07-29 13:50:00+00:00,3836.5777,STOP_LOSS,1,-29.44,4.8176,4.794,11.9998,-39.05,-1.911
170,BTCUSDT,LONG,spot,2025-08-06 14:00:00+00:00,114101.6524,114054.1875,224.3621,2025-08-06 14:05:00+00:00,114408.64,2025-08-06 14:15:00+00:00,114258.05,2025-08-06 14:20:00+00:00,114315.179,0.05234,5983.3,114009.3151,114009.3151,0,2025-08-06 14:25:00+00:00,113784.5368,STOP_LOSS,1,-27.77,4.7866,4.7644,11.9249,-37.33,-2.332
171,SOLUSDT,LONG,spot,2025-08-06 14:00:00+00:00,163.988,163.8931,0.7138,2025-08-06 14:05:00+00:00,166.0,2025-08-06 14:25:00+00:00,164.82,2025-08-06 14:30:00+00:00,164.9024,26.067867,4298.65,163.7503,168.1305,17,2025-08-06 16:15:00+00:00,167.8783,TRAILING_STOP,21,77.58,3.4389,3.501,8.7137,70.64,2.352
172,BNBUSDT,LONG,spot,2025-08-07 17:25:00+00:00,774.258,773.6307,1.518,2025-08-07 17:45:00+00:00,775.31,2025-08-07 18:15:00+00:00,775.19,2025-08-07 18:20:00+00:00,775.5876,7.757054,6016.27,773.3271,782.0787,28,2025-08-07 21:40:00+00:00,780.9056,TRAILING_STOP,40,41.25,4.813,4.846,12.0944,31.59,1.802
173,ETHUSDT,LONG,spot,2025-08-14 02:55:00+00:00,4741.072,4736.2317,11.21,2025-08-14 03:00:00+00:00,4752.11,2025-08-14 03:10:00+00:00,4753.61,2025-08-14 03:15:00+00:00,4755.9868,1.271566,6047.55,4733.9897,4765.7887,5,2025-08-14 04:30:00+00:00,4758.64,TRAILING_STOP,15,3.37,4.838,4.8407,12.1002,-6.31,-0.225
174,BNBUSDT,LONG,spot,2025-08-25 01:00:00+00:00,874.5108,873.8553,2.335,2025-08-25 01:20:00+00:00,876.62,2025-08-25 01:35:00+00:00,875.21,2025-08-25 01:40:00+00:00,875.6576,6.899169,6041.31,873.3883,877.657,15,2025-08-25 03:20:00+00:00,876.3406,TRAILING_STOP,20,4.71,4.833,4.8368,12.0897,-4.96,-0.317
175,BNBUSDT,LONG,spot,2025-08-27 03:25:00+00:00,861.9445,861.3975,1.5337,2025-08-27 03:50:00+00:00,862.96,2025-08-27 04:00:00+00:00,864.02,2025-08-27 04:05:00+00:00,864.442,6.983003,6036.4,861.0908,861.0908,0,2025-08-27 05:35:00+00:00,859.7991,STOP_LOSS,18,-32.42,4.8291,4.8032,12.0242,-42.05,-1.797
176,ETHUSDT,LONG,spot,2025-09-12 14:15:00+00:00,4528.9245,4522.599,14.1005,2025-09-12 14:20:00+00:00,4566.95,2025-09-12 14:35:00+00:00,4531.23,2025-09-12 14:40:00+00:00,4533.4856,1.322331,5994.77,4519.7789,4555.7913,19,2025-09-12 16:40:00+00:00,4548.9576,TRAILING_STOP,24,20.46,4.7958,4.8122,12.0202,10.85,0.599
177,BNBUSDT,LONG,spot,2025-09-24 00:15:00+00:00,1016.456,1015.758,2.9409,2025-09-24 00:20:00+00:00,1022.12,2025-09-24 00:55:00+00:00,1017.31,2025-09-24 01:00:00+00:00,1017.8187,5.900374,6005.51,1015.1698,1022.7157,9,2025-09-24 02:05:00+00:00,1021.1816,TRAILING_STOP,13,19.84,4.8044,4.8203,12.0408,10.22,0.654
178,ETHUSDT,LONG,spot,2025-10-02 15:10:00+00:00,4396.7275,4389.4047,20.3721,2025-10-02 15:20:00+00:00,4415.32,2025-10-02 15:35:00+00:00,4401.66,2025-10-02 15:40:00+00:00,4403.8508,1.365992,6015.63,4385.3303,4439.5657,9,2025-10-02 16:35:00+00:00,4432.9064,TRAILING_STOP,11,39.69,4.8125,4.8443,12.0908,30.03,1.187
179,ETHUSDT,LONG,spot,2025-10-03 14:50:00+00:00,4477.2466,4471.3631,13.7192,2025-10-03 15:15:00+00:00,4485.59,2025-10-03 15:25:00+00:00,4480.19,2025-10-03 15:30:00+00:00,4482.4201,1.348682,6045.36,4468.6193,4524.4582,6,2025-10-03 16:05:00+00:00,4517.6715,TRAILING_STOP,7,47.54,4.8363,4.8743,12.162,37.83,2.033
180,SOLUSDT,LONG,spot,2025-10-08 16:20:00+00:00,221.6462,221.3525,0.7013,2025-10-08 16:25:00+00:00,222.08,2025-10-08 16:30:00+00:00,221.8,2025-10-08 16:35:00+00:00,221.9009,27.412297,6082.81,221.2122,227.7411,22,2025-10-08 19:05:00+00:00,227.3995,TRAILING_STOP,30,150.73,4.8663,4.9868,12.3917,140.88,7.462
181,ETHUSDT,LONG,spot,2025-10-15 06:40:00+00:00,4109.4609,4102.4756,14.3307,2025-10-15 06:55:00+00:00,4118.52,2025-10-15 07:00:00+00:00,4115.5,2025-10-15 07:05:00+00:00,4117.5678,1.511154,6222.28,4099.6095,4184.1351,7,2025-10-15 08:45:00+00:00,4177.8589,TRAILING_STOP,20,91.11,4.9778,5.0507,12.5812,81.08,2.988
182,BNBUSDT,LONG,spot,2025-10-16 09:35:00+00:00,1185.2435,1184.6322,5.4097,2025-10-16 09:40:00+00:00,1188.12,2025-10-16 09:45:00+00:00,1193.9,2025-10-16 09:50:00+00:00,1194.4969,2.907827,3473.39,1183.5503,1183.5503,0,2025-10-16 09:55:00+00:00,1181.2355,STOP_LOSS,1,-38.56,2.7787,2.7479,6.8889,-44.09,-1.385
183,BTCUSDT,LONG,spot,2025-10-24 12:30:00+00:00,111162.0064,111103.815,294.377,2025-10-24 12:35:00+00:00,111383.74,2025-10-24 12:55:00+00:00,111297.01,2025-10-24 13:00:00+00:00,111352.6685,0.056208,6258.9,111044.9396,111044.9396,0,2025-10-24 13:35:00+00:00,110878.3722,STOP_LOSS,7,-26.66,5.0071,4.9858,12.4778,-36.65,-2.119
184,ETHUSDT,LONG,spot,2025-10-24 12:40:00+00:00,3960.312,3955.4225,17.176,2025-10-24 13:00:00+00:00,3970.05,2025-10-24 13:05:00+00:00,3970.38,2025-10-24 13:10:00+00:00,3972.3652,1.547961,6149.07,3951.9873,3951.9873,0,2025-10-24 13:35:00+00:00,3946.0593,STOP_LOSS,5,-40.72,4.9193,4.8867,12.2371,-50.53,-1.602
185,SOLUSDT,LONG,spot,2025-10-24 12:45:00+00:00,192.7359,192.4002,0.8928,2025-10-24 12:50:00+00:00,193.33,2025-10-24 13:30:00+00:00,193.18,2025-10-24 13:35:00+00:00,193.2866,29.273014,5658.08,192.2216,192.2216,0,2025-10-24 13:40:00+00:00,191.9333,STOP_LOSS,1,-39.62,4.5265,4.4948,11.2567,-48.64,-1.56
186,ETHUSDT,LONG,spot,2025-11-08 02:20:00+00:00,3441.907,3440.131,9.7137,2025-11-08 02:25:00+00:00,3452.08,2025-11-08 03:00:00+00:00,3452.8,2025-11-08 03:05:00+00:00,3454.5264,1.772875,6124.45,3438.1883,3453.7389,1,2025-11-08 04:25:00+00:00,3448.5583,TRAILING_STOP,16,-10.58,4.8996,4.8911,12.233,-20.37,-0.703
187,BNBUSDT,LONG,spot,2025-11-08 18:35:00+00:00,992.0408,991.796,2.116,2025-11-08 18:40:00+00:00,998.0,2025-11-08 19:20:00+00:00,993.56,2025-11-08 19:25:00+00:00,994.0468,6.140835,6104.28,991.3728,996.0492,12,2025-11-08 20:50:00+00:00,994.5551,TRAILING_STOP,17,3.12,4.8834,4.8859,12.2132,-6.65,-0.405
188,BNBUSDT,LONG,spot,2025-11-24 05:20:00+00:00,847.9215,846.4648,3.1684,2025-11-24 05:25:00+00:00,855.71,2025-11-24 06:05:00+00:00,849.19,2025-11-24 06:10:00+00:00,849.6046,7.177099,6097.7,845.8311,853.6818,12,2025-11-24 07:55:00+00:00,852.4013,TRAILING_STOP,21,20.07,4.8782,4.8942,12.2255,10.3,0.38
189,ETHUSDT,LONG,spot,2025-12-04 15:50:00+00:00,3185.2836,3178.942,17.5485,2025-12-04 15:55:00+00:00,3208.15,2025-12-04 16:05:00+00:00,3202.37,2025-12-04 16:10:00+00:00,3203.9812,1.080531,3462.0,3175.4323,3175.4323,0,2025-12-04 16:40:00+00:00,3170.6692,STOP_LOSS,6,-35.99,2.7696,2.7408,6.87,-41.51,-1.345
190,SOLUSDT,LONG,spot,2025-12-10 18:45:00+00:00,137.0985,136.8018,0.8508,2025-12-10 18:50:00+00:00,137.76,2025-12-10 18:55:00+00:00,137.72,2025-12-10 19:00:00+00:00,137.7889,26.477383,3648.29,136.6316,137.499,3,2025-12-10 19:40:00+00:00,137.2928,TRAILING_STOP,8,-13.14,2.9186,2.9081,7.2769,-18.96,-0.619
191,ETHUSDT,LONG,spot,2025-12-17 15:00:00+00:00,2942.838,2932.5002,23.9343,2025-12-17 15:05:00+00:00,3010.84,2025-12-17 15:40:00+00:00,2953.1,2025-12-17 15:45:00+00:00,2954.5665,1.137503,3360.83,2927.7133,2927.7133,0,2025-12-17 15:50:00+00:00,2923.3218,STOP_LOSS,1,-35.54,2.6887,2.6602,6.6683,-40.89,-1.339
192,BTCUSDT,LONG,spot,2025-12-19 14:50:00+00:00,88093.195,87999.9965,340.53,2025-12-19 15:05:00+00:00,88269.26,2025-12-19 15:25:00+00:00,88192.12,2025-12-19 15:30:00+00:00,88236.2161,0.068085,6007.55,87931.8905,87931.8905,0,2025-12-19 15:45:00+00:00,87799.9927,STOP_LOSS,3,-29.7,4.806,4.7823,11.9705,-39.29,-1.896
193,SOLUSDT,LONG,spot,2025-12-30 15:15:00+00:00,124.4405,124.336,0.4759,2025-12-30 15:40:00+00:00,124.68,2025-12-30 15:45:00+00:00,124.79,2025-12-30 15:50:00+00:00,124.8524,47.805677,5968.65,124.2408,125.6118,3,2025-12-30 16:35:00+00:00,125.4234,TRAILING_STOP,9,27.3,4.7749,4.7968,11.9783,17.73,0.606
194,ETHUSDT,LONG,spot,2025-12-30 15:45:00+00:00,2981.0742,2978.5775,10.3721,2025-12-30 15:50:00+00:00,2993.27,2025-12-30 16:05:00+00:00,2983.62,2025-12-30 16:10:00+00:00,2985.1218,1.997884,5963.93,2976.5031,2977.6625,3,2025-12-30 16:40:00+00:00,2973.196,TRAILING_STOP,6,-23.83,4.7711,4.7521,11.8921,-33.35,-1.937
195,SOLUSDT,LONG,spot,2026-01-02 14:45:00+00:00,128.3618,128.2006,0.6744,2026-01-02 14:50:00+00:00,128.87,2026-01-02 15:00:00+00:00,128.47,2026-01-02 15:05:00+00:00,128.5342,46.315962,5953.19,128.0657,128.0657,0,2026-01-02 15:20:00+00:00,127.8736,STOP_LOSS,3,-30.6,4.7625,4.7381,11.8605,-40.1,-1.848
197,BTCUSDT,LONG,spot,2026-01-02 15:35:00+00:00,89385.7348,89236.3485,347.5584,2026-01-02 15:40:00+00:00,89757.89,2026-01-02 15:55:00+00:00,89418.11,2026-01-02 16:00:00+00:00,89462.809,0.066048,5908.81,89166.8368,90061.9139,5,2026-01-02 16:40:00+00:00,89926.821,TRAILING_STOP,8,30.65,4.727,4.7516,11.8636,21.17,1.083
196,BNBUSDT,LONG,spot,2026-01-02 14:45:00+00:00,870.447,869.2388,2.5987,2026-01-02 14:50:00+00:00,875.3,2026-01-02 15:20:00+00:00,871.12,2026-01-02 15:25:00+00:00,871.5756,6.784828,5913.49,868.7191,886.5705,20,2026-01-02 17:30:00+00:00,885.2407,TRAILING_STOP,25,92.72,4.7308,4.805,11.9661,83.18,4.292
198,ETHUSDT,LONG,spot,2026-01-09 15:40:00+00:00,3095.5096,3090.3705,17.2312,2026-01-09 15:45:00+00:00,3115.64,2026-01-09 15:55:00+00:00,3112.08,2026-01-09 16:00:00+00:00,3113.636,1.13762,3542.13,3086.9243,3127.0076,12,2026-01-09 17:10:00+00:00,3121.8702,TRAILING_STOP,14,9.37,2.8337,2.8412,7.0983,3.69,0.122
199,BNBUSDT,LONG,spot,2026-01-26 16:30:00+00:00,873.332,872.7371,2.0601,2026-01-26 16:45:00+00:00,874.52,2026-01-26 17:00:00+00:00,874.41,2026-01-26 17:05:00+00:00,874.8372,6.881795,6020.45,872.3251,872.3251,0,2026-01-26 17:10:00+00:00,871.0166,STOP_LOSS,1,-26.29,4.8164,4.7953,12.0015,-35.9,-2.077
200,ETHUSDT,LONG,spot,2026-01-27 15:05:00+00:00,2919.532,2917.0978,10.5246,2026-01-27 15:10:00+00:00,2930.94,2026-01-27 15:20:00+00:00,2921.45,2026-01-27 15:25:00+00:00,2922.9007,2.047591,5984.9,2914.9929,2977.3873,14,2026-01-27 17:05:00+00:00,2972.9213,TRAILING_STOP,20,102.42,4.7879,4.8699,12.1234,92.76,5.729
201,BTCUSDT,LONG,spot,2026-02-14 01:20:00+00:00,68964.5035,68921.2416,101.0842,2026-02-14 01:25:00+00:00,69052.53,2026-02-14 01:30:00+00:00,69051.6,2026-02-14 01:35:00+00:00,69086.1258,0.087959,6076.74,68901.0248,68901.0248,0,2026-02-14 02:20:00+00:00,68797.6732,STOP_LOSS,9,-25.37,4.8614,4.8411,12.1154,-35.07,-2.154
202,ETHUSDT,LONG,spot,2026-02-14 18:15:00+00:00,2082.5775,2081.4728,3.7487,2026-02-14 18:30:00+00:00,2085.17,2026-02-14 18:35:00+00:00,2084.85,2026-02-14 18:40:00+00:00,2085.8624,2.896652,6042.02,2080.7231,2080.7231,0,2026-02-14 19:15:00+00:00,2077.602,STOP_LOSS,7,-23.93,4.8336,4.8145,12.0481,-33.58,-2.255
203,BNBUSDT,LONG,spot,2026-02-15 01:50:00+00:00,631.9644,631.454,1.4345,2026-02-15 01:55:00+00:00,632.82,2026-02-15 02:00:00+00:00,632.67,2026-02-15 02:05:00+00:00,632.9763,9.492894,6008.78,631.1671,631.1671,0,2026-02-15 02:10:00+00:00,629.9137,STOP_LOSS,1,-29.07,4.807,4.7838,11.9739,-38.66,-2.251
204,SOLUSDT,LONG,spot,2026-02-18 06:20:00+00:00,85.026,84.9679,0.1722,2026-02-18 06:25:00+00:00,85.16,2026-02-18 06:35:00+00:00,85.13,2026-02-18 06:40:00+00:00,85.1726,70.098863,5970.5,84.9335,84.9335,0,2026-02-18 06:55:00+00:00,84.8061,STOP_LOSS,3,-25.69,4.7764,4.7558,11.9025,-35.22,-2.102
205,ETHUSDT,LONG,spot,2026-02-20 06:15:00+00:00,1950.7345,1949.839,4.1205,2026-02-20 06:20:00+00:00,1954.71,2026-02-20 06:30:00+00:00,1955.37,2026-02-20 06:35:00+00:00,1956.3577,3.03402,5935.63,1949.0149,1961.6239,6,2026-02-20 07:55:00+00:00,1958.6814,TRAILING_STOP,16,7.05,4.7485,4.7541,11.8818,-2.45,-0.11
206,ETHUSDT,LONG,spot,2026-03-09 00:45:00+00:00,1945.875,1945.3772,8.8001,2026-03-09 00:55:00+00:00,1950.99,2026-03-09 01:00:00+00:00,1948.11,2026-03-09 01:05:00+00:00,1949.0941,3.044081,5933.2,1943.6172,1949.3559,5,2026-03-09 01:55:00+00:00,1946.4319,TRAILING_STOP,10,-8.1,4.7466,4.7401,11.8542,-17.59,-1.055
207,BNBUSDT,LONG,spot,2026-03-10 15:30:00+00:00,646.0654,645.452,2.118,2026-03-10 15:35:00+00:00,647.32,2026-03-10 15:40:00+00:00,647.31,2026-03-10 15:45:00+00:00,647.6337,9.134464,5915.79,645.0284,649.1719,6,2026-03-10 16:45:00+00:00,648.1982,TRAILING_STOP,12,5.16,4.7326,4.7368,11.8393,-4.31,-0.181
208,ETHUSDT,LONG,spot,2026-03-12 16:20:00+00:00,2063.422,2060.2489,9.8309,2026-03-12 16:30:00+00:00,2069.16,2026-03-12 16:45:00+00:00,2072.6,2026-03-12 16:50:00+00:00,2073.6463,1.943305,4029.73,2058.2827,2058.2827,0,2026-03-12 17:20:00+00:00,2055.1953,STOP_LOSS,6,-35.86,3.2238,3.1951,8.0057,-42.27,-1.416
209,SOLUSDT,LONG,spot,2026-03-16 16:35:00+00:00,93.6806,93.5495,0.3147,2026-03-16 16:50:00+00:00,93.9,2026-03-16 17:00:00+00:00,93.83,2026-03-16 17:05:00+00:00,93.8869,62.518448,5869.66,93.4866,94.4038,8,2026-03-16 18:50:00+00:00,94.2622,TRAILING_STOP,21,23.46,4.6957,4.7145,11.7745,14.05,0.562
210,SOLUSDT,LONG,spot,2026-03-30 15:00:00+00:00,84.2684,84.1583,0.3217,2026-03-30 15:30:00+00:00,84.49,2026-03-30 16:05:00+00:00,84.27,2026-03-30 16:10:00+00:00,84.3121,69.783291,5883.58,84.094,84.094,0,2026-03-30 16:20:00+00:00,83.9678,STOP_LOSS,2,-24.03,4.7069,4.6876,11.7311,-33.42,-2.195
211,SOLUSDT,LONG,spot,2026-04-03 03:15:00+00:00,79.187,79.0908,0.2162,2026-04-03 03:20:00+00:00,79.36,2026-04-03 03:25:00+00:00,79.2,2026-04-03 03:30:00+00:00,79.2296,73.842238,5850.49,79.0476,79.0476,0,2026-04-03 03:40:00+00:00,78.929,STOP_LOSS,2,-22.2,4.6804,4.6626,11.6677,-31.54,-2.346
212,BNBUSDT,LONG,spot,2026-04-13 13:45:00+00:00,597.7835,597.5202,1.3395,2026-04-13 13:50:00+00:00,598.68,2026-04-13 14:20:00+00:00,599.56,2026-04-13 14:25:00+00:00,599.8598,9.701042,5819.27,597.2523,602.3172,5,2026-04-13 15:15:00+00:00,601.4138,TRAILING_STOP,10,15.08,4.6554,4.6675,11.6611,5.75,0.227
213,ETHUSDT,LONG,spot,2026-04-14 13:40:00+00:00,2378.0066,2376.9478,7.5513,2026-04-14 13:45:00+00:00,2387.32,2026-04-14 14:05:00+00:00,2382.73,2026-04-14 14:10:00+00:00,2383.9314,2.443426,5824.96,2375.4375,2395.0473,2,2026-04-14 14:35:00+00:00,2387.084,TRAILING_STOP,5,7.7,4.66,4.6661,11.6615,-1.62,-0.078
214,ETHUSDT,LONG,spot,2026-04-20 16:50:00+00:00,2307.6004,2306.7725,5.9756,2026-04-20 17:05:00+00:00,2310.64,2026-04-20 17:30:00+00:00,2310.84,2026-04-20 17:35:00+00:00,2311.9854,2.518767,5823.35,2305.5774,2331.1819,17,2026-04-20 19:15:00+00:00,2327.6852,TRAILING_STOP,20,39.54,4.6587,4.6903,11.706,30.19,1.871
215,ETHUSDT,LONG,spot,2026-04-30 15:25:00+00:00,2263.3964,2261.8072,5.0667,2026-04-30 15:30:00+00:00,2266.42,2026-04-30 15:35:00+00:00,2266.0,2026-04-30 15:40:00+00:00,2267.143,2.581772,5853.25,2260.7939,2260.7939,0,2026-04-30 15:45:00+00:00,2257.4027,STOP_LOSS,1,-25.15,4.6826,4.6625,11.6688,-34.49,-2.104
216,SOLUSDT,LONG,spot,2026-04-30 14:45:00+00:00,83.1558,83.1523,0.2399,2026-04-30 15:05:00+00:00,83.28,2026-04-30 15:45:00+00:00,83.31,2026-04-30 15:50:00+00:00,83.3517,69.813836,5819.1,83.1043,83.1043,0,2026-04-30 16:25:00+00:00,82.9797,STOP_LOSS,7,-25.97,4.6553,4.6345,11.5992,-35.26,-2.042
217,ETHUSDT,LONG,spot,2026-05-20 14:25:00+00:00,2130.5259,2127.293,6.8235,2026-05-20 14:45:00+00:00,2134.0,2026-05-20 15:05:00+00:00,2132.67,2026-05-20 15:10:00+00:00,2133.7463,2.710815,5784.19,2125.9283,2137.4757,4,2026-05-20 15:35:00+00:00,2134.2695,TRAILING_STOP,5,1.42,4.6274,4.6285,11.5705,-7.84,-0.37
218,BTCUSDT,LONG,spot,2026-06-04 23:55:00+00:00,63602.1645,63535.1852,134.1475,2026-06-05 00:00:00+00:00,63738.01,2026-06-05 00:15:00+00:00,63686.2,2026-06-05 00:20:00+00:00,63718.0331,0.090656,5776.43,63508.3557,63667.7211,1,2026-06-05 00:45:00+00:00,63572.2195,TRAILING_STOP,5,-13.22,4.6211,4.6106,11.533,-22.45,-1.181
219,ETHUSDT,LONG,spot,2026-06-07 15:20:00+00:00,1624.647,1622.572,5.0832,2026-06-07 15:25:00+00:00,1632.02,2026-06-07 16:05:00+00:00,1625.4,2026-06-07 16:10:00+00:00,1626.2027,3.538431,5754.21,1621.5554,1626.3994,8,2026-06-07 16:55:00+00:00,1623.9598,TRAILING_STOP,9,-7.94,4.6034,4.597,11.4965,-17.14,-1.042
220,SOLUSDT,LONG,spot,2026-06-08 09:55:00+00:00,65.8943,65.8194,0.2034,2026-06-08 10:00:00+00:00,66.31,2026-06-08 10:25:00+00:00,65.93,2026-06-08 10:30:00+00:00,65.963,86.976692,5737.24,65.7787,66.0729,5,2026-06-08 11:00:00+00:00,65.9738,TRAILING_STOP,6,0.94,4.5898,4.5905,11.4759,-8.24,-0.514
221,ETHUSDT,LONG,spot,2026-06-08 10:40:00+00:00,1668.0317,1666.489,5.102,2026-06-08 10:45:00+00:00,1671.48,2026-06-08 11:05:00+00:00,1673.08,2026-06-08 11:10:00+00:00,1673.9065,3.422583,5729.08,1665.4686,1683.6312,6,2026-06-08 11:45:00+00:00,1681.1057,TRAILING_STOP,7,24.64,4.5833,4.603,11.4951,15.45,0.535
222,SOLUSDT,LONG,spot,2026-06-11 15:15:00+00:00,65.44,65.3423,0.2542,2026-06-11 15:20:00+00:00,65.73,2026-06-11 15:45:00+00:00,65.46,2026-06-11 15:50:00+00:00,65.4927,87.710231,5744.38,65.2915,65.4024,3,2026-06-11 16:20:00+00:00,65.3043,TRAILING_STOP,6,-16.53,4.5955,4.5823,11.464,-25.71,-1.456
223,ETHUSDT,LONG,spot,2026-06-12 15:05:00+00:00,1670.5399,1668.4695,7.6454,2026-06-12 15:10:00+00:00,1690.1,2026-06-12 15:35:00+00:00,1673.19,2026-06-12 15:40:00+00:00,1674.0266,3.416273,5718.93,1666.9404,1666.9404,0,2026-06-12 15:45:00+00:00,1664.44,STOP_LOSS,1,-32.75,4.5751,4.5489,11.3887,-41.87,-1.73
224,ETHUSDT,LONG,spot,2026-06-17 04:20:00+00:00,1794.4929,1793.267,3.1462,2026-06-17 04:45:00+00:00,1800.44,2026-06-17 05:00:00+00:00,1798.72,2026-06-17 05:05:00+00:00,1799.6094,3.154839,5677.48,1792.6378,1792.6378,0,2026-06-17 05:10:00+00:00,1789.4118,STOP_LOSS,1,-32.17,4.542,4.5162,11.3067,-41.23,-1.875
225,BNBUSDT,LONG,spot,2026-06-17 18:50:00+00:00,606.333,605.4834,2.0026,2026-06-17 18:55:00+00:00,607.76,2026-06-17 19:10:00+00:00,608.24,2026-06-17 19:15:00+00:00,608.5441,8.224786,5005.15,605.0829,605.0829,0,2026-06-17 19:20:00+00:00,602.5947,STOP_LOSS,1,-48.93,4.0041,3.965,9.9369,-56.9,-1.999
226,ETHUSDT,LONG,spot,2026-06-24 12:10:00+00:00,1670.1216,1668.226,5.4936,2026-06-24 12:15:00+00:00,1678.38,2026-06-24 12:50:00+00:00,1672.13,2026-06-24 12:55:00+00:00,1672.9661,3.335589,5580.33,1667.1273,1667.1273,0,2026-06-24 13:00:00+00:00,1664.6266,STOP_LOSS,1,-27.82,4.4643,4.442,11.1189,-36.72,-1.886
227,ETHUSDT,LONG,spot,2026-06-29 12:50:00+00:00,1578.8575,1577.9868,6.7545,2026-06-29 13:10:00+00:00,1585.17,2026-06-29 13:20:00+00:00,1580.09,2026-06-29 13:25:00+00:00,1580.88,3.506889,5543.97,1576.6359,1576.6359,0,2026-06-29 13:30:00+00:00,1572.8771,STOP_LOSS,1,-28.07,4.4352,4.4127,11.0458,-36.91,-2.48
228,BTCUSDT,LONG,spot,2026-07-09 13:25:00+00:00,62806.3918,62755.3315,123.8799,2026-07-09 13:40:00+00:00,62970.47,2026-07-09 13:45:00+00:00,62931.88,2026-07-09 13:50:00+00:00,62963.3459,0.08747,5507.43,62730.5555,62730.5555,0,2026-07-09 14:15:00+00:00,62636.4597,STOP_LOSS,5,-28.59,4.4059,4.3831,10.972,-37.38,-1.836
229,BTCUSDT,LONG,spot,2026-07-09 14:45:00+00:00,62867.102,62793.4468,152.3434,2026-07-09 14:55:00+00:00,63016.0,2026-07-09 15:35:00+00:00,62965.3,2026-07-09 15:40:00+00:00,62996.7927,0.086836,5470.42,62762.9781,62762.9781,0,2026-07-09 16:20:00+00:00,62668.8337,STOP_LOSS,8,-28.48,4.3763,4.3536,10.8981,-37.21,-1.833
230,ETHUSDT,LONG,spot,2026-07-13 00:45:00+00:00,1816.2179,1812.3454,8.2213,2026-07-13 00:50:00+00:00,1825.48,2026-07-13 01:10:00+00:00,1822.52,2026-07-13 01:15:00+00:00,1823.4213,2.157397,3933.84,1810.7011,1810.7011,0,2026-07-13 01:50:00+00:00,1807.9851,STOP_LOSS,7,-33.3,3.1471,3.1204,7.8177,-39.57,-1.442
231,ETHUSDT,LONG,spot,2026-08-05 14:45:00+00:00,1872.9765,1871.631,4.7452,2026-08-05 14:55:00+00:00,1875.89,2026-08-05 15:15:00+00:00,1876.49,2026-08-05 15:20:00+00:00,1877.4382,2.873281,5394.41,1870.682,1891.2714,12,2026-08-05 17:20:00+00:00,1888.4345,TRAILING_STOP,24,31.6,4.3155,4.3408,10.8362,22.94,1.182
232,SOLUSDT,LONG,spot,2026-08-17 13:15:00+00:00,75.5524,75.523,0.0796,2026-08-17 13:30:00+00:00,75.64,2026-08-17 13:45:00+00:00,75.72,2026-08-17 13:50:00+00:00,75.7679,71.496248,5417.12,75.5071,75.9922,9,2026-08-17 16:15:00+00:00,75.8782,TRAILING_STOP,29,7.89,4.3337,4.34,10.8461,-0.78,-0.042
233,SOLUSDT,LONG,spot,2026-08-23 21:10:00+00:00,95.2469,95.2016,0.2088,2026-08-23 21:15:00+00:00,96.05,2026-08-23 21:35:00+00:00,95.38,2026-08-23 21:40:00+00:00,95.4277,56.758605,5416.34,95.1598,95.1598,0,2026-08-23 22:00:00+00:00,95.0171,STOP_LOSS,4,-23.3,4.3331,4.3144,10.7977,-31.95,-2.102
234,SOLUSDT,LONG,spot,2026-08-24 19:45:00+00:00,96.0824,95.9903,0.3948,2026-08-24 19:50:00+00:00,96.44,2026-08-24 20:00:00+00:00,96.13,2026-08-24 20:05:00+00:00,96.1781,55.986884,5384.71,95.9113,95.9113,0,2026-08-24 20:25:00+00:00,95.7675,STOP_LOSS,4,-22.99,4.3078,4.2894,10.7349,-31.59,-2.115
235,ETHUSDT,LONG,spot,2026-08-28 14:45:00+00:00,2501.2244,2497.7332,13.6614,2026-08-28 14:50:00+00:00,2511.35,2026-08-28 15:10:00+00:00,2503.6,2026-08-28 15:15:00+00:00,2504.8518,2.137229,5353.44,2495.0009,2495.0009,0,2026-08-28 15:40:00+00:00,2491.2584,STOP_LOSS,5,-29.05,4.2828,4.2595,10.6633,-37.59,-1.786
236,SOLUSDT,LONG,spot,2026-09-14 14:35:00+00:00,101.5795,101.4725,0.4074,2026-09-14 14:45:00+00:00,101.81,2026-09-14 14:50:00+00:00,101.77,2026-09-14 14:55:00+00:00,101.8109,52.216644,5316.22,101.391,101.391,0,2026-09-14 15:00:00+00:00,101.2389,STOP_LOSS,1,-29.86,4.253,4.2291,10.5876,-38.35,-1.749
237,BTCUSDT,LONG,spot,2026-09-16 18:45:00+00:00,75825.3506,75748.9812,408.5858,2026-09-16 19:00:00+00:00,76054.01,2026-09-16 19:10:00+00:00,75949.61,2026-09-16 19:15:00+00:00,75987.5848,0.069462,5278.26,75667.264,75667.264,0,2026-09-16 19:20:00+00:00,75553.7631,STOP_LOSS,1,-30.13,4.2226,4.1985,10.5113,-38.56,-1.733
238,ETHUSDT,LONG,spot,2026-09-16 18:40:00+00:00,2398.8753,2392.8942,18.3045,2026-09-16 19:00:00+00:00,2412.52,2026-09-16 19:10:00+00:00,2407.18,2026-09-16 19:15:00+00:00,2408.3836,1.392035,3352.55,2389.2333,2389.2333,0,2026-09-16 19:20:00+00:00,2385.6494,STOP_LOSS,1,-31.65,2.682,2.6567,6.6576,-36.99,-1.387
239,SOLUSDT,LONG,spot,2026-09-17 22:10:00+00:00,101.201,101.1346,0.1839,2026-09-17 22:35:00+00:00,101.44,2026-09-17 22:55:00+00:00,101.44,2026-09-17 23:00:00+00:00,101.4907,51.270437,5203.47,101.0978,101.0978,0,2026-09-18 00:20:00+00:00,100.9462,STOP_LOSS,16,-27.92,4.1628,4.1404,10.3651,-36.22,-1.798
240,SOLUSDT,LONG,spot,2026-09-19 01:45:00+00:00,113.353,113.184,0.3442,2026-09-19 01:50:00+00:00,113.66,2026-09-19 02:00:00+00:00,113.42,2026-09-19 02:05:00+00:00,113.4767,45.538976,5167.61,113.1152,113.4025,6,2026-09-19 03:20:00+00:00,113.2324,TRAILING_STOP,15,-11.13,4.1341,4.1252,10.3185,-19.39,-1.177
241,ETHUSDT,LONG,spot,2026-09-22 23:20:00+00:00,2752.577,2749.6503,6.1406,2026-09-22 23:25:00+00:00,2757.74,2026-09-22 23:30:00+00:00,2755.53,2026-09-22 23:35:00+00:00,2756.8777,1.867483,5148.42,2748.4222,2764.3858,11,2026-09-23 01:30:00+00:00,2760.2393,TRAILING_STOP,23,6.28,4.1187,4.1238,10.3063,-1.96,-0.124
