net_return_pct,max_drawdown_pct,annualized_sharpe,calmar_ratio,avg_cash_pct,total_trades,win_rate_pct,profit_factor,top3_trades_profit_share_pct,max_dd_recovery_days,final_equity_usd,total_friction_usd,year,initial_equity,model_key
232.87,31.26,2.24,7.49,73.3,39,53.8,2.31,93.8,99,33827.55,1130.67,2021,10162.49,M1A_Structural_Trend_Close
-1.09,30.01,0.05,-0.04,93.4,14,35.7,0.97,0.0,107,33457.94,1760.3,2022,33827.55,M1A_Structural_Trend_Close
109.24,36.83,1.56,2.98,79.7,31,41.9,2.49,121.5,278,70008.67,3607.19,2023,33457.94,M1A_Structural_Trend_Close
55.78,16.45,1.49,3.39,79.1,23,52.2,3.78,112.2,124,109060.85,6160.85,2024,70008.67,M1A_Structural_Trend_Close
7.43,20.61,0.42,0.36,89.3,18,44.4,1.28,253.1,111,117164.74,8883.29,2025,109060.85,M1A_Structural_Trend_Close
-4.34,24.68,-0.19,-0.24,87.3,17,23.5,0.54,0.0,0,112083.69,11383.27,2026,117164.74,M1A_Structural_Trend_Close
1020.84,39.52,1.19,1.27,83.3,146,44.5,1.77,62.9,461,112083.69,11383.27,Full_Cycle,10000.0,M1A_Structural_Trend_Close
37.06,30.01,0.88,1.24,80.1,47,46.8,1.32,160.1,130,11910.66,997.87,2021,8689.83,M1B_Structural_Trend_Intrabar
9.57,20.72,0.59,0.46,93.5,14,42.9,1.4,314.5,106,13050.66,1330.78,2022,11910.66,M1B_Structural_Trend_Intrabar
54.42,33.99,1.33,1.61,85.3,35,45.7,1.79,156.2,289,20153.36,2291.89,2023,13050.66,M1B_Structural_Trend_Intrabar
7.22,18.74,0.39,0.39,83.4,34,41.2,1.18,344.3,140,21607.78,3505.73,2024,20153.36,M1B_Structural_Trend_Intrabar
13.31,18.8,0.71,0.71,91.4,20,45.0,1.5,143.1,111,24482.93,4360.34,2025,21607.78,M1B_Structural_Trend_Intrabar
-8.14,20.88,-0.53,-0.53,90.5,19,26.3,0.54,0.0,0,22490.13,5161.21,2026,24482.93,M1B_Structural_Trend_Intrabar
124.9,33.99,0.58,0.43,87.3,176,42.0,1.28,101.4,289,22490.13,5161.21,Full_Cycle,10000.0,M1B_Structural_Trend_Intrabar
1418.58,59.12,3.08,24.23,26.4,64,17.2,2.26,133.4,101,182858.69,11125.41,2021,12041.39,M2_Simple_EMA_ETHSOL
-43.84,58.63,-1.23,-0.75,78.9,63,11.1,0.28,0.0,42,102697.15,24423.58,2022,182858.69,M2_Simple_EMA_ETHSOL
370.99,44.75,2.43,8.35,39.9,64,17.2,1.46,236.1,274,483695.2,36076.09,2023,102697.15,M2_Simple_EMA_ETHSOL
19.36,42.16,0.49,0.46,41.0,78,20.5,2.05,145.8,65,584156.07,90619.87,2024,489390.56,M2_Simple_EMA_ETHSOL
26.78,26.01,0.74,1.03,56.9,55,16.4,1.47,214.5,111,740614.58,141609.13,2025,584156.07,M2_Simple_EMA_ETHSOL
4.99,39.06,0.36,0.18,56.0,63,11.1,0.16,0.0,5,777595.93,195874.01,2026,740614.58,M2_Simple_EMA_ETHSOL
7675.96,67.85,1.44,1.59,49.1,408,15.7,1.36,134.2,797,777595.93,195874.01,Full_Cycle,10000.0,M2_Simple_EMA_ETHSOL
853.34,43.42,3.06,19.82,29.7,117,21.4,2.53,87.1,103,141886.45,8386.23,2021,14883.08,M3_Simple_EMA_Core4
-35.98,47.97,-1.23,-0.75,75.5,116,12.9,0.33,0.0,47,90839.62,18444.88,2022,141886.45,M3_Simple_EMA_Core4
219.49,37.08,2.3,5.95,43.3,135,14.8,1.22,328.2,276,290220.75,28236.61,2023,90839.62,M3_Simple_EMA_Core4
23.3,39.35,0.55,0.59,38.6,154,21.4,2.06,127.2,63,361058.74,61816.24,2024,292834.28,M3_Simple_EMA_Core4
19.47,24.79,0.63,0.79,55.5,148,13.5,1.36,234.6,111,431603.76,94531.44,2025,361258.23,M3_Simple_EMA_Core4
6.04,36.54,0.4,0.23,55.7,112,11.6,0.16,0.0,7,457672.72,125241.71,2026,431603.76,M3_Simple_EMA_Core4
4476.73,55.87,1.45,1.62,48.7,822,15.8,1.36,113.1,797,457672.72,125241.71,Full_Cycle,10000.0,M3_Simple_EMA_Core4
2859.38,53.14,3.24,54.46,94.5,86,55.8,2.57,69.4,75,506548.68,1705634.92,2021,17116.73,M4_Top1_Rotation_Candidate
-8.32,39.34,-0.04,-0.21,99.0,34,35.3,0.88,0.0,28,464406.89,1705634.92,2022,506548.68,M4_Top1_Rotation_Candidate
259.84,32.99,2.22,7.92,96.9,76,47.4,2.6,65.9,172,1671108.65,1705634.92,2023,464406.89,M4_Top1_Rotation_Candidate
41.56,36.98,0.85,1.12,97.5,92,47.8,1.21,158.8,34,2345909.17,1705634.92,2024,1657173.81,M4_Top1_Rotation_Candidate
57.03,42.37,1.21,1.35,98.0,68,39.7,1.51,117.3,189,3683824.87,1705634.92,2025,2345909.17,M4_Top1_Rotation_Candidate
0.24,29.13,0.19,0.01,99.2,55,38.2,1.0,53304.1,233,3692525.36,1705634.92,2026,3683824.87,M4_Top1_Rotation_Candidate
36825.25,53.14,1.73,3.21,97.4,426,46.2,1.38,46.3,564,3692525.36,1705634.92,Full_Cycle,10000.0,M4_Top1_Rotation_Candidate
57.85,54.12,0.97,1.07,0.0,0,0.0,0.0,0.0,189,40423.84,12.99,2021,25608.63,M5_BTC_Buy_Hold
-64.66,67.21,-1.34,-0.96,0.0,0,0.0,0.0,0.0,85,14469.14,12.99,2022,40945.36,M5_BTC_Buy_Hold
155.75,21.19,2.34,7.39,0.0,0,0.0,0.0,0.0,102,36983.55,12.99,2023,14460.96,M5_BTC_Buy_Hold
121.06,30.01,1.68,4.04,0.0,0,0.0,0.0,0.0,237,81846.24,12.99,2024,37024.58,M5_BTC_Buy_Hold
-6.6,34.37,0.02,-0.19,0.0,0,0.0,0.0,0.0,121,76661.53,12.99,2025,82075.43,M5_BTC_Buy_Hold
-1.3,39.98,0.16,-0.04,0.0,0,0.0,0.0,0.0,8,75835.91,12.99,2026,76834.54,M5_BTC_Buy_Hold
661.94,77.04,0.88,0.53,0.0,0,0.0,0.0,0.0,850,75835.91,12.99,Full_Cycle,9952.96,M5_BTC_Buy_Hold
1509.71,56.02,2.99,27.23,0.0,0,0.0,0.0,0.0,97,259408.07,12.99,2021,16115.19,M6_Core4_EW_Buy_Hold
-83.98,84.91,-1.56,-0.99,0.0,0,0.0,0.0,0.0,0,42215.88,12.99,2022,263582.82,M6_Core4_EW_Buy_Hold
278.53,33.63,2.5,8.33,0.0,0,0.0,0.0,0.0,197,159434.73,12.99,2023,42119.09,M6_Core4_EW_Buy_Hold
89.16,39.7,1.19,2.25,0.0,0,0.0,0.0,0.0,236,303861.48,12.99,2024,160639.93,M6_Core4_EW_Buy_Hold
-20.33,57.39,0.01,-0.36,0.0,0,0.0,0.0,0.0,258,243406.51,12.99,2025,305509.25,M6_Core4_EW_Buy_Hold
-5.75,50.99,0.1,-0.15,0.0,0,0.0,0.0,0.0,7,230438.96,12.99,2026,244503.39,M6_Core4_EW_Buy_Hold
2225.9,89.05,1.06,0.78,0.0,0,0.0,0.0,0.0,1111,230438.96,12.99,Full_Cycle,9907.51,M6_Core4_EW_Buy_Hold
