trade_id,symbol,entry_time,exit_time,entry_price,exit_price,units,notional_entry_usd,notional_exit_usd,gross_pnl_usd,total_fee_usd,net_pnl_usd,net_ret_pct,duration_bars,exit_reason,stop_mode
1,ETHUSDT,2020-10-15 08:00:00,2020-10-15 12:00:00,378.979395,372.023895,13.182247018996904,4995.8,4904.110880859367,-91.68911914063335,7.919928704687495,-99.60904784532084,-0.019938557957748678,1,EMA200_BREAKDOWN,BAR_CLOSE
2,SOLUSDT,2020-10-15 08:00:00,2020-10-15 12:00:00,2.32686285,2.2444772,2147.0109422220567,4995.8,4818.917107967924,-176.88289203207654,7.851773686374339,-184.73466571845088,-0.03697799465920391,1,EMA200_BREAKDOWN,BAR_CLOSE
3,SOLUSDT,2020-10-15 16:00:00,2020-10-16 04:00:00,2.29044465,2.21898995,2100.5617889088703,4811.220511400751,4661.125498942805,-150.09501245794638,7.577876808274845,-157.67288926622123,-0.03277191076413913,3,EMA200_BREAKDOWN,BAR_CLOSE
4,ETHUSDT,2020-10-15 16:00:00,2020-10-16 08:00:00,376.818315,368.61560000000003,12.993727822796696,4896.27462375487,4789.690777636898,-106.58384611797122,7.748772321113415,-114.33261843908464,-0.02335094070998103,4,EMA200_BREAKDOWN,BAR_CLOSE
5,ETHUSDT,2020-10-18 16:00:00,2020-10-19 04:00:00,375.84783,372.783515,12.72333551776865,4782.038044715273,4743.049736838143,-38.988307877130794,7.620070225242733,-46.60837810237353,-0.009746551086911864,3,EMA200_BREAKDOWN,BAR_CLOSE
6,ETHUSDT,2020-10-19 12:00:00,2020-10-20 08:00:00,375.93787499999996,375.262275,12.596413217610774,4735.468817650506,4726.958680880689,-8.510136769817517,7.569941998824956,-16.080078768642473,-0.003395667754944815,5,EMA200_BREAKDOWN,BAR_CLOSE
7,ETHUSDT,2020-10-21 04:00:00,2020-10-28 20:00:00,378.13897499999996,384.517645,12.480602524899822,4719.40224614803,4799.011891055534,79.60964490750345,7.614731309762851,71.9949135977406,0.01525509160752355,46,EMA200_BREAKDOWN,BAR_CLOSE
8,ETHUSDT,2020-10-29 00:00:00,2020-10-29 12:00:00,388.41411,382.88846,12.335640134232891,4791.336684018349,4723.174254110625,-68.16242990772379,7.61160875050318,-75.77403865822697,-0.015814801516865557,3,EMA200_BREAKDOWN,BAR_CLOSE
9,ETHUSDT,2020-10-29 16:00:00,2020-10-30 04:00:00,390.905355,384.8075,12.063345347501302,4715.6262955525945,4642.065764808607,-73.56053074398733,7.486153648288962,-81.04668439227629,-0.017186833585331626,3,EMA200_BREAKDOWN,BAR_CLOSE
10,ETHUSDT,2020-10-31 12:00:00,2020-10-31 20:00:00,390.505155,385.317245,11.86833933184623,4634.647690375208,4573.07581407213,-61.57187630307823,7.366178803557871,-68.9380551066361,-0.01487449741860639,2,EMA200_BREAKDOWN,BAR_CLOSE
11,ETHUSDT,2020-11-01 00:00:00,2020-11-02 12:00:00,386.63322,383.86797,11.809040990411692,4565.7675432348615,4533.112592636126,-32.6549505987357,7.2791041086967905,-39.934054707432495,-0.00874640557787554,9,EMA200_BREAKDOWN,BAR_CLOSE
12,ETHUSDT,2020-11-02 20:00:00,2020-11-03 00:00:00,386.57318999999995,382.818495,11.707658860495172,4525.867033133383,4481.908344948177,-43.95868818520657,7.2062203024652485,-51.164908487671816,-0.011304995951736773,1,EMA200_BREAKDOWN,BAR_CLOSE
13,ETHUSDT,2020-11-04 00:00:00,2020-11-04 08:00:00,388.07394,378.060875,11.530650842385453,4474.7451031688415,4359.287946791732,-115.45715637711011,7.06722643996846,-122.52438281707857,-0.02738130999468809,2,EMA200_BREAKDOWN,BAR_CLOSE
14,SOLUSDT,2020-11-07 00:00:00,2020-11-12 16:00:00,1.90785345,1.9044473000000002,2439.2230269895804,4653.6800673615135,4645.371707848134,-8.30835951338001,7.439241420167718,-15.747600933547728,-0.003383902783518187,34,EMA200_BREAKDOWN,BAR_CLOSE
15,SOLUSDT,2020-11-13 00:00:00,2020-11-14 12:00:00,1.9098544499999999,1.90074915,2428.428875516012,4637.945694412751,4615.834120972516,-22.11157344023563,7.403023852308214,-29.514597292543847,-0.0063637220522222895,9,EMA200_BREAKDOWN,BAR_CLOSE
16,SOLUSDT,2020-11-14 16:00:00,2020-11-26 04:00:00,1.91405655,1.935032,2407.690561379669,4608.455889381932,4658.958282367624,50.50239298569146,7.413931337399645,43.08846164829181,0.009349869605472272,69,EMA200_BREAKDOWN,BAR_CLOSE
17,SOLUSDT,2020-12-01 08:00:00,2020-12-01 20:00:00,2.12596245,1.9987001500000001,2187.9540519271354,4651.50815672244,4373.064091779874,-278.44406494256606,7.219657798801851,-285.6637227413679,-0.06141314023679004,3,EMA200_BREAKDOWN,BAR_CLOSE
18,SOLUSDT,2020-12-02 04:00:00,2020-12-04 04:00:00,2.02711305,2.01029435,2153.8435616642964,4366.084391508175,4329.8595427976115,-36.22484871056322,6.95675514744463,-43.181603858007854,-0.009890235732042653,12,EMA200_BREAKDOWN,BAR_CLOSE
19,SOLUSDT,2020-12-04 08:00:00,2020-12-04 12:00:00,2.0414201999999997,1.9496247,2117.613541884913,4322.939060197407,4128.551666313311,-194.3873938840959,6.761192581208576,-201.14858646530448,-0.04653051631408355,1,EMA200_BREAKDOWN,BAR_CLOSE
20,ETHUSDT,2020-11-04 20:00:00,2020-12-24 04:00:00,402.70124999999996,575.01235,10.8078225255902,4352.3236408333305,6214.631428822556,1862.3077879892257,8.453564055724708,1853.854223933501,0.4259458571832097,296,EMA200_BREAKDOWN,BAR_CLOSE
21,SOLUSDT,2020-12-29 20:00:00,2020-12-30 04:00:00,1.6506249,1.63668125,2497.2114733909166,4121.959438544734,4087.1391957837873,-34.82024276094691,6.567278907462818,-41.38752166840973,-0.010040739673804668,2,EMA200_BREAKDOWN,BAR_CLOSE
22,ETHUSDT,2020-12-24 08:00:00,2021-02-23 08:00:00,580.7802449999999,1585.84668,10.683250128830963,6204.620627218727,16941.996748416157,10737.376121197429,18.51729390050791,10718.858827296921,1.727560711814501,366,EMA200_BREAKDOWN,BAR_CLOSE
23,ETHUSDT,2021-02-24 04:00:00,2021-02-24 20:00:00,1637.5883849999998,1598.4004000000002,10.328893248165485,16914.47561310072,16509.707099425013,-404.7685136757059,26.73934617002059,-431.5078598457265,-0.02551115799957239,4,EMA200_BREAKDOWN,BAR_CLOSE
24,ETHUSDT,2021-02-25 00:00:00,2021-02-25 04:00:00,1623.97158,1603.068065,10.150011504423778,16483.33021985726,16271.159302124364,-212.1709177328947,26.203591617585303,-238.37450935048003,-0.014461550316046769,1,EMA200_BREAKDOWN,BAR_CLOSE
25,ETHUSDT,2021-02-25 08:00:00,2021-02-25 20:00:00,1634.5068449999999,1584.44738,9.938872996946449,16245.155945094633,15747.621280164549,-497.53466493008403,25.59422178020735,-523.1288867102913,-0.03220214619535583,3,EMA200_BREAKDOWN,BAR_CLOSE
26,ETHUSDT,2021-03-03 12:00:00,2021-03-04 00:00:00,1608.0836399999998,1566.8961600000002,9.777144730263645,15722.466486649178,15319.770533614343,-402.6959530348353,24.83378961621082,-427.52974265104615,-0.027192282013390547,3,EMA200_BREAKDOWN,BAR_CLOSE
27,ETHUSDT,2021-03-06 08:00:00,2021-03-06 12:00:00,1590.49485,1563.29796,9.616689968522664,15295.295868981959,15033.751809743946,-261.54405923801374,24.263238142980725,-285.80729738099444,-0.018685960692044954,1,EMA200_BREAKDOWN,BAR_CLOSE
28,ETHUSDT,2021-03-06 20:00:00,2021-03-23 00:00:00,1621.53036,1680.3294150000002,9.256520272448531,15009.728649730765,15554.003294339083,544.2746446083179,24.45098555525588,519.823659053062,0.034632448805954015,97,EMA200_BREAKDOWN,BAR_CLOSE
29,ETHUSDT,2021-03-24 12:00:00,2021-03-24 20:00:00,1715.6874149999999,1634.532325,9.051249966131053,15529.115656910222,14794.56065129636,-734.5550056138622,24.25894104656527,-758.8139466604275,-0.04886395100823187,2,EMA200_BREAKDOWN,BAR_CLOSE
30,SOLUSDT,2021-01-01 16:00:00,2021-03-25 12:00:00,1.6486238999999998,13.101346050000002,2475.1592418346754,4080.6066823945253,32427.917756131723,28347.311073737197,29.206819550821,28318.104254186375,6.939679919743977,497,EMA200_BREAKDOWN,BAR_CLOSE
31,ETHUSDT,2021-03-27 00:00:00,2021-03-27 04:00:00,1699.68942,1692.163495,8.690375394561785,14770.939113964992,14705.536000523674,-65.40311344131668,23.581180091590937,-88.98429353290761,-0.006024281384301325,1,EMA200_BREAKDOWN,BAR_CLOSE
32,ETHUSDT,2021-03-27 20:00:00,2021-03-28 20:00:00,1705.1221349999998,1674.192485,8.61054423367664,14682.02956723865,14415.708447781515,-266.32111945713507,23.278190412016134,-289.5993098691512,-0.01972474640123056,6,EMA200_BREAKDOWN,BAR_CLOSE
33,ETHUSDT,2021-03-29 08:00:00,2021-05-19 04:00:00,1705.09212,3095.6813850000003,8.440994684081813,14392.67352078979,26130.630114396026,11737.956593606239,32.418642908148655,11705.53795069809,0.8132983725219494,305,EMA200_BREAKDOWN,BAR_CLOSE
34,SOLUSDT,2021-03-26 08:00:00,2021-05-20 00:00:00,14.013403199999999,34.9695065,2310.282753371957,32374.92372900739,80789.44776087855,48414.52403187116,90.53149719190876,48323.99253467925,1.4926364904879068,328,EMA200_BREAKDOWN,BAR_CLOSE
35,SOLUSDT,2021-05-20 08:00:00,2021-05-21 16:00:00,41.68683299999999,36.8905455,1934.863320270876,80658.32410995751,71378.16335273383,-9280.160757223683,121.62918997015308,-9401.789947193836,-0.11656317002541287,8,EMA200_BREAKDOWN,BAR_CLOSE
36,ETHUSDT,2021-06-03 08:00:00,2021-06-03 16:00:00,2821.440015,2786.7159450000004,9.246476508772876,26088.37881960929,25767.303522065307,-321.0752975439827,41.484545873339684,-362.5598434173224,-0.013897369626693891,2,EMA200_BREAKDOWN,BAR_CLOSE
37,ETHUSDT,2021-06-04 00:00:00,2021-06-04 04:00:00,2858.678625,2751.8933650000004,8.999305938582179,25726.123526460437,24765.130301989397,-960.9932244710388,40.393003062759874,-1001.3862275337988,-0.038924878305269334,1,EMA200_BREAKDOWN,BAR_CLOSE
38,SOLUSDT,2021-06-03 08:00:00,2021-06-04 12:00:00,36.6693255,35.5472175,1943.4344835799975,71264.43166631933,69083.68828481836,-2180.7433815009786,112.27849596091016,-2293.021877461889,-0.03217624590340494,7,EMA200_BREAKDOWN,BAR_CLOSE
39,ETHUSDT,2021-06-07 12:00:00,2021-06-07 16:00:00,2814.22641,2781.598505,8.785923682436682,24725.578463357764,24438.912180109968,-286.6662832477967,39.33159251477419,-325.99787576257086,-0.013184641008326078,1,EMA200_BREAKDOWN,BAR_CLOSE
40,SOLUSDT,2021-06-04 16:00:00,2021-06-08 08:00:00,38.1920865,36.7905955,1805.9588320013493,68973.3359272345,66442.3008778141,-2531.035049420403,108.33250944403888,-2639.367558864442,-0.03826649129525825,22,EMA200_BREAKDOWN,BAR_CLOSE
41,SOLUSDT,2021-06-08 12:00:00,2021-06-08 16:00:00,37.27862999999999,36.6466675,1779.4695093977307,66336.18543711951,65211.62743728676,-1124.5579998327512,105.23825029952502,-1229.7962501322763,-0.018538844855618176,1,EMA200_BREAKDOWN,BAR_CLOSE
42,SOLUSDT,2021-06-08 20:00:00,2021-06-11 20:00:00,41.1655725,37.1244285,1581.5988521922623,65107.42221583736,58715.95350389371,-6391.468711943652,99.05870057578485,-6490.527412519437,-0.09968951605859491,18,EMA200_BREAKDOWN,BAR_CLOSE
43,SOLUSDT,2021-06-13 20:00:00,2021-06-14 12:00:00,38.11905,37.30134,1537.8753365140117,58622.34684634444,57364.81080492357,-1257.5360414208697,92.78972612101441,-1350.325767541884,-0.023034317801729008,4,EMA200_BREAKDOWN,BAR_CLOSE
44,SOLUSDT,2021-06-14 16:00:00,2021-06-18 16:00:00,39.89994,35.526227999999996,1435.4195859053245,57273.1553524473,50995.04348453814,-6278.111867909156,86.61455906958835,-6364.726426978745,-0.11112931333731342,24,EMA200_BREAKDOWN,BAR_CLOSE
45,SOLUSDT,2021-06-29 16:00:00,2021-06-30 00:00:00,35.299640999999994,33.957012999999996,1442.3312490817461,50913.77529566721,48977.26097537509,-1936.5143202921233,79.91282901683385,-2016.4271493089573,-0.03960474621257474,2,EMA200_BREAKDOWN,BAR_CLOSE
46,SOLUSDT,2021-07-01 00:00:00,2021-07-01 04:00:00,35.527755,33.763110000000005,1376.3617190324487,48899.04194516368,46470.252119481665,-2428.7898256820076,76.29543525171627,-2505.085260933724,-0.0512297411418198,1,EMA200_BREAKDOWN,BAR_CLOSE
47,SOLUSDT,2021-07-03 08:00:00,2021-07-04 04:00:00,34.7883855,33.8000915,1333.6652531877096,46396.06095584914,45078.00758811525,-1318.0533677338892,73.17925483517152,-1391.2326225690608,-0.02998600730120104,5,EMA200_BREAKDOWN,BAR_CLOSE
48,SOLUSDT,2021-07-04 08:00:00,2021-07-05 00:00:00,35.3606715,34.260861,1272.7698615305715,45005.99696868303,43606.191310888156,-1399.8056577948735,70.88975062365695,-1470.6954084185304,-0.03267776535295727,4,EMA200_BREAKDOWN,BAR_CLOSE
49,ETHUSDT,2021-07-04 08:00:00,2021-07-05 04:00:00,2335.6372349999997,2263.317775,10.446765473753393,24399.854425810838,23644.349988002352,-755.5044378084865,38.435363531050555,-793.9398013395371,-0.03253871057934205,5,EMA200_BREAKDOWN,BAR_CLOSE
50,ETHUSDT,2021-07-06 08:00:00,2021-07-08 04:00:00,2337.938385,2252.2333200000003,10.097178644810363,23606.581533904427,22741.202181834346,-865.3793520700805,37.078226972591025,-902.4575790426715,-0.03822906665865775,11,EMA200_BREAKDOWN,BAR_CLOSE
51,SOLUSDT,2021-07-07 04:00:00,2021-07-08 08:00:00,34.827405,34.1499165,1250.0654856256895,43536.53694440756,42689.63195364925,-846.9049907583143,68.98093511844544,-915.8859258767598,-0.021037179117996175,7,EMA200_BREAKDOWN,BAR_CLOSE
52,SOLUSDT,2021-07-08 12:00:00,2021-07-08 16:00:00,34.985484,34.3238295,1218.2601321939276,42621.42036270854,41815.35306407183,-806.0672986367039,67.54941874142429,-873.6167173781282,-0.020497128203228444,1,EMA200_BREAKDOWN,BAR_CLOSE
53,ETHUSDT,2021-07-24 00:00:00,2021-09-08 08:00:00,2125.32213,3257.020675,10.68303091504917,22704.88201922815,34794.852561979314,12089.970542751165,45.99978766496598,12043.970755086199,0.5304573150781619,278,EMA200_BREAKDOWN,BAR_CLOSE
54,ETHUSDT,2021-09-08 12:00:00,2021-09-10 16:00:00,3407.96313,3297.3505,10.193401311498366,34738.73583888008,33611.216911169795,-1127.5189277102843,54.679962200039895,-1182.1988899103242,-0.03403114308457911,13,EMA200_BREAKDOWN,BAR_CLOSE
55,ETHUSDT,2021-09-10 20:00:00,2021-09-11 00:00:00,3312.905625,3207.245575,10.129334727438028,33557.52999603729,32487.263982269447,-1070.2660137678379,52.83583518264539,-1123.1018489504834,-0.03346795336495586,1,EMA200_BREAKDOWN,BAR_CLOSE
56,ETHUSDT,2021-09-11 16:00:00,2021-09-11 20:00:00,3312.6555,3296.700825,9.791350640789517,32435.371552639917,32279.153735355078,-156.21781728483802,51.771620230395996,-207.98943751523402,-0.006412426544202967,1,EMA200_BREAKDOWN,BAR_CLOSE
57,ETHUSDT,2021-09-12 04:00:00,2021-09-13 04:00:00,3329.2037699999996,3256.07115,9.680259621432606,32227.556826252203,31519.614077856633,-707.9427483955689,50.997736723287076,-758.9404851188559,-0.023549426635426227,6,EMA200_BREAKDOWN,BAR_CLOSE
58,ETHUSDT,2021-09-14 08:00:00,2021-09-19 12:00:00,3313.8160799999996,3324.526905,9.496379126490583,31469.253851140842,31570.96790609834,101.71405495749889,50.43217740579135,51.28187755170754,0.0016295867005390863,31,EMA200_BREAKDOWN,BAR_CLOSE
59,ETHUSDT,2021-09-19 16:00:00,2021-09-19 20:00:00,3365.02167,3336.2710300000003,9.367099455236318,31520.492651915403,31251.18254763371,-269.3101042816931,50.21734015963929,-319.52744444133236,-0.010137133577508207,1,EMA200_BREAKDOWN,BAR_CLOSE
60,SOLUSDT,2021-07-29 20:00:00,2021-09-21 20:00:00,31.379682,127.11641000000002,1330.4321402419885,41748.537483373,169119.75741617812,127371.21993280512,168.69463591964092,127202.52529688548,3.0468738059996916,324,EMA200_BREAKDOWN,BAR_CLOSE
61,SOLUSDT,2021-09-22 08:00:00,2021-09-22 12:00:00,133.01647499999999,128.57568,1269.3481214188625,168844.21265900906,163207.29786815282,-5636.914790856253,265.6412084217295,-5902.555999277982,-0.03495859233978333,1,EMA200_BREAKDOWN,BAR_CLOSE
62,SOLUSDT,2021-09-22 16:00:00,2021-09-26 04:00:00,141.75084,130.95449000000002,1149.5283894386127,162946.6148067705,150535.90397945495,-12410.710827315555,250.78601502898036,-12661.496842344535,-0.07770334386730963,21,EMA200_BREAKDOWN,BAR_CLOSE
63,SOLUSDT,2021-09-26 12:00:00,2021-09-28 16:00:00,135.16754999999998,130.324805,1111.9218601045409,150295.7536217735,144910.99959336157,-5384.754028411942,236.16540257210806,-5620.91943098405,-0.03739905682983809,13,EMA200_BREAKDOWN,BAR_CLOSE
64,SOLUSDT,2021-09-29 04:00:00,2021-09-29 20:00:00,138.8694,131.943995,1041.8389923418083,144679.55576311154,137464.3987963526,-7215.156966758934,225.71516364757133,-7440.872130406505,-0.05143001781529992,4,EMA200_BREAKDOWN,BAR_CLOSE
65,SOLUSDT,2021-09-30 00:00:00,2021-10-11 20:00:00,135.30762000000001,141.499215,1014.3178482135338,137244.93396529453,143525.17928270416,6280.245317409653,224.61609059839896,6055.629226811254,0.04412278873872719,71,EMA200_BREAKDOWN,BAR_CLOSE
66,SOLUSDT,2021-10-12 20:00:00,2021-10-13 08:00:00,150.085005,145.35728500000002,954.762112734415,143295.47646355524,138781.6285279385,-4513.847935616726,225.66168399319503,-4739.509619609921,-0.03307508189775505,3,EMA200_BREAKDOWN,BAR_CLOSE
67,SOLUSDT,2021-10-13 12:00:00,2021-10-13 20:00:00,146.93343000000002,144.94749000000002,943.0117300877394,138559.94803202577,136687.1833167753,-1872.7647152504444,220.19770507904087,-2092.962420329485,-0.015105103964427965,2,EMA200_BREAKDOWN,BAR_CLOSE
68,ETHUSDT,2021-10-01 12:00:00,2021-11-16 12:00:00,3237.0977399999997,4290.29378,9.638644278478722,31201.2336105274,41352.61559558985,10151.38198506245,58.043079364893806,10093.338905697556,0.32349166163391785,276,EMA200_BREAKDOWN,BAR_CLOSE
69,SOLUSDT,2021-10-14 00:00:00,2021-11-18 12:00:00,148.12402500000002,207.79605,921.3140386924357,136468.74370012933,191445.4180498353,54976.67434970598,262.33132939997176,54714.343020306005,0.40092948419407304,213,EMA200_BREAKDOWN,BAR_CLOSE
70,ETHUSDT,2021-11-19 20:00:00,2021-11-20 16:00:00,4292.76531,4210.943475,9.617598710874827,41286.094111544175,40499.16453672676,-786.9295748174103,65.42820691861675,-852.357781736027,-0.02064515426024996,5,EMA200_BREAKDOWN,BAR_CLOSE
71,SOLUSDT,2021-11-19 16:00:00,2021-11-20 16:00:00,214.07698499999998,207.02643500000002,892.8429493357181,191137.12667229827,184842.09281585936,-6295.03385643891,300.78337559052613,-6595.817232029436,-0.03450829960072522,6,EMA200_BREAKDOWN,BAR_CLOSE
72,ETHUSDT,2021-11-20 20:00:00,2021-11-22 00:00:00,4400.5791899999995,4257.5701500000005,9.188438740570605,40434.45231034481,39120.42250695701,-1314.029803387802,63.643899853841454,-1377.6737032416436,-0.034071778508773756,7,EMA200_BREAKDOWN,BAR_CLOSE
73,ETHUSDT,2021-11-23 20:00:00,2021-11-24 04:00:00,4358.027925,4244.596640000001,8.962295911174982,39057.93585301389,38041.331111259075,-1016.604741754821,61.67941357141838,-1078.2841553262394,-0.027607300073002553,2,EMA200_BREAKDOWN,BAR_CLOSE
74,ETHUSDT,2021-11-24 12:00:00,2021-11-24 16:00:00,4294.42614,4250.223825000001,8.844151981707649,37980.55745637813,37589.62546457482,-390.9319918033036,60.45614633676236,-451.38813814006596,-0.011884715980235402,1,EMA200_BREAKDOWN,BAR_CLOSE
75,SOLUSDT,2021-11-20 20:00:00,2021-11-24 16:00:00,215.52770999999998,212.22383500000004,856.25579154877,184546.84992674374,181717.8878234406,-2828.962103303148,293.0117902001475,-3121.9738935032956,-0.016916972003274886,23,EMA200_BREAKDOWN,BAR_CLOSE
76,SOLUSDT,2021-11-25 16:00:00,2021-11-25 20:00:00,214.54721999999998,210.33478000000002,845.6296869813135,181427.49849131098,177865.33417268345,-3562.164318627529,287.43426613119556,-3849.598584758725,-0.021218385397862343,1,EMA200_BREAKDOWN,BAR_CLOSE
77,ETHUSDT,2021-11-25 04:00:00,2021-11-26 12:00:00,4319.368605,3982.92754,8.688665385221066,37529.5484842741,34606.3246486417,-2923.2238356324065,57.70869850633264,-2980.932534138739,-0.07942894744358117,8,EMA200_BREAKDOWN,BAR_CLOSE
78,SOLUSDT,2021-11-30 16:00:00,2021-12-01 00:00:00,213.136515,208.41574000000003,833.1802439828928,177581.13356936348,173647.87710307515,-3933.2564662883196,280.98320853795093,-4214.239674826271,-0.02373134797667108,2,EMA200_BREAKDOWN,BAR_CLOSE
79,ETHUSDT,2021-11-29 00:00:00,2021-12-03 20:00:00,4296.917385000001,4226.70559,8.040908595096026,34551.11993346404,33986.55330757141,-564.5666258926288,54.83013859282836,-619.3967644854572,-0.017926966352414773,29,EMA200_BREAKDOWN,BAR_CLOSE
80,SOLUSDT,2021-12-01 04:00:00,2021-12-04 04:00:00,215.02745999999996,195.99195500000002,806.271133258348,173370.43385586404,158022.65566736914,-15347.778188494904,265.11447161858655,-15612.89266011349,-0.09005510520377234,18,EMA200_BREAKDOWN,BAR_CLOSE
81,ETHUSDT,2021-12-07 00:00:00,2021-12-08 12:00:00,4349.743785,4265.136365,7.800975215890965,33932.243462260754,33272.22307576028,-660.0203865004726,53.763573230416824,-713.7839597308894,-0.02103556637876761,9,EMA200_BREAKDOWN,BAR_CLOSE
82,ETHUSDT,2021-12-08 16:00:00,2021-12-09 16:00:00,4405.42161,4199.25932,7.540494876960489,33219.05908105603,31664.493389488587,-1554.5656915674442,51.9068419764357,-1606.47253354388,-0.04835996497143442,6,EMA200_BREAKDOWN,BAR_CLOSE
83,ETHUSDT,2021-12-23 20:00:00,2021-12-24 04:00:00,4135.70682,4089.9739900000004,7.644143398066192,31613.93598444033,31264.347673920944,-349.5883105193829,50.30262692668902,-399.8909374460719,-0.012649198051229346,2,EMA200_BREAKDOWN,BAR_CLOSE
84,SOLUSDT,2021-12-23 20:00:00,2021-12-24 04:00:00,191.205555,187.58616,825.136361888571,157770.65602558505,154784.16160304737,-2986.494422537682,250.04385410290595,-3236.5382766405883,-0.02051419673450386,2,EMA200_BREAKDOWN,BAR_CLOSE
85,SOLUSDT,2021-12-24 08:00:00,2021-12-28 16:00:00,188.904405,185.477215,818.0689933678194,154536.83644109688,151733.15856771663,-2803.677873380254,245.01599600705083,-3048.693869387305,-0.019727942797310608,26,EMA200_BREAKDOWN,BAR_CLOSE
86,ETHUSDT,2022-02-05 00:00:00,2022-02-11 20:00:00,2996.4874949999994,2991.4035500000005,10.416990228548146,31214.380955381705,31161.42154999424,-52.959405387465246,49.900642004300764,-102.86004739176602,-0.0032952775049037712,41,EMA200_BREAKDOWN,BAR_CLOSE
87,ETHUSDT,2022-02-15 04:00:00,2022-02-17 16:00:00,3026.6325599999996,2987.7653700000005,10.279281245302453,31111.607310429747,30712.08053320515,-399.5267772245971,49.45895027490792,-448.985727499505,-0.014431453927132482,15,EMA200_BREAKDOWN,BAR_CLOSE
88,SOLUSDT,2022-03-02 04:00:00,2022-03-02 20:00:00,104.30212499999999,100.92951000000001,1452.4220237560821,151490.70347455982,146592.24317090973,-4898.460303650093,238.46635731637565,-5136.926660966468,-0.03390918744944058,4,EMA200_BREAKDOWN,BAR_CLOSE
89,ETHUSDT,2022-03-01 00:00:00,2022-03-03 16:00:00,2922.290415,2826.576005,10.492796531634706,30662.998730941345,29658.686901665882,-1004.3118292754627,48.25734850608578,-1052.5691777815484,-0.03432701370852631,16,EMA200_BREAKDOWN,BAR_CLOSE
90,SOLUSDT,2022-03-19 16:00:00,2022-03-20 04:00:00,94.08702,90.73461,1555.5609246842823,146358.09183198857,141143.21383246774,-5214.877999520822,230.00104453156507,-5444.879044052387,-0.03720244624603895,3,EMA200_BREAKDOWN,BAR_CLOSE
91,SOLUSDT,2022-03-22 12:00:00,2022-03-23 00:00:00,92.04599999999999,90.39478,1530.9495957057688,140917.78648633318,138389.8518949119,-2527.934591421272,223.4461107049961,-2751.3807021262683,-0.019524722682137143,3,EMA200_BREAKDOWN,BAR_CLOSE
92,ETHUSDT,2022-03-16 20:00:00,2022-04-11 12:00:00,2754.5365799999995,3050.0442150000003,10.750016509589841,29611.313711269133,32788.02566622899,3176.711954959858,49.9194715019985,3126.7924834578594,0.10559452086274378,154,EMA200_BREAKDOWN,BAR_CLOSE
93,SOLUSDT,2022-03-23 08:00:00,2022-04-11 12:00:00,91.17556499999999,103.87803500000001,1515.413882480429,138168.7169439967,157418.2163237879,19249.499379791207,236.46954661422768,19013.029833176977,0.13760734161614488,115,EMA200_BREAKDOWN,BAR_CLOSE
94,ETHUSDT,2022-04-19 16:00:00,2022-04-20 04:00:00,3112.085265,3090.084185,10.518824807661845,32735.47968904089,32504.054182941538,-231.4255060993529,52.19162709758594,-283.6171331969388,-0.008663906437023665,3,EMA200_BREAKDOWN,BAR_CLOSE
95,ETHUSDT,2022-04-20 12:00:00,2022-04-20 16:00:00,3154.35639,3066.7658500000002,10.288026076291219,32452.100794235834,31550.96703467941,-901.1337595564258,51.202454263132196,-952.336213819558,-0.029345903362555582,1,EMA200_BREAKDOWN,BAR_CLOSE
96,SOLUSDT,2022-04-19 16:00:00,2022-04-20 16:00:00,106.51323,105.66714,1475.5516834116647,157165.7758321138,155917.32630829606,-1248.44952381776,250.46648171232792,-1498.9160055300881,-0.009537165439448131,6,EMA200_BREAKDOWN,BAR_CLOSE
97,ETHUSDT,2022-04-21 04:00:00,2022-04-21 20:00:00,3098.3484,3024.7168850000003,10.16688908930832,31500.564542835888,30751.961096353152,-748.6034464827377,49.80202051135123,-798.4054669940889,-0.02534575105498129,4,EMA200_BREAKDOWN,BAR_CLOSE
98,SOLUSDT,2022-04-21 04:00:00,2022-04-21 20:00:00,107.11353,104.23785500000001,1453.3002405581108,155668.1189160284,151488.89974676148,-4179.219169266926,245.72561493023193,-4424.944784197158,-0.028425504303704552,4,EMA200_BREAKDOWN,BAR_CLOSE
99,SOLUSDT,2022-06-25 00:00:00,2022-06-25 16:00:00,41.930955,39.840070000000004,3607.046180690375,151246.89108544998,143704.9723319372,-7541.918753512769,235.96149073390976,-7777.8802442466795,-0.05142505864700656,4,EMA200_BREAKDOWN,BAR_CLOSE
100,SOLUSDT,2022-06-26 00:00:00,2022-06-26 08:00:00,42.24111,41.29934,3396.585559910912,143475.5442606084,140276.7418778511,-3198.8023827572933,227.00182891076764,-3425.804211668061,-0.023877269323651727,2,EMA200_BREAKDOWN,BAR_CLOSE
101,SOLUSDT,2022-06-26 12:00:00,2022-06-26 16:00:00,42.10104,40.589695,3326.5833272640803,140052.61772447813,135025.0026457342,-5027.6150787439265,220.06209629616987,-5247.677175040097,-0.03746932588838658,1,EMA200_BREAKDOWN,BAR_CLOSE
102,SOLUSDT,2022-07-07 16:00:00,2022-07-08 08:00:00,38.309144999999994,37.491245,3518.986095833386,134809.34859826506,131931.16987048296,-2878.178727782107,213.39241477499843,-3091.5711425571058,-0.022932913590214418,4,EMA200_BREAKDOWN,BAR_CLOSE
103,SOLUSDT,2022-07-08 16:00:00,2022-07-09 00:00:00,38.609295,38.10094,3411.623402485534,131720.3743754677,129986.05856069719,-1734.3158147705392,209.36514634893194,-1943.6809611194712,-0.014756114764592352,2,EMA200_BREAKDOWN,BAR_CLOSE
104,SOLUSDT,2022-07-09 04:00:00,2022-07-09 12:00:00,38.33916,38.170905,3385.007029532092,129778.3261063556,129208.78174860167,-569.544357753929,207.18968628396584,-776.7340440378948,-0.005985082928264522,2,EMA200_BREAKDOWN,BAR_CLOSE
105,SOLUSDT,2022-07-09 20:00:00,2022-07-10 00:00:00,38.429204999999996,38.04097,3356.8803861259867,129002.24451891468,127698.98606220708,-1303.2584567076042,205.3609844648974,-1508.6194411725016,-0.01169452087286205,1,EMA200_BREAKDOWN,BAR_CLOSE
106,ETHUSDT,2022-07-15 20:00:00,2022-07-16 00:00:00,1266.963165,1230.634375,24.233403609988994,30702.82973643408,29822.45950570155,-880.3702307325271,48.420231393708505,-928.7904621262356,-0.03025097263344653,1,EMA200_BREAKDOWN,BAR_CLOSE
107,SOLUSDT,2022-07-15 08:00:00,2022-07-16 00:00:00,37.488735,37.34132,3400.885421129115,127494.89231807279,126993.55079371706,-501.34152435573213,203.5907544894319,-704.9322788451641,-0.0055291021156087345,4,EMA200_BREAKDOWN,BAR_CLOSE
108,SOLUSDT,2022-07-16 16:00:00,2022-07-25 04:00:00,37.958969999999994,38.06096,3340.200015499416,126790.55218234185,127131.21918192266,340.6669995808115,203.13741709141163,137.52958248939984,0.0010846989789240276,51,EMA200_BREAKDOWN,BAR_CLOSE
109,ETHUSDT,2022-07-16 16:00:00,2022-07-26 16:00:00,1274.97717,1367.9856650000002,23.353217735103467,29774.819458296024,31946.867093245313,2172.0476349492883,49.37734924123308,2122.6702857080554,0.07129078611815479,60,EMA200_BREAKDOWN,BAR_CLOSE
110,SOLUSDT,2022-07-27 20:00:00,2022-08-03 00:00:00,39.39969,39.760110000000005,3221.547332986172,126927.96623998195,128089.07632973684,1161.1100897548918,204.01363405577501,957.0964556991167,0.0075404694808513684,37,EMA200_BREAKDOWN,BAR_CLOSE
111,SOLUSDT,2022-08-03 16:00:00,2022-08-04 00:00:00,40.190084999999996,38.52073,3181.985276583971,127884.25873465829,122572.39570326646,-5311.863031391822,200.3653235503398,-5512.228354942162,-0.043103259224258825,2,EMA200_BREAKDOWN,BAR_CLOSE
112,SOLUSDT,2022-08-05 04:00:00,2022-08-07 04:00:00,40.130055,39.74012,3049.5014435323915,122376.66065153426,121187.55330615045,-1189.107345383807,194.85137116614777,-1383.9587165499547,-0.011309008671929337,12,EMA200_BREAKDOWN,BAR_CLOSE
113,SOLUSDT,2022-08-07 08:00:00,2022-08-10 04:00:00,39.99999,39.260360000000006,3024.8473677194975,120993.86446030621,118756.59660171987,-2237.267858586345,191.80036884962087,-2429.068227435966,-0.020075962018990284,17,EMA200_BREAKDOWN,BAR_CLOSE
114,SOLUSDT,2022-08-10 16:00:00,2022-08-17 16:00:00,42.10104,41.089445000000005,2816.2448397992375,118566.83665018129,115717.93745146459,-2848.899198716689,187.42781928131672,-3036.327017998006,-0.025608569004470977,42,EMA200_BREAKDOWN,BAR_CLOSE
115,ETHUSDT,2022-07-27 00:00:00,2022-08-20 00:00:00,1449.8445599999998,1608.1955,21.99939743951868,31895.706700964085,35379.331964945464,3483.625263981382,53.82003093272765,3429.8052330486544,0.10753187772901689,144,EMA200_BREAKDOWN,BAR_CLOSE
116,ETHUSDT,2022-08-24 16:00:00,2022-08-25 00:00:00,1684.331745,1655.73172,20.971302715438032,35322.630897616975,34722.851115672885,-599.7797819440948,56.03638561063189,-655.8161675547267,-0.0185664586948695,2,EMA200_BREAKDOWN,BAR_CLOSE
117,ETHUSDT,2022-08-25 08:00:00,2022-08-26 08:00:00,1709.77446,1659.72972,20.27598752156059,34667.365615643,33652.65909188325,-1014.7065237597451,54.656019766021004,-1069.3625435257661,-0.030846374523573153,6,EMA200_BREAKDOWN,BAR_CLOSE
118,ETHUSDT,2022-09-02 16:00:00,2022-09-02 20:00:00,1637.1481649999998,1560.6892650000002,20.522822585611117,33598.90133665379,32029.748896862817,-1569.1524397909743,52.502920186813284,-1621.6553599777876,-0.04826513056867986,1,EMA200_BREAKDOWN,BAR_CLOSE
119,ETHUSDT,2022-09-06 00:00:00,2022-09-06 20:00:00,1618.6089,1575.881665,19.75684686225214,31978.608167178387,31134.45272843593,-844.1554387424566,50.49044871649146,-894.645887458948,-0.0279763860510095,5,EMA200_BREAKDOWN,BAR_CLOSE
120,SOLUSDT,2022-09-09 08:00:00,2022-09-09 16:00:00,35.387685,34.94252,3264.7815234841837,115533.06014687839,114079.69367997657,-1453.366466901823,183.69020306148397,-1637.056669963307,-0.014169594987634707,2,EMA200_BREAKDOWN,BAR_CLOSE
121,SOLUSDT,2022-09-11 16:00:00,2022-09-12 00:00:00,35.25762,34.972505000000005,3230.4329845439893,113897.37860451786,112976.3337041296,-921.0449003882517,181.498969846918,-1102.5438702351696,-0.009680151411240961,2,EMA200_BREAKDOWN,BAR_CLOSE
122,ETHUSDT,2022-09-08 00:00:00,2022-09-13 16:00:00,1630.8149999999998,1593.6427800000001,19.060846130471514,31084.7137822649,30376.17981651687,-708.53396574803,49.168714879025416,-757.7026806270554,-0.02437541120482685,34,EMA200_BREAKDOWN,BAR_CLOSE
123,SOLUSDT,2022-09-12 08:00:00,2022-09-13 16:00:00,35.487734999999994,34.72263,3178.4435064997438,112795.76087113367,110363.9178520932,-2431.843019040459,178.5277429785815,-2610.3707620190403,-0.02314245448462663,8,EMA200_BREAKDOWN,BAR_CLOSE
124,SOLUSDT,2022-09-24 12:00:00,2022-09-24 16:00:00,34.49724,33.70314,3194.098508186589,110187.58282055471,107651.14919520375,-2536.433625350971,174.27098561260678,-2710.7046109635776,-0.02460081745670089,1,EMA200_BREAKDOWN,BAR_CLOSE
125,SOLUSDT,2022-09-24 20:00:00,2022-09-25 00:00:00,34.07703,33.373305,3154.005944809871,107479.15520146432,105259.60236795299,-2219.552833511322,170.19100605553388,-2389.743839566856,-0.02223448663219766,1,EMA200_BREAKDOWN,BAR_CLOSE
126,SOLUSDT,2022-09-27 04:00:00,2022-09-27 20:00:00,34.747364999999995,32.5837,3024.442824563034,105091.41874672269,98547.53766271453,-6543.8810840081605,162.9111651275498,-6706.79224913571,-0.06381864788883977,4,EMA200_BREAKDOWN,BAR_CLOSE
127,SOLUSDT,2022-09-29 16:00:00,2022-09-29 20:00:00,34.13706,33.803090000000005,2882.2124753296353,98390.26020307628,97427.68770269045,-962.57250038582,156.65435832461338,-1119.2268587104334,-0.011375382648652042,1,EMA200_BREAKDOWN,BAR_CLOSE
128,SOLUSDT,2022-09-30 00:00:00,2022-09-30 20:00:00,33.95697,33.70314,2864.565757631707,97271.97349492715,96544.86076866748,-727.1127262596581,155.05346741087573,-882.1661936705339,-0.009069068529966032,5,EMA200_BREAKDOWN,BAR_CLOSE
129,SOLUSDT,2022-10-04 08:00:00,2022-10-05 12:00:00,33.74686499999999,33.503240000000005,2856.2815633647538,96390.54832085926,95694.68672498457,-695.861595874702,153.66818803667508,-849.5297839113771,-0.008813413749691636,7,EMA200_BREAKDOWN,BAR_CLOSE
130,SOLUSDT,2022-10-05 16:00:00,2022-10-06 20:00:00,33.696839999999995,33.613185,2835.332100635146,95541.73214196641,95304.54243508779,-237.18970687861375,152.67701966164339,-389.8667265402571,-0.00408059093968435,7,EMA200_BREAKDOWN,BAR_CLOSE
131,ETHUSDT,2022-10-24 00:00:00,2022-10-24 08:00:00,1364.872095,1336.121605,22.220138929494027,30327.647571889567,29688.80768979854,-638.8398820910265,48.01316420935049,-686.8530463003771,-0.02264775217636778,2,EMA200_BREAKDOWN,BAR_CLOSE
132,ETHUSDT,2022-10-24 12:00:00,2022-10-24 16:00:00,1354.0767,1340.9591850000002,21.890467122097355,29641.371482148086,29354.22295131697,-287.14853083111694,47.19647554677205,-334.345006377889,-0.011279673971201122,1,EMA200_BREAKDOWN,BAR_CLOSE
133,SOLUSDT,2022-10-25 20:00:00,2022-10-26 00:00:00,31.525755,30.854565000000004,3018.236768745948,95152.19290347642,93126.38256666184,-2025.81033681458,150.62286037611062,-2176.433197190691,-0.022873179595540086,1,EMA200_BREAKDOWN,BAR_CLOSE
134,SOLUSDT,2022-10-26 08:00:00,2022-10-28 00:00:00,31.355669999999996,30.5847,2965.2559779514004,92977.58791017138,90691.4645088502,-2286.1234013211756,146.93524193521728,-2433.0586432563928,-0.026168227181877942,10,EMA200_BREAKDOWN,BAR_CLOSE
135,SOLUSDT,2022-10-28 20:00:00,2022-11-02 12:00:00,32.026005,31.284350000000003,2827.282798343887,90546.57303617531,88449.70461236959,-2096.8684238057194,143.19702211883595,-2240.065445924555,-0.024739373018894936,28,EMA200_BREAKDOWN,BAR_CLOSE
136,SOLUSDT,2022-11-03 04:00:00,2022-11-03 12:00:00,31.665824999999998,31.244370000000004,2788.760098472891,88308.38924522533,87133.05235792346,-1175.3368873018771,140.35315328251903,-1315.6900405843962,-0.014898811447356719,2,EMA200_BREAKDOWN,BAR_CLOSE
137,SOLUSDT,2022-11-04 04:00:00,2022-11-07 08:00:00,31.95597,30.76461,2722.3021045605874,86993.80438427499,83750.56254898569,-3243.2418352893,136.59549354660857,-3379.8373288359085,-0.03885147169683785,19,EMA200_BREAKDOWN,BAR_CLOSE
138,SOLUSDT,2022-11-07 16:00:00,2022-11-08 00:00:00,32.83641,29.605190000000004,2546.466136791303,83616.80611879531,75388.61380827252,-8228.192310522787,127.20433594165428,-8355.396646464442,-0.099924848057385,2,EMA200_BREAKDOWN,BAR_CLOSE
139,ETHUSDT,2022-10-25 04:00:00,2022-11-08 16:00:00,1348.2838049999998,1461.7487600000002,21.736749501026278,29307.307325575555,31773.666629555784,2466.359303980227,48.86477916410507,2417.494524816122,0.08248777337201672,87,EMA200_BREAKDOWN,BAR_CLOSE
140,ETHUSDT,2022-11-30 20:00:00,2022-12-01 16:00:00,1287.8436,1270.90423,24.632471796257587,31722.771154990834,31305.512601219467,-417.2585537713676,50.42262700496824,-467.68118077633585,-0.014742759341273916,5,EMA200_BREAKDOWN,BAR_CLOSE
141,ETHUSDT,2022-12-02 12:00:00,2022-12-03 08:00:00,1289.4644099999998,1275.44196,24.23912019906494,31255.48282640635,30915.59097537098,-339.8918510353711,49.736859041421866,-389.6287100767929,-0.012465931569216174,5,EMA200_BREAKDOWN,BAR_CLOSE
142,ETHUSDT,2022-12-04 20:00:00,2022-12-05 16:00:00,1279.1292449999999,1265.956705,24.13061973612059,30866.181404446026,30548.319850747193,-317.86155369883306,49.131601004154575,-366.9931547029876,-0.011889813964811508,5,EMA200_BREAKDOWN,BAR_CLOSE
143,ETHUSDT,2022-12-08 20:00:00,2022-12-09 20:00:00,1284.54195,1268.42547,23.743480330862678,30499.49652399299,30116.835198110246,-382.661325882745,48.49306537768259,-431.1543912604276,-0.014136442905582131,6,EMA200_BREAKDOWN,BAR_CLOSE
144,ETHUSDT,2022-12-10 16:00:00,2022-12-10 20:00:00,1278.89913,1271.573895,23.511396322883744,30068.704302421218,29896.47779917796,-172.2265032432598,47.97214568127934,-220.19864892453916,-0.007323183822949369,1,EMA200_BREAKDOWN,BAR_CLOSE
145,ETHUSDT,2022-12-11 04:00:00,2022-12-12 00:00:00,1273.306335,1262.3685,23.44187710364433,29848.690620361776,29592.28723651184,-256.4033838499384,47.55278228549889,-303.9561661354373,-0.0101832328259012,5,EMA200_BREAKDOWN,BAR_CLOSE
146,ETHUSDT,2022-12-13 00:00:00,2022-12-13 04:00:00,1276.047705,1269.00518,23.15351507756201,29544.9897774059,29381.930568634292,-163.05920877160372,47.141536276832156,-210.20074504843586,-0.007114598672468786,1,EMA200_BREAKDOWN,BAR_CLOSE
147,ETHUSDT,2022-12-13 12:00:00,2022-12-15 16:00:00,1287.56346,1269.674845,22.78331632755662,29334.965600983294,28927.40362677642,-407.5619742068759,46.60989538220777,-454.17186958908366,-0.015482270399316917,13,EMA200_BREAKDOWN,BAR_CLOSE
148,ETHUSDT,2022-12-16 08:00:00,2022-12-16 12:00:00,1278.4088849999998,1212.23358,22.591500712046976,28881.175235764676,27386.175785737258,-1494.9994500274202,45.01388081720155,-1540.0133308446218,-0.05332239142877966,1,EMA200_BREAKDOWN,BAR_CLOSE
149,ETHUSDT,2023-01-04 04:00:00,2023-02-10 00:00:00,1251.355365,1544.577325,21.850272337401105,27342.45551611796,33749.43519742449,6406.979681306535,48.87351257083397,6358.106168735701,0.23253603411689544,221,EMA200_BREAKDOWN,BAR_CLOSE
150,SOLUSDT,2023-01-03 16:00:00,2023-02-10 00:00:00,13.096544999999999,20.46976,5747.197295585509,75268.42800551391,117643.74931328444,42375.32130777052,154.3297418550387,42220.99156591549,0.5609389312982931,224,EMA200_BREAKDOWN,BAR_CLOSE
151,ETHUSDT,2023-02-10 08:00:00,2023-02-10 12:00:00,1552.47585,1536.27148,21.704183595301608,33695.22087567192,33343.518254145725,-351.7026215261959,53.63099130385412,-405.33361283005,-0.012029409580831757,1,EMA200_BREAKDOWN,BAR_CLOSE
152,SOLUSDT,2023-02-12 20:00:00,2023-02-13 00:00:00,22.061025,21.479255,5324.047905231694,117453.95393851404,114356.58258868738,-3097.371349826655,185.44842922176116,-3282.8197790484164,-0.027949844760159707,1,EMA200_BREAKDOWN,BAR_CLOSE
153,SOLUSDT,2023-02-14 16:00:00,2023-02-15 08:00:00,21.900945,21.529230000000002,5213.194760686355,114173.89172808002,112236.06903761151,-1937.8226904685193,181.12796861255322,-2118.9506590810724,-0.018558977249611752,4,EMA200_BREAKDOWN,BAR_CLOSE
154,SOLUSDT,2023-02-15 12:00:00,2023-02-25 16:00:00,22.121055,22.32883,5065.613777803663,112056.72098755259,113109.22889023575,1052.507902683164,180.1327599022307,872.3751427809334,0.0077851210984286965,61,EMA200_BREAKDOWN,BAR_CLOSE
155,ETHUSDT,2023-02-14 16:00:00,2023-02-25 20:00:00,1545.61242,1583.82769,21.538535348387445,33290.22774307666,34113.328686819834,823.1009437431734,53.9228451439172,769.1780985992561,0.02310522188479835,67,EMA200_BREAKDOWN,BAR_CLOSE
156,SOLUSDT,2023-02-26 08:00:00,2023-02-27 20:00:00,22.801395,22.52873,4952.69536513944,112928.3633352136,111577.93665347785,-1350.426681735745,179.60503999095317,-1530.0317217266982,-0.013548692963741909,9,EMA200_BREAKDOWN,BAR_CLOSE
157,SOLUSDT,2023-03-01 12:00:00,2023-03-01 16:00:00,22.691339999999997,22.648670000000003,4909.345011803321,111399.61684013315,111190.13508847952,-209.48175165361818,178.07180154289017,-387.55355319650835,-0.003478948709066719,1,EMA200_BREAKDOWN,BAR_CLOSE
158,ETHUSDT,2023-02-26 04:00:00,2023-03-03 04:00:00,1603.551375,1564.6472850000002,21.239581258862437,34058.75973207309,33232.453151215996,-826.3065808570926,53.832970306631275,-880.1395511637239,-0.02584179688536625,30,EMA200_BREAKDOWN,BAR_CLOSE
159,SOLUSDT,2023-03-14 16:00:00,2023-03-14 20:00:00,21.920955,20.899545,5064.213161877359,111012.3888319213,105839.75086624816,-5172.637965673151,173.4817117585356,-5346.119677431686,-0.048157865384970654,1,EMA200_BREAKDOWN,BAR_CLOSE
160,SOLUSDT,2023-03-15 08:00:00,2023-03-15 12:00:00,21.240615,20.579705,4974.938809211441,105670.75989501867,102382.77308662275,-3287.9868083959223,166.44282638531314,-3454.4296347812356,-0.03269049676763115,1,EMA200_BREAKDOWN,BAR_CLOSE
161,SOLUSDT,2023-03-18 00:00:00,2023-03-22 20:00:00,21.6108,21.089450000000003,4730.006847554494,102219.23198113067,99753.24291115814,-2465.989069972527,161.57797991383106,-2627.567049886358,-0.025705212208710373,29,EMA200_BREAKDOWN,BAR_CLOSE
162,SOLUSDT,2023-03-23 00:00:00,2023-03-24 16:00:00,21.420704999999998,21.199395000000003,4649.420833140936,99593.87208756621,98564.90876298382,-1028.9633245823995,158.52702468044004,-1187.4903492628396,-0.011923327453507972,10,EMA200_BREAKDOWN,BAR_CLOSE
163,SOLUSDT,2023-03-29 08:00:00,2023-03-30 04:00:00,21.2106,21.04947,4639.537741987344,98407.37923019675,97659.81051383034,-747.5687163664207,156.85375179522168,-904.4224681616424,-0.009190596022743346,5,EMA200_BREAKDOWN,BAR_CLOSE
164,SOLUSDT,2023-04-01 00:00:00,2023-04-01 04:00:00,21.160574999999998,21.019485000000003,4607.800897513815,97503.71647690838,96853.60184827818,-650.1146286302003,155.48585466014924,-805.6004832903495,-0.008262254121166124,1,EMA200_BREAKDOWN,BAR_CLOSE
165,SOLUSDT,2023-04-02 00:00:00,2023-04-02 04:00:00,21.080534999999998,21.019485000000003,4587.112836463781,96698.792698024,96418.7494593579,-280.0432386660886,154.49403372590552,-434.5372723919941,-0.004493719727701148,1,EMA200_BREAKDOWN,BAR_CLOSE
166,SOLUSDT,2023-04-02 08:00:00,2023-04-02 12:00:00,21.19059,20.969510000000003,4542.800386253559,96264.62043694081,95260.29812754788,-1004.3223093929234,153.21993485159095,-1157.5422442445144,-0.01202458638480557,1,EMA200_BREAKDOWN,BAR_CLOSE
167,SOLUSDT,2023-04-05 04:00:00,2023-04-05 16:00:00,21.15057,20.799595,4496.713352320125,95108.05052818145,93529.8165593509,-1578.2339688305478,150.9102936700259,-1729.1442625005739,-0.0181808401381144,3,EMA200_BREAKDOWN,BAR_CLOSE
168,SOLUSDT,2023-04-11 00:00:00,2023-04-20 16:00:00,20.900444999999998,22.118935,4467.864619478743,93380.3587468614,98824.40710705006,5444.048360188666,153.76381268312917,5290.284547505537,0.05665307585556206,58,EMA200_BREAKDOWN,BAR_CLOSE
169,SOLUSDT,2023-04-21 04:00:00,2023-04-21 12:00:00,22.321154999999997,22.00899,4420.299910795254,98666.19945534701,97286.33653369364,-1379.8629216533857,156.76202879123252,-1536.6249504446182,-0.01557397527144078,2,EMA200_BREAKDOWN,BAR_CLOSE
170,ETHUSDT,2023-03-13 00:00:00,2023-04-21 20:00:00,1581.1201649999998,1841.768655,20.984717185067556,33179.35949813235,38648.99434549726,5469.634847364914,57.462683074903694,5412.17216429001,0.16311864502974083,239,EMA200_BREAKDOWN,BAR_CLOSE
171,ETHUSDT,2023-04-26 12:00:00,2023-04-26 20:00:00,1915.5372899999998,1827.82563,20.144210002721668,38586.98543780435,36820.10333907703,-1766.8820987273161,60.32567102150511,-1827.2077697488212,-0.047352954604188216,2,EMA200_BREAKDOWN,BAR_CLOSE
172,SOLUSDT,2023-04-26 12:00:00,2023-04-26 20:00:00,22.47123,21.079455,4322.454323588909,97130.86526986079,91114.98140364783,-6015.883866212949,150.5966773388069,-6166.480543551756,-0.06348631329927196,2,EMA200_BREAKDOWN,BAR_CLOSE
173,ETHUSDT,2023-04-27 04:00:00,2023-05-01 00:00:00,1899.36921,1869.14496,19.354484809502683,36761.31252258211,36176.3377350785,-584.9747875036112,58.350120206128494,-643.3249077097397,-0.017500052733823133,23,EMA200_BREAKDOWN,BAR_CLOSE
174,SOLUSDT,2023-04-27 16:00:00,2023-05-01 04:00:00,22.261125,22.16891,4086.476517694663,90969.5645699656,90592.73013788639,-376.8344320792113,145.2498357662816,-522.0842678454928,-0.0057391092319008805,21,EMA200_BREAKDOWN,BAR_CLOSE
175,SOLUSDT,2023-05-01 08:00:00,2023-05-01 12:00:00,22.35117,22.198895000000004,4046.674910212983,90447.91885290512,89831.71143095245,-616.2074219526655,144.22370422708605,-760.4311261797516,-0.008407392185733272,1,EMA200_BREAKDOWN,BAR_CLOSE
176,SOLUSDT,2023-05-02 20:00:00,2023-05-03 04:00:00,22.311149999999998,21.879055,4019.8791406481223,89688.12648887135,87951.15681159301,-1736.9696772783375,142.11142664037152,-1879.081103918709,-0.02095128059288727,2,EMA200_BREAKDOWN,BAR_CLOSE
177,SOLUSDT,2023-05-04 00:00:00,2023-05-04 08:00:00,22.251119999999997,22.098945,3946.3462429342853,87810.62381307992,87210.08857356141,-600.5352395185098,140.01656990931306,-740.5518094278228,-0.008433510403071675,2,EMA200_BREAKDOWN,BAR_CLOSE
178,SOLUSDT,2023-05-04 12:00:00,2023-05-04 16:00:00,22.261125,21.799095,3911.3339540194866,87070.69406717204,85263.54044039642,-1807.153626775618,137.86738760605476,-1945.0210143816728,-0.02233841173795119,1,EMA200_BREAKDOWN,BAR_CLOSE
179,ETHUSDT,2023-05-04 00:00:00,2023-05-04 20:00:00,1906.0725599999998,1875.7216700000001,18.94918838126228,36118.52800779485,35543.403275645884,-575.1247321489641,57.329545026752584,-632.4542771757167,-0.017510521941515027,5,EMA200_BREAKDOWN,BAR_CLOSE
180,ETHUSDT,2023-05-05 04:00:00,2023-05-06 16:00:00,1897.5282899999997,1876.3813400000001,18.70148928963371,35486.604992211964,35091.12553327855,-395.4794589334122,56.46218442039242,-451.94164335380464,-0.012735555949998305,9,EMA200_BREAKDOWN,BAR_CLOSE
181,SOLUSDT,2023-05-05 16:00:00,2023-05-06 16:00:00,22.33116,21.76911,3812.0414197221485,85127.30687044245,82984.74899048763,-2142.5578799548307,134.48964468874408,-2277.047524643575,-0.026748732085570086,6,EMA200_BREAKDOWN,BAR_CLOSE
182,ETHUSDT,2023-05-06 20:00:00,2023-05-08 00:00:00,1898.88897,1869.474795,18.450285157977707,35035.042979838574,34492.34306340192,-542.6999164366568,55.621908834592396,-598.3218252712493,-0.017077810511480242,7,EMA200_BREAKDOWN,BAR_CLOSE
183,SOLUSDT,2023-05-07 16:00:00,2023-05-08 00:00:00,22.47123,21.639174999999998,3687.0332449856814,82852.17206571958,79784.35761906303,-3067.8144466565627,130.1092237478261,-3197.9236704043888,-0.03859794608483828,2,EMA200_BREAKDOWN,BAR_CLOSE
184,ETHUSDT,2023-05-23 04:00:00,2023-05-24 04:00:00,1866.9430049999999,1821.0290300000001,18.445782036554757,34437.223744900555,33590.30456961873,-846.9191752818189,54.422022651615436,-901.3411979334343,-0.026173457088476952,6,EMA200_BREAKDOWN,BAR_CLOSE
185,SOLUSDT,2023-05-28 20:00:00,2023-05-29 04:00:00,20.780385,20.699645,3833.2752088663583,79656.93465119833,79347.43601083447,-309.4986403638648,127.20349652962625,-436.70213689349106,-0.005482286492767036,2,EMA200_BREAKDOWN,BAR_CLOSE
186,SOLUSDT,2023-05-30 04:00:00,2023-05-30 08:00:00,20.880435,20.739625,3794.0109650062295,79220.59934409984,78686.36466011732,-534.2346839825208,126.32557120337374,-660.5602551858946,-0.008338238547233251,1,EMA200_BREAKDOWN,BAR_CLOSE
187,SOLUSDT,2023-05-30 12:00:00,2023-05-31 08:00:00,21.29064,20.70964,3689.91227880084,78560.59395952831,76416.75492554503,-2143.8390339832863,123.98187910805868,-2267.820913091345,-0.028867155895736324,5,EMA200_BREAKDOWN,BAR_CLOSE
188,SOLUSDT,2023-06-01 00:00:00,2023-06-01 04:00:00,20.83041,20.68965,3662.6584890073677,76294.67801600396,75779.12220709129,-515.5558089126779,121.6590401784762,-637.2148490911541,-0.0083520222597635,1,EMA200_BREAKDOWN,BAR_CLOSE
189,ETHUSDT,2023-05-28 04:00:00,2023-06-05 16:00:00,1851.635355,1819.779655,18.11190285550223,33536.63967357338,32959.672329779365,-576.9673437940195,53.1970496026822,-630.1643933967017,-0.01879032602939246,51,EMA200_BREAKDOWN,BAR_CLOSE
190,SOLUSDT,2023-06-02 04:00:00,2023-06-05 16:00:00,20.780385,19.910040000000002,3640.837185037046,75657.99842738605,72489.21398757499,-3168.784439811056,118.51776993196884,-3287.302209743025,-0.04344950009347742,21,EMA200_BREAKDOWN,BAR_CLOSE
191,ETHUSDT,2023-06-06 20:00:00,2023-06-07 16:00:00,1892.7659099999998,1838.0805,17.385670591598483,32907.004618267136,31956.262093840636,-950.7425244265024,51.89061336968622,-1002.6331377961886,-0.030468684385804384,5,EMA200_BREAKDOWN,BAR_CLOSE
192,ETHUSDT,2023-06-08 16:00:00,2023-06-08 20:00:00,1856.597835,1846.806135,17.184773724734363,31905.213692306705,31736.945543426224,-168.2681488804813,50.913727388586345,-219.18187626906766,-0.006869782424366552,1,EMA200_BREAKDOWN,BAR_CLOSE
193,ETHUSDT,2023-06-21 00:00:00,2023-07-07 00:00:00,1792.8859949999999,1845.2469150000002,17.673302160416345,31686.215928813705,32611.6062893711,925.3903605573928,51.43825777454785,873.9521027828449,0.027581460176446027,96,EMA200_BREAKDOWN,BAR_CLOSE
194,ETHUSDT,2023-07-07 12:00:00,2023-07-08 12:00:00,1861.09008,1858.0804950000002,17.49481890303247,32559.433911830212,32506.781767281933,-52.652144548279274,52.05297254328972,-104.705117091569,-0.0032158150345950954,6,EMA200_BREAKDOWN,BAR_CLOSE
195,ETHUSDT,2023-07-09 00:00:00,2023-07-10 08:00:00,1866.1726199999998,1855.2719000000002,17.39111183993097,32454.816747037,32265.241106381232,-189.57564065576602,51.77604628273458,-241.35168693850062,-0.007436544437137674,8,EMA200_BREAKDOWN,BAR_CLOSE
196,ETHUSDT,2023-07-10 12:00:00,2023-07-23 00:00:00,1864.921995,1865.5867400000002,17.273466601757537,32213.667795515536,32225.150246071724,11.482450556189916,51.55105443326981,-40.068603877079894,-0.0012438386132068403,75,EMA200_BREAKDOWN,BAR_CLOSE
197,ETHUSDT,2023-07-23 20:00:00,2023-07-24 04:00:00,1890.074565,1867.415825,17.02241458884756,32173.632849265705,31787.926382924805,-385.7064663409013,51.16924738575241,-436.87571372665366,-0.013578687733941256,2,EMA200_BREAKDOWN,BAR_CLOSE
198,ETHUSDT,2023-07-30 00:00:00,2023-07-30 04:00:00,1881.3902249999999,1877.56075,16.86897470254401,31737.12411113858,31672.524794239558,-64.59931689902092,50.72771912430251,-115.32703602332343,-0.0036338212504531194,1,EMA200_BREAKDOWN,BAR_CLOSE
199,SOLUSDT,2023-06-29 12:00:00,2023-08-02 16:00:00,18.069029999999998,23.238375,4005.3869826714117,72373.4575514992,93078.68472343677,20705.227171937564,132.3617138199488,20572.865458117616,0.28425981228654806,205,EMA200_BREAKDOWN,BAR_CLOSE
200,SOLUSDT,2023-08-04 16:00:00,2023-08-04 20:00:00,23.371679999999998,22.928530000000002,3976.138720136166,92929.04180263201,91167.0159288037,-1762.0258738283248,147.27684618514857,-1909.3027200134734,-0.02054581305237774,1,EMA200_BREAKDOWN,BAR_CLOSE
201,SOLUSDT,2023-08-06 12:00:00,2023-08-06 16:00:00,23.221605,23.008490000000002,3919.683540259313,91021.34289690336,90185.99953922101,-835.3433576823571,144.9658739488995,-980.3092316312566,-0.010770102927855262,1,EMA200_BREAKDOWN,BAR_CLOSE
202,SOLUSDT,2023-08-06 20:00:00,2023-08-07 08:00:00,23.231609999999996,23.138425,3875.8337078242403,90041.85712502668,89680.68756096311,-361.16956406358145,143.77803574879184,-504.94759981237326,-0.005607920759688836,3,EMA200_BREAKDOWN,BAR_CLOSE
203,ETHUSDT,2023-08-09 12:00:00,2023-08-09 16:00:00,1863.7213949999998,1852.2734,16.967071384521784,31621.893949825517,31427.655001450872,-194.23894837464445,50.43963916102111,-244.67858753566557,-0.0077376322848940445,1,EMA200_BREAKDOWN,BAR_CLOSE
204,SOLUSDT,2023-08-08 08:00:00,2023-08-16 08:00:00,23.241615,23.438275,3852.457485471563,89537.33368119816,90294.957970291,757.6242890928429,143.86583332119133,613.7584557716516,0.006854777002372744,48,EMA200_BREAKDOWN,BAR_CLOSE
205,SOLUSDT,2023-09-19 12:00:00,2023-09-19 20:00:00,20.220105,19.930030000000002,4458.462336366055,90150.57657986695,88857.28811764557,-1293.2884622213749,143.20629175801002,-1436.4947539793848,-0.015934393416849126,2,EMA200_BREAKDOWN,BAR_CLOSE
206,SOLUSDT,2023-09-20 16:00:00,2023-09-21 08:00:00,20.210099999999997,19.910040000000002,4389.6511388603185,88715.28848148091,87398.1297607545,-1317.1587207264047,140.89073459378835,-1458.049455320193,-0.01643515430403585,4,EMA200_BREAKDOWN,BAR_CLOSE
207,ETHUSDT,2023-09-28 16:00:00,2023-10-03 16:00:00,1653.3962849999998,1647.6257750000002,18.977556183576027,31377.420892303377,31267.9107145705,-109.51017773287978,50.1162652854991,-159.6264430183789,-0.005087302859156724,30,EMA200_BREAKDOWN,BAR_CLOSE
208,ETHUSDT,2023-10-03 20:00:00,2023-10-04 04:00:00,1651.0951349999998,1641.029075,18.90740749805258,31217.928535497136,31027.60543717729,-190.3230983198449,49.796427178139545,-240.11952549798443,-0.007691718725826105,2,EMA200_BREAKDOWN,BAR_CLOSE
209,SOLUSDT,2023-09-29 00:00:00,2023-10-12 16:00:00,19.979985,21.269360000000002,4367.293758614092,87258.46378770318,92889.54317771624,5631.079390013059,144.11840557233555,5486.960984440724,0.06288170506634531,82,EMA200_BREAKDOWN,BAR_CLOSE
210,ETHUSDT,2023-10-20 12:00:00,2023-10-20 16:00:00,1613.956575,1604.647275,19.19383160008538,30978.01071040057,30799.329573885898,-178.6811365146728,49.421872227429176,-228.10300874210196,-0.007363384656120561,1,EMA200_BREAKDOWN,BAR_CLOSE
211,ETHUSDT,2023-10-20 20:00:00,2023-10-21 00:00:00,1607.533365,1603.0780600000003,19.12874717109577,30750.099308185814,30664.874905270703,-85.2244029151136,49.131979370765215,-134.35638228587882,-0.004369299134266944,1,EMA200_BREAKDOWN,BAR_CLOSE
212,ETHUSDT,2023-10-21 08:00:00,2023-12-18 12:00:00,1607.3832899999998,2141.1189050000003,19.047016337504086,30615.855785261065,40781.92676407386,10166.0709788128,57.11822603946794,10108.952752773333,0.3301868425196834,349,EMA200_BREAKDOWN,BAR_CLOSE
213,ETHUSDT,2023-12-18 16:00:00,2024-01-03 20:00:00,2156.2776,2205.43673,18.88268793300179,40716.31701772206,41644.57352856993,928.2565108478664,65.8887124370336,862.3677984108327,0.021179906768961476,97,EMA200_BREAKDOWN,BAR_CLOSE
214,ETHUSDT,2024-01-04 16:00:00,2024-01-05 16:00:00,2278.01844,2223.8875000000003,18.25181030017572,41577.960427182225,40589.97277893204,-987.9876482501858,65.73434656489141,-1053.721994815077,-0.02534328245033853,6,EMA200_BREAKDOWN,BAR_CLOSE
215,ETHUSDT,2024-01-06 00:00:00,2024-01-06 08:00:00,2269.91439,2232.0134350000003,17.853150646286174,40525.12355884279,39848.47209958968,-676.6514592531063,64.29887652674597,-740.9503357798523,-0.01828372798676324,2,EMA200_BREAKDOWN,BAR_CLOSE
216,ETHUSDT,2024-01-06 16:00:00,2024-01-07 12:00:00,2247.5332049999997,2235.9314750000003,17.701538528034778,39784.79562134498,39579.427150758136,-205.36847058684643,63.491378217682495,-268.85984880452895,-0.006757854215550693,5,EMA200_BREAKDOWN,BAR_CLOSE
217,ETHUSDT,2024-01-07 20:00:00,2024-01-08 00:00:00,2249.7243,2220.30929,17.564890780089566,39516.16161481345,38999.49017686821,-516.6714379452374,62.81252143334533,-579.4839593785827,-0.014664479941830968,1,EMA200_BREAKDOWN,BAR_CLOSE
218,SOLUSDT,2023-10-13 08:00:00,2024-01-08 00:00:00,21.4107,89.39528,4331.517219190263,92740.81572491696,387217.19463433494,294476.37890941795,383.9664082874015,294092.41250113054,3.171121692237993,520,EMA200_BREAKDOWN,BAR_CLOSE
219,SOLUSDT,2024-01-08 12:00:00,2024-01-13 04:00:00,92.276115,91.03446000000001,4189.450223381712,386586.1905995466,381384.3387824336,-5201.851817112996,614.3764235055842,-5816.2282406185805,-0.015045100890950971,28,EMA200_BREAKDOWN,BAR_CLOSE
220,SOLUSDT,2024-01-13 08:00:00,2024-01-18 20:00:00,92.60628,92.32381500000001,4111.7605414087475,380774.84799065004,379613.41954932106,-1161.4284413289715,608.3106140319769,-1769.7390553609484,-0.004647730974616277,33,EMA200_BREAKDOWN,BAR_CLOSE
221,SOLUSDT,2024-01-19 00:00:00,2024-01-19 04:00:00,94.43719499999999,93.04345500000001,4013.3190689970797,379006.59551609564,373413.07219687174,-5593.523319223908,601.935734170374,-6195.459053394283,-0.016346573190785474,1,EMA200_BREAKDOWN,BAR_CLOSE
222,SOLUSDT,2024-01-19 08:00:00,2024-01-19 16:00:00,94.53724499999998,91.164395,3943.5921857920257,372816.3406483062,359515.1957444576,-13301.144903848577,585.865229114211,-13887.010132962789,-0.037248930958375046,2,EMA200_BREAKDOWN,BAR_CLOSE
223,SOLUSDT,2024-01-19 20:00:00,2024-01-20 08:00:00,94.16706,91.84405500000001,3811.746863540766,358940.9956038551,350086.28858111566,-8854.707022739498,567.2218273479766,-9421.928850087475,-0.026249241422637546,3,EMA200_BREAKDOWN,BAR_CLOSE
224,ETHUSDT,2024-01-08 12:00:00,2024-01-22 12:00:00,2241.730305,2380.14933,17.369245682727545,38937.164421960755,41341.398474349364,2404.2340523886087,64.2228503170481,2340.0112020715605,0.06009711381940752,84,EMA200_BREAKDOWN,BAR_CLOSE
225,SOLUSDT,2024-01-26 12:00:00,2024-01-27 08:00:00,92.00598,91.164395,3798.9593847487063,349526.98117400176,346329.83394018805,-3197.1472338137205,556.6854520913519,-3753.832685905072,-0.010739750829239522,5,EMA200_BREAKDOWN,BAR_CLOSE
226,ETHUSDT,2024-01-30 16:00:00,2024-01-31 12:00:00,2342.080455,2299.0299099999997,17.62331004748621,41275.21001462257,40516.51691237431,-758.6931022482582,65.43338154159751,-824.1264837898558,-0.019966621211567243,5,EMA200_BREAKDOWN,BAR_CLOSE
227,ETHUSDT,2024-02-05 12:00:00,2024-02-05 16:00:00,2330.794815,2297.57064,17.355356866571327,40451.7757970791,39875.15838335668,-576.6174137224224,64.26154734434863,-640.878961066771,-0.015843036515421578,1,EMA200_BREAKDOWN,BAR_CLOSE
228,SOLUSDT,2024-01-27 12:00:00,2024-02-06 12:00:00,92.06600999999999,94.242855,3755.7433162092384,345776.30170755286,353951.97276672645,8175.671059173554,559.7826195794235,7615.88843959413,0.022025478327995476,60,EMA200_BREAKDOWN,BAR_CLOSE
229,SOLUSDT,2024-02-06 16:00:00,2024-02-21 12:00:00,95.80788,102.67863500000001,3688.4835861189895,353385.7928008578,378728.45984260284,25342.66704174504,585.6914021147686,24756.975639630273,0.0700565108840736,89,EMA200_BREAKDOWN,BAR_CLOSE
230,SOLUSDT,2024-02-21 16:00:00,2024-02-21 20:00:00,103.91193,101.98898000000001,3638.869690717426,378121.97258095077,371124.60810918576,-6997.364471765023,599.3972645521092,-7596.761736317132,-0.020090770405284418,1,EMA200_BREAKDOWN,BAR_CLOSE
231,SOLUSDT,2024-02-22 00:00:00,2024-02-23 00:00:00,105.09252000000001,101.69912500000001,3525.7656027707035,370531.5921244922,358567.2767568781,-11964.315367614085,583.2790951050963,-12547.59446271918,-0.03386376419558688,6,EMA200_BREAKDOWN,BAR_CLOSE
232,SOLUSDT,2024-02-24 20:00:00,2024-02-25 08:00:00,104.102025,102.96849,3438.8815937165655,357994.5376411217,354096.44499378826,-3898.0926473334894,569.672786107928,-4467.765433441417,-0.012479982132912352,3,EMA200_BREAKDOWN,BAR_CLOSE
233,SOLUSDT,2024-02-25 20:00:00,2024-02-26 12:00:00,103.421685,100.89952500000001,3418.3404102403133,353530.52513064444,344908.9236815528,-8621.601449091659,558.7515590497578,-9180.353008141417,-0.025967638875734677,4,EMA200_BREAKDOWN,BAR_CLOSE
234,ETHUSDT,2024-02-06 16:00:00,2024-03-19 04:00:00,2344.901865,3417.47041,16.9778683571219,39811.435174339626,58021.362735339404,18209.92756099978,78.26623832774322,18131.661322672036,0.45543852521947664,249,EMA200_BREAKDOWN,BAR_CLOSE
235,ETHUSDT,2024-03-21 00:00:00,2024-03-22 12:00:00,3518.288265,3403.47741,16.464786719658004,57927.865901500605,56037.52966082402,-1890.3362406765837,91.1723164498597,-1981.5085571264433,-0.03420648294718402,9,EMA200_BREAKDOWN,BAR_CLOSE
236,ETHUSDT,2024-03-25 00:00:00,2024-04-01 16:00:00,3456.7174949999994,3442.3179800000003,16.185303511926755,55948.02181156215,55714.961290862615,-233.0605206995283,89.33038648193981,-322.3909071814681,-0.005762328975049538,46,EMA200_BREAKDOWN,BAR_CLOSE
237,ETHUSDT,2024-04-01 20:00:00,2024-04-02 04:00:00,3488.073165,3364.386965,15.947458405088447,55625.90171274271,53653.42118295927,-1972.480529783445,87.42345831656158,-2059.9039881000067,-0.03703138150887946,2,EMA200_BREAKDOWN,BAR_CLOSE
238,SOLUSDT,2024-02-26 16:00:00,2024-04-05 12:00:00,105.01247999999998,169.67512,3279.2091341812893,344357.8836190299,556400.2033473063,212042.31972827643,720.606469573069,211321.71325870336,0.6136688698333762,233,EMA200_BREAKDOWN,BAR_CLOSE
239,ETHUSDT,2024-04-08 00:00:00,2024-04-08 04:00:00,3455.9270999999994,3421.2785049999998,15.500248267387562,53567.72804399271,53030.66621937655,-537.0618246161581,85.27871541069541,-622.3405400268535,-0.011617825932728636,1,EMA200_BREAKDOWN,BAR_CLOSE
240,SOLUSDT,2024-04-05 16:00:00,2024-04-10 04:00:00,175.97794499999998,171.304305,3156.6574245346264,555502.086638596,540749.0062329941,-14753.08040560194,877.0008742972722,-15630.081279899212,-0.028136854308646337,27,EMA200_BREAKDOWN,BAR_CLOSE
241,SOLUSDT,2024-04-10 08:00:00,2024-04-10 12:00:00,172.84637999999998,170.124895,3123.49691458376,539885.134626972,531384.5846263862,-8500.5500005859,857.0157754026866,-9357.565775988585,-0.017332512373125622,1,EMA200_BREAKDOWN,BAR_CLOSE
242,SOLUSDT,2024-04-11 00:00:00,2024-04-11 12:00:00,173.38665,170.43474000000003,3059.8401272891274,530535.4292062353,521503.05653608945,-9032.372670145955,841.6307885938598,-9874.003458739815,-0.01861139316089197,3,EMA200_BREAKDOWN,BAR_CLOSE
243,ETHUSDT,2024-04-08 08:00:00,2024-04-12 16:00:00,3475.61694,3438.97965,15.233528660963277,52945.91027001948,52387.79506274446,-558.1152072750182,84.26696426621115,-642.3821715412294,-0.012132800593381753,26,EMA200_BREAKDOWN,BAR_CLOSE
244,SOLUSDT,2024-04-11 16:00:00,2024-04-12 16:00:00,173.48669999999998,167.266325,3001.208276544548,520669.719910401,502001.07897719025,-18668.64093321076,818.136639110073,-19486.777572320836,-0.03742636997533523,6,EMA200_BREAKDOWN,BAR_CLOSE
245,SOLUSDT,2024-04-24 12:00:00,2024-04-24 16:00:00,159.39965999999998,151.434245,3144.293477358992,501199.3112312409,476153.7088022835,-25045.60242895741,781.8824160268196,-25827.48484498423,-0.0515313653993991,1,EMA200_BREAKDOWN,BAR_CLOSE
246,ETHUSDT,2024-04-28 04:00:00,2024-04-29 00:00:00,3310.5144299999997,3261.80828,15.799377651255956,52304.067699502346,51534.540841713635,-769.5268577887127,83.07088683297279,-852.5977446216855,-0.01630079231160443,5,EMA200_BREAKDOWN,BAR_CLOSE
247,SOLUSDT,2024-05-06 12:00:00,2024-05-08 00:00:00,154.066995,147.955985,3085.6285700485464,475393.52147352655,456537.2144256742,-18856.307047852348,745.5445887193606,-19601.851636571708,-0.04123289601384121,9,EMA200_BREAKDOWN,BAR_CLOSE
248,SOLUSDT,2024-05-08 04:00:00,2024-05-08 08:00:00,149.57475,146.336795,3047.360168693777,455808.1353923295,445940.9202973066,-9867.215095022857,721.3992445517089,-10588.614339574566,-0.023230419813504617,1,EMA200_BREAKDOWN,BAR_CLOSE
249,SOLUSDT,2024-05-09 20:00:00,2024-05-10 16:00:00,150.925425,146.876525,2949.9894765166314,445228.4154888001,433284.20309733186,-11944.212391468198,702.8100948689056,-12647.022486337104,-0.028405694799269264,5,EMA200_BREAKDOWN,BAR_CLOSE
250,SOLUSDT,2024-05-13 20:00:00,2024-05-14 00:00:00,148.8744,147.45623500000002,2905.7515362033464,432592.0165013515,428471.18137401174,-4120.835127339783,688.8505583002907,-4809.685685640074,-0.011118295072893579,1,EMA200_BREAKDOWN,BAR_CLOSE
251,ETHUSDT,2024-05-17 16:00:00,2024-05-17 20:00:00,3113.09577,3083.61742,16.52765926214539,51452.186136986136,50964.97801257588,-487.20812441026135,81.93373131964961,-569.141855729911,-0.011061568000524399,1,EMA200_BREAKDOWN,BAR_CLOSE
252,ETHUSDT,2024-05-18 00:00:00,2024-05-19 16:00:00,3093.546,3075.7113750000003,16.44828373666176,50883.52236041504,50590.17338807809,-293.3489723369531,81.17895659879451,-374.52792893574764,-0.007360495334480079,10,EMA200_BREAKDOWN,BAR_CLOSE
253,SOLUSDT,2024-05-15 16:00:00,2024-06-07 20:00:00,151.68580500000002,161.93899000000002,2820.213605035008,427786.37095168734,456702.5427836282,28916.171831940876,707.5911309882524,28208.58070095262,0.06594081208851414,139,EMA200_BREAKDOWN,BAR_CLOSE
254,ETHUSDT,2024-05-20 08:00:00,2024-06-11 08:00:00,3093.2658599999995,3532.8327,16.328796592653568,50509.3090349396,57686.906554175104,7177.597519235503,86.55697247129177,7091.040546764211,0.14039076523218746,132,EMA200_BREAKDOWN,BAR_CLOSE
255,ETHUSDT,2024-06-12 16:00:00,2024-06-12 20:00:00,3620.12916,3527.2454950000006,15.909485701235182,57594.39310764453,56116.66176744872,-1477.7313401958088,90.9688439000746,-1568.7001840958833,-0.027237029499798115,1,EMA200_BREAKDOWN,BAR_CLOSE
256,ETHUSDT,2024-06-15 16:00:00,2024-06-15 20:00:00,3567.5829,3556.70076,15.704473365343041,56027.010631703284,55856.112353915356,-170.89827778792954,89.50649838849492,-260.40477617642443,-0.004647843481927136,1,EMA200_BREAKDOWN,BAR_CLOSE
257,ETHUSDT,2024-06-16 00:00:00,2024-06-16 04:00:00,3570.5343749999997,3553.232495,15.618621399083676,55766.824595538856,55496.59308232648,-270.2315132123705,89.01073414229228,-359.24224735466277,-0.006441863060343602,1,EMA200_BREAKDOWN,BAR_CLOSE
258,ETHUSDT,2024-06-16 16:00:00,2024-06-17 08:00:00,3593.67594,3550.90366,15.418163751201217,55407.88411167196,54748.41409461973,-659.4700170522309,88.12503856503335,-747.5950556172643,-0.013492575426820521,4,EMA200_BREAKDOWN,BAR_CLOSE
259,ETHUSDT,2024-06-19 04:00:00,2024-06-19 08:00:00,3567.7129649999997,3542.5378450000003,15.320996271879572,54660.91703590141,54275.209116237296,-385.707919664112,87.14890092171098,-472.856820585823,-0.008650729739408683,1,EMA200_BREAKDOWN,BAR_CLOSE
260,ETHUSDT,2024-06-20 00:00:00,2024-06-20 04:00:00,3562.290255,3551.873175,15.21169066416933,54188.45741504488,54029.99601646098,-158.4613985839007,86.5747627452047,-245.03616132910537,-0.004521925388137614,1,EMA200_BREAKDOWN,BAR_CLOSE
261,ETHUSDT,2024-06-20 08:00:00,2024-06-20 16:00:00,3609.673935,3504.8566950000004,14.944182786440871,53943.627084091284,52377.219090361046,-1566.4079937302326,85.05667693956187,-1651.4646706697945,-0.030614639021127932,2,EMA200_BREAKDOWN,BAR_CLOSE
262,SOLUSDT,2024-06-27 20:00:00,2024-06-28 04:00:00,148.53423,147.46623,3069.8059056478173,455971.2564448512,452692.70373761933,-3278.552707231906,726.9311681459765,-4005.483875377882,-0.008784509590819651,2,EMA200_BREAKDOWN,BAR_CLOSE
263,ETHUSDT,2024-07-01 04:00:00,2024-07-01 08:00:00,3499.9791149999996,3488.8447050000004,14.941103339625172,52293.54964374485,52127.18927330911,-166.36037043574407,83.53659113364319,-249.89696156938726,-0.004778733959959418,1,EMA200_BREAKDOWN,BAR_CLOSE
264,SOLUSDT,2024-07-01 04:00:00,2024-07-01 12:00:00,147.683805,146.07692500000002,3060.383886885422,451969.1371759287,447051.4675157703,-4917.669660158415,719.2164837533592,-5636.8861439117745,-0.012471838628480557,2,EMA200_BREAKDOWN,BAR_CLOSE
265,SOLUSDT,2024-07-01 16:00:00,2024-07-02 00:00:00,148.58425499999998,146.60666,3003.931917391771,446336.9860163778,440396.4252762035,-5940.560740174318,709.3867290340651,-6649.947469208383,-0.014898938868051529,2,EMA200_BREAKDOWN,BAR_CLOSE
266,SOLUSDT,2024-07-02 04:00:00,2024-07-03 08:00:00,149.24458499999997,146.316805,2946.1211239459285,439692.6245030436,431067.0299987772,-8625.594504266364,696.6077236014567,-9322.202227867821,-0.021201634297150447,7,EMA200_BREAKDOWN,BAR_CLOSE
267,SOLUSDT,2024-07-10 08:00:00,2024-07-10 12:00:00,144.24208499999997,142.718605,2983.721796069761,430378.252925047,425832.61244317074,-4545.640481876293,684.9686922945743,-5230.609174170868,-0.012153516444247033,1,EMA200_BREAKDOWN,BAR_CLOSE
268,ETHUSDT,2024-07-15 04:00:00,2024-07-24 20:00:00,3331.0346849999996,3361.308505,15.62393295692242,52043.862595623184,52516.85872965313,472.9961340299424,83.64857706022106,389.3475569697214,0.00748114258918332,58,EMA200_BREAKDOWN,BAR_CLOSE
269,ETHUSDT,2024-07-29 04:00:00,2024-07-29 16:00:00,3350.65449,3307.00567,15.648549636236908,52432.88310064506,51749.84237431189,-683.0407263331684,83.34618037996557,-766.3869067131341,-0.014616531866883085,3,EMA200_BREAKDOWN,BAR_CLOSE
270,ETHUSDT,2024-07-30 08:00:00,2024-07-30 12:00:00,3342.5704499999997,3332.99267,15.457307701303222,51667.13995893357,51519.093266378186,-148.0466925553821,82.54898658024942,-230.5956791356315,-0.004463101292599419,1,EMA200_BREAKDOWN,BAR_CLOSE
271,SOLUSDT,2024-07-14 04:00:00,2024-08-01 16:00:00,144.03198,162.59866000000002,2951.789161425001,425152.0374625825,479956.9622502289,54804.9247876464,724.0871997702492,54080.83758787615,0.12720352443950309,111,EMA200_BREAKDOWN,BAR_CLOSE
272,SOLUSDT,2024-08-02 00:00:00,2024-08-02 08:00:00,167.453685,161.349285,2861.611837009647,479187.4471468848,461719.0238490431,-17468.423297841684,752.7251767967424,-18221.148474638427,-0.03802509557194873,2,EMA200_BREAKDOWN,BAR_CLOSE
273,SOLUSDT,2024-08-02 12:00:00,2024-08-02 16:00:00,164.44218,156.68162,2803.305115737124,460981.604436965,439226.38688798016,-21755.217548984892,720.1663930599561,-22475.38394204485,-0.04875548986275905,1,EMA200_BREAKDOWN,BAR_CLOSE
274,SOLUSDT,2024-08-08 16:00:00,2024-08-08 20:00:00,160.6803,155.7221,2729.1777512080293,438525.0998174315,424993.2906913919,-13531.809126039587,690.8147124070588,-14222.623838446645,-0.03243286152689519,1,EMA200_BREAKDOWN,BAR_CLOSE
275,SOLUSDT,2024-08-09 00:00:00,2024-08-09 12:00:00,163.20156,156.551685,2599.940974724808,424314.4229830092,407025.14049371105,-17289.282489298155,665.0716507813762,-17954.354140079533,-0.04231379648576895,3,EMA200_BREAKDOWN,BAR_CLOSE
276,SOLUSDT,2024-08-24 00:00:00,2024-08-28 00:00:00,153.346635,146.70661,2650.042829439377,406375.1505004074,388778.79986185924,-17596.350638548145,636.1231602898133,-18232.473798837957,-0.044866113925486395,24,EMA200_BREAKDOWN,BAR_CLOSE
277,ETHUSDT,2024-09-20 04:00:00,2024-10-01 16:00:00,2521.82028,2523.547595,20.396670765201556,51436.7379801684,51471.969455531194,35.231475362795955,82.32696594855967,-47.09549058576372,-0.0009156002583974423,69,EMA200_BREAKDOWN,BAR_CLOSE
278,SOLUSDT,2024-09-19 08:00:00,2024-10-02 00:00:00,138.62928,145.04744000000002,2799.9712036271158,388157.9919795604,406128.6551598319,17970.66318027149,635.4293177115139,17335.233862559977,0.044660252321876225,76,EMA200_BREAKDOWN,BAR_CLOSE
279,SOLUSDT,2024-10-02 04:00:00,2024-10-02 20:00:00,147.2736,139.91001,2753.2338738624976,405478.6642456759,385204.9788244408,-20273.685421235114,632.5469144560934,-20906.232335691206,-0.05155938938139617,4,EMA200_BREAKDOWN,BAR_CLOSE
280,SOLUSDT,2024-10-06 16:00:00,2024-10-08 00:00:00,146.062995,143.89801500000002,2633.0419497775374,384589.9931451467,378889.50998471736,-5700.483160429335,610.7836025038912,-6311.266762933226,-0.0164103769609817,8,EMA200_BREAKDOWN,BAR_CLOSE
281,ETHUSDT,2024-10-14 04:00:00,2024-10-23 16:00:00,2522.370555,2538.939895,20.37356563171375,51389.682049794734,51727.258585758915,337.5765359641801,82.49355250844292,255.08298345573718,0.004963700363208533,57,EMA200_BREAKDOWN,BAR_CLOSE
282,ETHUSDT,2024-10-29 00:00:00,2024-10-31 20:00:00,2568.7737449999995,2513.0828300000003,20.104748759624364,51644.55076354437,50524.89890927579,-1119.6518542685803,81.73555973825614,-1201.3874140068365,-0.023262617183125733,17,EMA200_BREAKDOWN,BAR_CLOSE
283,SOLUSDT,2024-10-11 16:00:00,2024-11-03 16:00:00,144.482205,159.910005,2618.204974420859,378284.0278462943,418677.1705506644,40393.14270437018,637.568958717567,39755.57374565261,0.10509450788074573,138,EMA200_BREAKDOWN,BAR_CLOSE
284,SOLUSDT,2024-11-03 20:00:00,2024-11-04 20:00:00,161.14052999999998,159.510205,2594.0476111751686,418006.20691000053,413777.06623831147,-4229.140671689081,665.4266185186497,-4894.56729020773,-0.011709317252462624,6,EMA200_BREAKDOWN,BAR_CLOSE
285,SOLUSDT,2024-11-05 08:00:00,2024-12-09 20:00:00,162.12102,221.839025,2548.1936337207635,413115.75105631654,565288.7912158213,152173.04015950474,782.7236338177103,151390.31652568703,0.3664598024611491,207,EMA200_BREAKDOWN,BAR_CLOSE
286,SOLUSDT,2024-12-11 12:00:00,2024-12-13 16:00:00,224.89238999999998,221.00944,2509.550899948736,564378.8997161221,554634.4390491662,-9744.460666955858,895.2106710122306,-10639.671337968088,-0.018852000567915906,13,EMA200_BREAKDOWN,BAR_CLOSE
287,SOLUSDT,2024-12-14 00:00:00,2024-12-14 16:00:00,224.90239499999998,222.43872500000003,2462.171048476731,553748.1657020778,547682.1887550773,-6065.976947000547,881.1442835657242,-6947.121230566271,-0.01254563294445998,4,EMA200_BREAKDOWN,BAR_CLOSE
288,SOLUSDT,2024-12-16 00:00:00,2024-12-16 04:00:00,224.37212999999997,221.139375,2437.05347920593,546806.8800533452,538928.4832331749,-7878.396820170291,868.5882906292161,-8746.985110799507,-0.01599647961625167,1,EMA200_BREAKDOWN,BAR_CLOSE
289,SOLUSDT,2024-12-17 20:00:00,2024-12-18 04:00:00,227.57372999999998,217.39125,2364.3644739225338,538067.2424100387,513992.148441612,-24075.09396842665,841.6475126813207,-24916.74148110797,-0.046307858046708505,2,EMA200_BREAKDOWN,BAR_CLOSE
290,ETHUSDT,2024-11-06 04:00:00,2024-12-19 16:00:00,2580.599655,3612.11304,19.547461543377327,50444.1725149653,70607.64073973177,20163.468224766475,96.84145060375766,20066.626774162716,0.3977987104101973,261,EMA200_BREAKDOWN,BAR_CLOSE
291,ETHUSDT,2025-01-03 16:00:00,2025-01-07 16:00:00,3566.9225699999997,3460.9186750000003,19.763239021652694,70493.94332263772,68398.96300852655,-2094.9803141111624,111.11432506493142,-2206.094639176094,-0.03129481108865208,24,EMA200_BREAKDOWN,BAR_CLOSE
292,SOLUSDT,2025-01-02 08:00:00,2025-01-07 20:00:00,206.01295499999998,204.45772000000002,2490.966798625722,513171.43099177483,509297.3922427143,-3874.0387490605585,817.9750585875913,-4692.01380764815,-0.009143170340913529,33,EMA200_BREAKDOWN,BAR_CLOSE
293,ETHUSDT,2025-01-15 20:00:00,2025-01-16 04:00:00,3436.7074949999997,3361.69831,19.870676192929402,68289.70180295853,66799.21857632801,-1490.483226630526,108.07113630342924,-1598.5543629339552,-0.023408425000103025,2,EMA200_BREAKDOWN,BAR_CLOSE
294,ETHUSDT,2025-01-17 12:00:00,2025-01-18 04:00:00,3424.961625,3382.38796,19.472478096944943,66692.49022568946,65863.47546647029,-829.0147592191694,106.0447725537278,-935.0595317728971,-0.01402046210313375,4,EMA200_BREAKDOWN,BAR_CLOSE
295,ETHUSDT,2025-01-19 20:00:00,2025-01-20 00:00:00,3420.6394649999997,3213.5924,19.2239541222516,65758.21614392326,61777.952865216415,-3980.2632787068405,102.02893520731175,-4082.2922139141524,-0.06208033692670963,1,EMA200_BREAKDOWN,BAR_CLOSE
296,ETHUSDT,2025-01-24 08:00:00,2025-01-24 20:00:00,3382.4803949999996,3367.01565,18.234947687100725,61679.35305546879,61397.35423939944,-281.9988160693482,98.46136583589458,-380.4601819052428,-0.006168355585103034,3,EMA200_BREAKDOWN,BAR_CLOSE
297,ETHUSDT,2025-01-31 12:00:00,2025-02-01 00:00:00,3336.8275799999997,3299.339505,18.370506413794494,61299.21246011635,60610.53753788805,-688.6749222283045,97.52779999840352,-786.202722226708,-0.012825657796798647,3,EMA200_BREAKDOWN,BAR_CLOSE
298,SOLUSDT,2025-01-15 20:00:00,2025-02-01 16:00:00,202.00095,226.26681000000002,2517.2325104200013,508483.3584757251,569566.1701610255,61082.811685300374,862.4396229094004,60220.372062390976,0.11843135288225147,101,EMA200_BREAKDOWN,BAR_CLOSE
299,SOLUSDT,2025-03-25 16:00:00,2025-03-26 00:00:00,145.35263999999998,143.56817999999998,3912.2312840384866,568653.1454255838,561671.9251884685,-6981.220237115301,904.2600564912419,-7885.480293606543,-0.013866942189698073,2,EMA200_BREAKDOWN,BAR_CLOSE
300,SOLUSDT,2025-03-26 08:00:00,2025-03-26 16:00:00,144.57225,139.26033500000003,3878.851501138178,560774.288935424,540170.1594637557,-20604.12947166829,880.7555587193438,-21484.88503038763,-0.038312892467260974,2,EMA200_BREAKDOWN,BAR_CLOSE
301,SOLUSDT,2025-04-12 16:00:00,2025-04-15 20:00:00,130.535235,127.82605500000001,4131.508639858516,539307.4512084618,528114.4506315299,-11193.00057693185,853.9375214719935,-12046.938098403843,-0.022337792795945013,19,EMA200_BREAKDOWN,BAR_CLOSE
302,ETHUSDT,2025-04-23 00:00:00,2025-04-24 08:00:00,1757.128125,1755.371875,34.43896280937186,60513.6701481763,60453.18671974235,-60.48342843395619,96.77348549433492,-157.2569139282911,-0.002598700649675111,8,EMA200_BREAKDOWN,BAR_CLOSE
303,ETHUSDT,2025-04-24 16:00:00,2025-04-28 16:00:00,1765.5023099999999,1762.388365,34.18661362728873,60356.54533005573,60250.090095484105,-106.4552345716218,96.48530834043187,-202.94054291205367,-0.003362361808521129,24,EMA200_BREAKDOWN,BAR_CLOSE
304,ETHUSDT,2025-04-28 20:00:00,2025-04-30 16:00:00,1798.068585,1763.847635,33.45466116199328,60153.77525719971,59008.9249703082,-1144.8502868915107,95.33016018200634,-1240.180447073517,-0.020616834799991737,11,EMA200_BREAKDOWN,BAR_CLOSE
305,ETHUSDT,2025-04-30 20:00:00,2025-05-06 12:00:00,1787.5933499999999,1769.0350400000002,32.95751607137146,58914.636561701736,58303.00076161926,-611.6358000824825,93.7741098586568,-705.4099099411394,-0.01197342377224645,34,EMA200_BREAKDOWN,BAR_CLOSE
306,SOLUSDT,2025-04-16 16:00:00,2025-05-30 08:00:00,128.4642,162.59866000000002,4104.416892317554,527270.6325380608,667372.6867721986,140102.05423413793,955.7146554482076,139146.33957868972,0.2638992786472808,262,EMA200_BREAKDOWN,BAR_CLOSE
307,ETHUSDT,2025-05-06 20:00:00,2025-06-06 00:00:00,1785.6924,2412.81299,32.597898269648766,58209.81919608495,78652.63239170707,20442.81319562211,109.48996127023362,20333.32323435188,0.34931088113943926,181,EMA200_BREAKDOWN,BAR_CLOSE
308,SOLUSDT,2025-06-10 00:00:00,2025-06-10 04:00:00,161.24058,159.10041,4132.334981624999,666300.0891915042,657456.1898338799,-8843.899357624307,1059.0050232203075,-9902.904380844615,-0.014862528973785531,1,EMA200_BREAKDOWN,BAR_CLOSE
309,SOLUSDT,2025-06-10 12:00:00,2025-06-10 16:00:00,160.93042499999999,157.950985,4078.815446180172,656405.5032503397,644252.9173573727,-12152.58589296698,1040.52673648617,-13193.11262945315,-0.020099028061350006,1,EMA200_BREAKDOWN,BAR_CLOSE
310,SOLUSDT,2025-06-10 20:00:00,2025-06-12 08:00:00,163.69180500000002,158.72060000000002,3929.47877161899,643223.4728354953,623689.2283186291,-19534.244516866172,1013.5301609232995,-20547.77467778947,-0.03194500130290577,9,EMA200_BREAKDOWN,BAR_CLOSE
311,SOLUSDT,2025-06-16 20:00:00,2025-06-17 00:00:00,157.87890000000002,150.65463499999998,3944.117664161804,622692.9582884351,594199.6070913491,-28493.351197085998,973.5140523038274,-29466.865249389826,-0.04732166127329257,1,EMA200_BREAKDOWN,BAR_CLOSE
312,ETHUSDT,2025-06-06 04:00:00,2025-06-17 16:00:00,2456.9278499999996,2497.7604950000004,31.961077912369298,78526.06243891998,79831.11778713312,1305.0553482131443,126.68574418084248,1178.3696040323018,0.015006095650713092,69,EMA200_BREAKDOWN,BAR_CLOSE
313,ETHUSDT,2025-06-17 20:00:00,2025-06-18 16:00:00,2529.62418,2507.70552,31.508017215618526,79703.4422124849,79012.82869586161,-690.6135166232834,126.9730167266772,-817.5865333499606,-0.010257857260045569,5,EMA200_BREAKDOWN,BAR_CLOSE
314,ETHUSDT,2025-06-19 00:00:00,2025-06-19 16:00:00,2526.2625,2491.723515,31.226581739555147,78886.54245182293,77808.00801351917,-1078.5344383037593,125.35564037227368,-1203.890078676033,-0.015261032379651636,4,EMA200_BREAKDOWN,BAR_CLOSE
315,ETHUSDT,2025-06-20 00:00:00,2025-06-20 16:00:00,2522.390565,2492.5331100000003,30.797634878091525,77683.663640813,76764.12464333395,-919.5389974790435,123.55823062731757,-1043.097228106361,-0.013427497870457598,4,EMA200_BREAKDOWN,BAR_CLOSE
316,ETHUSDT,2025-06-26 04:00:00,2025-06-26 12:00:00,2490.0343949999997,2449.124825,30.779270667214313,76641.44261437823,75382.27588646888,-1259.1667279093447,121.6189748006777,-1380.7857027100224,-0.018016175787001452,2,EMA200_BREAKDOWN,BAR_CLOSE
317,SOLUSDT,2025-06-28 20:00:00,2025-06-29 04:00:00,150.74533499999998,149.395265,3935.4507733579603,593250.8452058547,587937.7111802674,-5313.134025587335,944.9508451088977,-6258.084870696232,-0.010548800598041646,2,EMA200_BREAKDOWN,BAR_CLOSE
318,ETHUSDT,2025-06-30 00:00:00,2025-06-30 12:00:00,2501.340045,2457.2807450000005,30.088598678177107,75261.81677165846,73936.13417591708,-1325.6825957413917,119.35836075806043,-1445.040956499452,-0.01920018700696068,3,EMA200_BREAKDOWN,BAR_CLOSE
319,ETHUSDT,2025-06-30 16:00:00,2025-07-01 08:00:00,2476.007385,2463.7974850000005,29.813315621254695,73817.98964956249,73453.97204715855,-364.0176024039392,117.81756935737684,-481.835171761316,-0.006527340747814199,4,EMA200_BREAKDOWN,BAR_CLOSE
320,SOLUSDT,2025-06-29 08:00:00,2025-07-01 08:00:00,150.405165,149.98497,3902.7783196571063,586998.0171264498,585358.0891904215,-1639.9279360283442,937.8848850534971,-2577.8128210818413,-0.004391518788600157,12,EMA200_BREAKDOWN,BAR_CLOSE
321,SOLUSDT,2025-07-02 16:00:00,2025-07-03 16:00:00,151.38565499999999,150.10491000000002,3860.487109350868,584422.3696681377,579478.0701052723,-4944.299562865453,931.1203518187281,-5875.41991468418,-0.010053379575495233,6,EMA200_BREAKDOWN,BAR_CLOSE
322,SOLUSDT,2025-07-03 20:00:00,2025-07-04 12:00:00,151.88590499999998,150.14489,3809.12162393332,578551.8851061818,571920.1472220897,-6631.737884092177,920.3776258626173,-7552.115509954795,-0.013053480084277579,4,EMA200_BREAKDOWN,BAR_CLOSE
323,SOLUSDT,2025-07-06 16:00:00,2025-07-07 20:00:00,151.605765,148.88552,3766.387863767948,571006.1133732555,560760.6156187801,-10245.497754475356,905.4133831936285,-11150.911137668985,-0.019528531965786248,7,EMA200_BREAKDOWN,BAR_CLOSE
324,SOLUSDT,2025-07-08 12:00:00,2025-07-08 16:00:00,151.38565499999999,149.76508,3698.266979133143,559864.5690009422,553871.2499912336,-5993.319009708597,890.9886551937407,-6884.307664902338,-0.012296380314237661,1,EMA200_BREAKDOWN,BAR_CLOSE
325,SOLUSDT,2025-07-08 20:00:00,2025-08-01 00:00:00,151.705815,172.13389,3645.120947766428,552986.0441544784,627448.8482595221,74462.8041050437,944.3479139312004,73518.4561911125,0.13294812223249328,139,EMA200_BREAKDOWN,BAR_CLOSE
326,SOLUSDT,2025-08-05 12:00:00,2025-08-05 16:00:00,170.97544499999998,163.688115,3663.933992640817,626442.7448423903,599742.4487397992,-26700.29610259109,980.9481548657516,-27681.244257456845,-0.044187987625942254,1,EMA200_BREAKDOWN,BAR_CLOSE
327,SOLUSDT,2025-08-07 12:00:00,2025-08-19 16:00:00,172.916415,177.89101,3462.8566225485865,598784.7528301098,616011.0620703568,17226.309240247065,971.8366519203734,16254.472588326691,0.027145769012155343,73,EMA200_BREAKDOWN,BAR_CLOSE
328,ETHUSDT,2025-07-02 16:00:00,2025-09-22 04:00:00,2500.06941,4303.717065,29.33380926385778,73336.55921934545,126244.41551031981,52907.856290974356,159.66477978373223,52748.19151119063,0.7192618807411432,489,EMA200_BREAKDOWN,BAR_CLOSE
329,SOLUSDT,2025-08-20 04:00:00,2025-09-22 20:00:00,180.580245,216.99145000000001,3405.8297554168357,615025.5716614622,739035.9370810445,124010.36541958235,1083.2492069940054,122927.11621258834,0.19987317906230567,202,EMA200_BREAKDOWN,BAR_CLOSE
330,SOLUSDT,2025-09-23 00:00:00,2025-09-23 04:00:00,220.50019499999996,216.83153000000001,3346.252954998213,737849.4290964322,725573.1479992837,-12276.281097148343,1170.7380616765727,-13447.019158824916,-0.018224611456692578,1,EMA200_BREAKDOWN,BAR_CLOSE
331,SOLUSDT,2025-09-23 08:00:00,2025-09-23 20:00:00,219.1095,214.402745,3306.172052940199,724413.7054337006,708852.363592664,-15561.341841036503,1146.6128552210916,-16707.954696257595,-0.023064106284757104,3,EMA200_BREAKDOWN,BAR_CLOSE
332,SOLUSDT,2025-10-01 12:00:00,2025-10-08 04:00:00,217.85887499999998,218.19085,3248.52400628337,707719.7854193879,708798.2141763739,1078.4287569860137,1133.2143996766094,-54.78564269059575,-7.74114894331099e-05,40,EMA200_BREAKDOWN,BAR_CLOSE
333,ETHUSDT,2025-10-01 12:00:00,2025-10-09 16:00:00,4300.3591049999995,4312.62261,29.309283055715113,126040.4422496667,126399.8767889669,359.43453930020115,201.95225523090687,157.48228406929428,0.0012494583584318605,49,EMA200_BREAKDOWN,BAR_CLOSE
334,SOLUSDT,2025-10-08 08:00:00,2025-10-09 16:00:00,221.06047499999997,219.000445,3201.2282874025186,707665.0457966372,701070.4194877396,-6594.626308897667,1126.9883722275013,-7721.614681125167,-0.010911397598326681,8,EMA200_BREAKDOWN,BAR_CLOSE
335,ETHUSDT,2025-10-10 00:00:00,2025-10-10 04:00:00,4370.274045,4344.94644,28.876402474805754,126197.79224861736,125466.42213291445,-731.3701157029143,201.33137150522546,-932.7014872081397,-0.007390790841813309,1,EMA200_BREAKDOWN,BAR_CLOSE
336,SOLUSDT,2025-10-10 00:00:00,2025-10-10 08:00:00,221.04046499999998,218.020935,3166.6143901382234,699949.9172718442,690388.2301223903,-9561.68714945399,1112.2705179153877,-10673.957667369377,-0.015249602012916391,2,EMA200_BREAKDOWN,BAR_CLOSE
337,SOLUSDT,2025-10-10 12:00:00,2025-10-10 16:00:00,221.260575,210.584655,3115.263194669523,689284.9257289155,656026.6250836793,-33258.300645236224,1076.249240650076,-34334.5498858863,-0.04981183920361769,1,EMA200_BREAKDOWN,BAR_CLOSE
338,SOLUSDT,2025-10-27 04:00:00,2025-10-27 12:00:00,204.432165,200.07991,3203.895125138128,654979.2168649335,641035.0482870755,-13944.168577857998,1036.8114121216072,-14980.979989979605,-0.022872450917887532,2,EMA200_BREAKDOWN,BAR_CLOSE
339,ETHUSDT,2025-10-27 00:00:00,2025-10-28 04:00:00,4160.539229999999,4092.262845,30.10808630944179,125265.87423065848,123210.20293818183,-2055.671292476653,198.78086173507225,-2254.4521542117254,-0.017997337008645205,7,EMA200_BREAKDOWN,BAR_CLOSE
340,SOLUSDT,2025-10-28 08:00:00,2025-10-28 12:00:00,202.46118,199.630135,3161.153268484089,640010.8208981456,631061.4537431699,-8949.367154975593,1016.8578197130524,-9966.224974688645,-0.015571963237594568,1,EMA200_BREAKDOWN,BAR_CLOSE
341,ETHUSDT,2025-10-28 08:00:00,2025-10-28 16:00:00,4119.308625,4094.81157,29.862612155275517,123013.31581625626,122281.76976384482,-731.5460524114475,196.23606846408086,-927.7821208755283,-0.007542127571468336,2,EMA200_BREAKDOWN,BAR_CLOSE
342,ETHUSDT,2025-12-04 04:00:00,2025-12-04 08:00:00,3211.7250599999998,3188.50495,38.01269123340286,122086.31303236228,121203.65416052662,-882.6588718356406,194.63197375431113,-1077.2908455899517,-0.00882400998795325,1,EMA200_BREAKDOWN,BAR_CLOSE
343,ETHUSDT,2025-12-04 16:00:00,2025-12-04 20:00:00,3209.754075,3117.7003700000005,37.700684938325885,121009.92711108262,117539.43938147205,-3470.48772961057,190.83949319404377,-3661.327222804614,-0.030256420363295084,1,EMA200_BREAKDOWN,BAR_CLOSE
344,ETHUSDT,2025-12-09 16:00:00,2025-12-11 16:00:00,3247.50294,3177.65038,36.135972028756704,117351.67540314516,114827.48524884811,-2524.1901542970427,185.7433285215946,-2709.9334828186375,-0.02309241409216394,12,EMA200_BREAKDOWN,BAR_CLOSE
345,ETHUSDT,2025-12-11 20:00:00,2025-12-12 16:00:00,3196.11726,3069.8643,35.869778527603856,114644.01826445207,110115.35255079764,-4528.665713654422,179.8074966521998,-4708.473210306622,-0.04107037839030969,5,EMA200_BREAKDOWN,BAR_CLOSE
346,SOLUSDT,2026-01-02 20:00:00,2026-01-03 08:00:00,131.69581499999998,130.024955,4784.153297144907,630052.9675524356,622059.3171743682,-7993.650378067426,1001.689827781443,-8995.340205848868,-0.014277117431559815,3,EMA200_BREAKDOWN,BAR_CLOSE
347,SOLUSDT,2026-01-03 12:00:00,2026-01-19 04:00:00,130.775355,133.86303500000002,4749.09957944568,621065.1834323595,635728.8832218226,14663.699789463002,1005.4352533233457,13658.264536139657,0.021991676398049425,94,EMA200_BREAKDOWN,BAR_CLOSE
348,ETHUSDT,2026-01-02 12:00:00,2026-01-20 08:00:00,3049.333905,3121.808315,36.05361157444059,109939.50017164211,112552.46439886888,2612.964227226762,177.9935716564088,2434.9706555703533,0.022148278387374657,107,EMA200_BREAKDOWN,BAR_CLOSE
349,ETHUSDT,2026-03-04 16:00:00,2026-03-05 00:00:00,2151.305115,2126.2163600000003,52.23453645340391,112372.4254518618,111061.9259642438,-1310.4994876180074,178.7474811328845,-1489.246968750892,-0.013252779431986692,2,EMA200_BREAKDOWN,BAR_CLOSE
350,SOLUSDT,2026-03-04 16:00:00,2026-03-05 00:00:00,92.98647,90.81457,6825.852998036046,634711.9750262889,619886.9048998544,-14825.070126434446,1003.6791039409147,-15828.74923037536,-0.024938475801909606,2,EMA200_BREAKDOWN,BAR_CLOSE
351,SOLUSDT,2026-03-05 12:00:00,2026-03-05 16:00:00,91.88592,89.565195,6735.488113361296,618896.521945267,603265.3062933866,-15631.215651880366,977.7294625909229,-16608.945114471288,-0.02683638463869106,1,EMA200_BREAKDOWN,BAR_CLOSE
352,ETHUSDT,2026-03-13 04:00:00,2026-03-13 08:00:00,2119.91943,2098.3303100000003,52.305964029286095,110884.42945056468,109755.18971642076,-1129.239734143922,176.51169533358836,-1305.7514294775106,-0.011775787059982577,1,EMA200_BREAKDOWN,BAR_CLOSE
353,SOLUSDT,2026-03-13 04:00:00,2026-03-13 08:00:00,89.74485,88.63566000000002,6711.265641924766,602301.5283446918,594857.4596073254,-7444.068737366423,957.7271903616138,-8401.795927728037,-0.0139494846556653,1,EMA200_BREAKDOWN,BAR_CLOSE
354,SOLUSDT,2026-03-13 12:00:00,2026-03-13 20:00:00,90.36515999999999,88.865545,6572.298327425561,593906.7899255431,584050.8727692609,-9855.917156282227,942.3661301558432,-10798.283286438069,-0.018181781164333593,2,EMA200_BREAKDOWN,BAR_CLOSE
355,ETHUSDT,2026-03-13 12:00:00,2026-03-14 00:00:00,2122.08051,2091.163895,51.63789702412748,109579.77485228793,107983.30587058334,-1596.4689817045764,174.050464578297,-1770.5194462828736,-0.016157356124061308,3,EMA200_BREAKDOWN,BAR_CLOSE
356,ETHUSDT,2026-03-14 04:00:00,2026-03-14 08:00:00,2102.200575,2076.4212700000003,51.28470799811285,107810.74264233993,106488.65851302065,-1322.0841293192684,171.43952092428847,-1493.5236502435569,-0.013853198796694064,1,EMA200_BREAKDOWN,BAR_CLOSE
357,ETHUSDT,2026-03-15 08:00:00,2026-03-15 16:00:00,2106.6928199999998,2092.743105,50.467003325127656,106318.47355196255,105614.47323867297,-704.0003132895702,169.54635743250844,-873.5466707220786,-0.00821632065941144,2,EMA200_BREAKDOWN,BAR_CLOSE
358,SOLUSDT,2026-03-16 00:00:00,2026-03-18 16:00:00,92.356155,89.31532,6313.79226643926,583117.5771970656,563918.3766905478,-19199.200506517835,917.6287631100907,-20116.829269627924,-0.034498753006770376,16,EMA200_BREAKDOWN,BAR_CLOSE
359,SOLUSDT,2026-03-19 00:00:00,2026-03-19 08:00:00,90.11503499999999,89.365295,6247.765936772084,563017.6460640241,558333.4460305887,-4684.200033435431,897.0808736756903,-5581.2809071111205,-0.009913154491922337,2,EMA200_BREAKDOWN,BAR_CLOSE
360,ETHUSDT,2026-03-15 20:00:00,2026-03-19 16:00:00,2114.5467449999996,2117.750595,49.86679103206294,105445.66066044387,105605.42637889196,159.7657184480913,168.84086963146868,-9.075151183377386,-8.606471927376119e-05,23,EMA200_BREAKDOWN,BAR_CLOSE
361,ETHUSDT,2026-03-19 20:00:00,2026-03-20 20:00:00,2142.2505899999996,2131.843545,49.21767491840789,105436.59313238748,104924.38257471626,-512.2105576712162,168.288780565683,-680.4993382368991,-0.006454109697782588,6,EMA200_BREAKDOWN,BAR_CLOSE
362,SOLUSDT,2026-03-21 00:00:00,2026-03-21 16:00:00,89.89492499999999,89.78508500000001,6201.029184160009,557441.0534328751,556759.9323872871,-681.1210455879932,891.3607886561298,-1572.481834244123,-0.0028208934820289034,4,EMA200_BREAKDOWN,BAR_CLOSE
363,ETHUSDT,2026-03-21 00:00:00,2026-03-22 00:00:00,2147.283105,2083.81757,48.78567952668482,104756.6654135947,101660.45616209511,-3096.2092514995898,165.13369726055186,-3261.3429487601416,-0.031132557874803294,6,EMA200_BREAKDOWN,BAR_CLOSE
364,ETHUSDT,2026-03-23 12:00:00,2026-03-23 16:00:00,2135.84739,2127.39577,47.52121451566421,101498.06199291152,101096.43074588665,-401.6312470248694,162.07559419103853,-563.706841215908,-0.0055538680261232615,1,EMA200_BREAKDOWN,BAR_CLOSE
365,ETHUSDT,2026-03-23 20:00:00,2026-03-24 20:00:00,2155.527225,2115.80157,46.82605141553814,100934.82866544224,99074.63310189632,-1860.1955635459171,160.00756941387084,-2020.203132959788,-0.02001492606339024,6,EMA200_BREAKDOWN,BAR_CLOSE
366,SOLUSDT,2026-03-23 16:00:00,2026-03-24 20:00:00,90.00497999999999,88.485735,6175.990400568634,555869.8924833718,546487.0499472601,-9382.842536111793,881.8855539445055,-10264.728090056298,-0.018466062344550088,7,EMA200_BREAKDOWN,BAR_CLOSE
367,ETHUSDT,2026-03-25 00:00:00,2026-03-26 08:00:00,2157.2981099999997,2122.57818,45.85194880790682,98916.32250311413,97324.34605014003,-1591.976452974097,156.99253484260333,-1748.9689878167003,-0.01768129812712799,8,EMA200_BREAKDOWN,BAR_CLOSE
368,SOLUSDT,2026-03-25 00:00:00,2026-03-26 08:00:00,90.8454,89.05545,6005.959429590395,545613.7867649113,534863.4196839159,-10750.367080995356,864.3817651590618,-11614.748846154418,-0.02128749149654253,8,EMA200_BREAKDOWN,BAR_CLOSE
369,ETHUSDT,2026-04-01 00:00:00,2026-04-01 04:00:00,2106.4827149999996,2101.858545,46.128469014874966,97168.82264924717,96955.51676668267,-213.30588256449568,155.2994715327439,-368.60535409723957,-0.0037934529208798165,1,EMA200_BREAKDOWN,BAR_CLOSE
370,ETHUSDT,2026-04-01 08:00:00,2026-04-02 04:00:00,2132.0654999999997,2055.301835,45.40222939850928,96800.52692364737,93315.28539584708,-3485.2415278002945,152.09264985559557,-3637.33417765589,-0.037575561758304094,5,EMA200_BREAKDOWN,BAR_CLOSE
371,ETHUSDT,2026-04-06 00:00:00,2026-04-07 12:00:00,2111.225085,2088.53521,44.12899826202128,93166.24810670072,92164.96665226025,-1001.2814544404813,148.26497180716876,-1149.54642624765,-0.012338657503209815,9,EMA200_BREAKDOWN,BAR_CLOSE
372,SOLUSDT,2026-04-08 00:00:00,2026-04-08 04:00:00,85.60278,84.51772000000001,6238.2178979209275,534008.7943077876,527239.9535954696,-6768.840712317984,848.9989983226058,-7617.83971064059,-0.014265382502764332,1,EMA200_BREAKDOWN,BAR_CLOSE
373,SOLUSDT,2026-04-10 20:00:00,2026-04-11 00:00:00,85.492725,84.787585,6157.218097592562,526397.3535825041,522055.6528131677,-4341.700769336332,838.7624051165375,-5180.46317445287,-0.009841354898910824,1,EMA200_BREAKDOWN,BAR_CLOSE
374,SOLUSDT,2026-04-11 20:00:00,2026-04-12 00:00:00,86.053005,84.89753,6056.978974727469,521221.24199711776,514222.55421629455,-6998.687780823196,828.3550369707299,-7827.042817793926,-0.015016737974461155,1,EMA200_BREAKDOWN,BAR_CLOSE
375,SOLUSDT,2026-04-14 00:00:00,2026-04-14 20:00:00,86.55325500000001,83.89803,5931.617174828269,513400.77389529074,497650.99568225734,-15749.778213033398,808.8414156620386,-16558.619628695436,-0.03225281392363582,5,EMA200_BREAKDOWN,BAR_CLOSE
376,SOLUSDT,2026-04-15 20:00:00,2026-04-19 08:00:00,85.552755,84.83756,5807.598639074608,496856.06350708345,492702.4979984104,-4153.565508673014,791.6468492043952,-4945.212357877409,-0.009953007965669936,21,EMA200_BREAKDOWN,BAR_CLOSE
377,SOLUSDT,2026-04-19 12:00:00,2026-04-20 00:00:00,85.652805,83.42826500000001,5743.12779514444,491915.00512758666,479139.18762217613,-12775.817505410558,776.8433541998102,-13552.660859610369,-0.027550818166433552,3,EMA200_BREAKDOWN,BAR_CLOSE
378,SOLUSDT,2026-04-20 16:00:00,2026-04-21 00:00:00,85.90293,85.24735500000001,5568.770803313675,478373.72850309836,474722.9815837161,-3650.746919382277,762.4773680694516,-4413.224287451729,-0.009225473776039824,2,EMA200_BREAKDOWN,BAR_CLOSE
379,SOLUSDT,2026-04-21 08:00:00,2026-04-21 20:00:00,85.75285499999998,84.527715,5527.095410689804,473964.21132404817,467192.7456525957,-6771.465671452407,752.9255655813151,-7524.391237033722,-0.015875441768090196,3,EMA200_BREAKDOWN,BAR_CLOSE
380,SOLUSDT,2026-04-22 00:00:00,2026-04-23 20:00:00,86.08302,85.25735,5418.561530202513,466446.1405756535,461972.1968770112,-4473.943698642322,742.7346699621319,-5216.678368604454,-0.011183881513450648,11,EMA200_BREAKDOWN,BAR_CLOSE
381,SOLUSDT,2026-04-24 00:00:00,2026-04-27 08:00:00,86.16306,85.227365,5353.0346324385255,461233.84421687864,456225.0364764791,-5008.807740399542,733.9671045546862,-5742.774844954229,-0.012450896474660899,20,EMA200_BREAKDOWN,BAR_CLOSE
382,ETHUSDT,2026-04-07 20:00:00,2026-04-29 20:00:00,2114.4466949999996,2232.573155,43.518556186374404,92017.66729945115,97158.36028605867,5140.692986607526,151.34082206840787,4989.352164539118,0.054221676238568134,132,EMA200_BREAKDOWN,BAR_CLOSE
383,SOLUSDT,2026-05-04 04:00:00,2026-05-04 08:00:00,85.4427,84.827565,5331.010060576201,455495.8933027942,452216.6024291816,-3279.290873612515,726.1699965855807,-4005.460870198096,-0.00879362674634574,1,EMA200_BREAKDOWN,BAR_CLOSE
384,ETHUSDT,2026-04-30 08:00:00,2026-05-08 04:00:00,2261.440155,2277.630615,42.89427168510327,97002.82840817203,97697.30639811885,694.4779899468082,155.7601078450327,538.7178821017754,0.005553630661519876,47,EMA200_BREAKDOWN,BAR_CLOSE
385,ETHUSDT,2026-05-08 12:00:00,2026-05-12 12:00:00,2296.52769,2285.87649,42.47329313379751,97541.09376725285,97088.70222742615,-452.3915398266951,155.7038367957432,-608.0953766224384,-0.006234248080849307,24,EMA200_BREAKDOWN,BAR_CLOSE
386,ETHUSDT,2026-05-13 04:00:00,2026-05-13 16:00:00,2302.91088,2235.3617600000002,42.09173269907292,96933.50919074679,94090.24968764921,-2843.2595030975867,152.8190071027168,-2996.0785102003038,-0.03090859430565532,3,EMA200_BREAKDOWN,BAR_CLOSE
387,ETHUSDT,2026-05-14 16:00:00,2026-05-15 00:00:00,2299.6292399999998,2282.11837,40.85004041194704,93939.94738649506,93224.62763934671,-715.3197471483353,149.73166002067342,-865.0514071690087,-0.009208557501208157,2,EMA200_BREAKDOWN,BAR_CLOSE
388,SOLUSDT,2026-05-05 16:00:00,2026-05-16 08:00:00,85.54275,87.41627,5277.990209804186,451493.797019727,461382.2172375993,9888.420217872334,730.3008114058612,9158.119406466472,0.020284042586893678,64,EMA200_BREAKDOWN,BAR_CLOSE
389,SOLUSDT,2026-05-21 20:00:00,2026-05-22 00:00:00,87.873915,87.306325,5242.104253644464,460644.22360589204,457668.857652566,-2975.365953326038,734.6504650067665,-3710.0164183328043,-0.008053973605250155,1,EMA200_BREAKDOWN,BAR_CLOSE
390,SOLUSDT,2026-06-21 20:00:00,2026-06-22 00:00:00,74.45721,72.43376500000001,6136.911705412418,456937.3236013506,444519.62029559235,-12417.703305758201,721.1655551175544,-13138.868860875755,-0.028754203656032706,1,EMA200_BREAKDOWN,BAR_CLOSE
391,ETHUSDT,2026-07-03 12:00:00,2026-07-03 16:00:00,1743.4112699999998,1730.3743800000002,53.38707178513769,93075.62262250806,92379.62124022313,-696.001382284924,148.36419509018498,-844.3655773751091,-0.009071823035765758,1,EMA200_BREAKDOWN,BAR_CLOSE
392,ETHUSDT,2026-07-03 20:00:00,2026-07-08 16:00:00,1746.262695,1722.0985200000002,52.81677640844177,92231.96631221793,90955.6924841485,-1276.2738280694405,146.55012703709315,-1422.8239551065335,-0.015426581607184629,29,EMA200_BREAKDOWN,BAR_CLOSE
393,ETHUSDT,2026-07-09 00:00:00,2026-07-09 04:00:00,1744.4217749999998,1729.8346500000002,52.057557885754846,90810.3375292337,90050.96742515948,-759.3701040742187,144.68904396351456,-904.0591480377333,-0.009955465122532973,1,EMA200_BREAKDOWN,BAR_CLOSE
394,ETHUSDT,2026-07-09 08:00:00,2026-07-09 16:00:00,1754.1766499999999,1738.640245,51.25312652570101,89907.03779088033,89110.74845966081,-796.2893312195253,143.2142290004329,-939.5035602199582,-0.010449722105239421,2,EMA200_BREAKDOWN,BAR_CLOSE
395,SOLUSDT,2026-06-29 16:00:00,2026-07-13 04:00:00,73.95696,75.83206500000001,6000.915821720064,443809.49139031785,455061.8386522044,11252.347261886514,719.0970640340179,10533.250197852496,0.02373371999065428,81,EMA200_BREAKDOWN,BAR_CLOSE
396,SOLUSDT,2026-07-13 08:00:00,2026-07-13 16:00:00,76.488225,75.78209,5939.9194275720765,454333.8936580042,450139.50865301554,-4194.385004988628,723.5787218488158,-4917.963726837444,-0.010824558316002278,2,EMA200_BREAKDOWN,BAR_CLOSE
397,SOLUSDT,2026-07-14 16:00:00,2026-07-16 12:00:00,77.42869499999999,76.231865,5804.308867929355,449420.06102069723,442473.2900382934,-6946.77098240384,713.5146808471925,-7660.285663251033,-0.017044823601895805,11,EMA200_BREAKDOWN,BAR_CLOSE
398,SOLUSDT,2026-07-16 16:00:00,2026-07-16 20:00:00,76.66831499999999,75.7621,5762.0440725403105,441766.2099974033,436544.5592282063,-5221.650769197054,702.6486153804877,-5924.299384577542,-0.013410485570212273,1,EMA200_BREAKDOWN,BAR_CLOSE
399,SOLUSDT,2026-07-19 16:00:00,2026-07-19 20:00:00,76.25810999999999,75.85205500000001,5715.416852375556,435846.88702430885,433526.1134343176,-2320.7735899912464,695.4984003669013,-3016.2719903581474,-0.006920485335920085,1,EMA200_BREAKDOWN,BAR_CLOSE
400,SOLUSDT,2026-07-20 00:00:00,2026-07-23 16:00:00,76.41819,76.351805,5664.006811760689,432833.1487024225,432457.14361022384,-376.00509219871526,692.2322338501172,-1068.2373260488325,-0.0024680118176051654,22,EMA200_BREAKDOWN,BAR_CLOSE
401,SOLUSDT,2026-07-27 00:00:00,2026-07-27 16:00:00,76.80838499999999,75.25235500000001,5621.336898253072,431765.8086957277,423018.8398419391,-8746.968853788607,683.8277188301336,-9430.79657261874,-0.021842388588172744,4,EMA200_BREAKDOWN,BAR_CLOSE
402,ETHUSDT,2026-07-09 20:00:00,2026-08-01 20:00:00,1749.384255,1836.371355,50.856936181611495,88968.32341365097,93392.22080697442,4423.89739332346,145.88843537650033,4278.0089579469595,0.04808463050446287,138,EMA200_BREAKDOWN,BAR_CLOSE
403,ETHUSDT,2026-08-02 04:00:00,2026-08-03 08:00:00,1878.37872,1843.0380200000002,49.64001021267598,93242.73884407323,91488.42613515013,-1754.3127089231052,147.7849319833787,-1902.097640906484,-0.020399418383530103,7,EMA200_BREAKDOWN,BAR_CLOSE
404,ETHUSDT,2026-08-03 16:00:00,2026-08-11 16:00:00,1864.2716699999999,1861.818625,48.99620609757221,91342.23896518513,91222.04906679851,-120.18989838660664,146.05143042558691,-266.24132881219356,-0.0029147668354579177,48,EMA200_BREAKDOWN,BAR_CLOSE
405,SOLUSDT,2026-08-08 12:00:00,2026-08-11 16:00:00,75.64780499999999,74.89253500000001,5583.016374265319,422342.93399222987,418126.2492152386,-4216.684776991266,672.3753465659748,-4889.06012355724,-0.011576043376274854,19,EMA200_BREAKDOWN,BAR_CLOSE
406,SOLUSDT,2026-08-11 20:00:00,2026-08-14 20:00:00,75.707835,74.98249,5514.065759233194,417457.98067917634,413458.38065104536,-3999.600028131025,664.7330890641774,-4664.333117195202,-0.011173179896109886,18,EMA200_BREAKDOWN,BAR_CLOSE
407,SOLUSDT,2026-08-15 00:00:00,2026-08-15 08:00:00,75.4377,75.192385,5472.032758180587,412797.5656017997,411455.1938857266,-1342.3717160730982,659.4022075900211,-2001.7739236631194,-0.004849287133621585,2,EMA200_BREAKDOWN,BAR_CLOSE
408,SOLUSDT,2026-08-15 16:00:00,2026-08-16 20:00:00,75.55775999999999,75.18239,5436.866751584914,410797.4731682325,408756.6364956901,-2040.8366725423723,655.6432877311381,-2696.47996027351,-0.006564013014678963,7,EMA200_BREAKDOWN,BAR_CLOSE
