track,mode,side,entry_price,exit_price,margin_roe,dollar_pnl,result_code,leverage
Track 1: Fixed 100X,1,LONG,2384.0,2393.0,0.33751677852349,1012.55033557047,1,100.0
Track 1: Fixed 100X,1,SHORT,2322.419921875,2320.3296101739247,0.020005760000012043,66.09433170044247,2,100.0
Track 1: Fixed 100X,1,SHORT,2268.75,2266.70799432,0.020005759999994488,66.49101190159219,2,100.0
Track 1: Fixed 100X,1,SHORT,2249.75,2254.08127494375,-0.2625225000000014,-877.7546644006737,-1,100.0
Track 1: Fixed 100X,1,SHORT,2184.330078125,2188.535404999658,-0.26252249999999583,-808.6255597351185,-1,100.0
Track 1: Fixed 100X,1,SHORT,2184.330078125,2186.030029296875,-0.16782483008860158,-476.2242081273508,0,100.0
Track 1: Fixed 100X,1,SHORT,2120.31005859375,2113.712794833743,0.2711461804026235,730.6737113840064,1,100.0
Track 1: Fixed 100X,1,SHORT,2000.18994140625,1994.664691393487,0.23623626628571628,688.3833819045394,1,100.0
Track 1: Fixed 100X,1,SHORT,1878.6800537109375,1870.2259934692383,0.40999999999999653,1279.3953658443315,1,100.0
Track 1: Fixed 100X,1,LONG,1563.719970703125,1569.9299926757812,0.35713133355097587,1251.4935864378253,1,100.0
Track 1: Fixed 100X,1,SHORT,1621.0699462890625,1619.6108899637734,0.020005760000003037,77.61721107565357,2,100.0
Track 1: Fixed 100X,1,LONG,1632.4599609375,1633.9290808726503,0.01999424000001683,78.03808557809785,2,100.0
Track 1: Fixed 100X,1,LONG,1638.75,1635.59577496875,-0.2624775000000004,-1030.602096499313,-1,100.0
Track 1: Fixed 100X,1,LONG,1805.3499755859375,1806.9746865758063,0.01999424000000527,72.3243475431348,2,100.0
Track 1: Fixed 100X,1,SHORT,1740.969970703125,1739.4029974496218,0.020005760000003883,72.80008943024379,2,100.0
Track 1: Fixed 100X,1,LONG,1670.2099609375,1666.9951825599364,-0.2624775000000051,-960.8767077858645,-1,100.0
Track 1: Fixed 100X,1,SHORT,1575.219970703125,1578.2526235712219,-0.2625224999999969,-885.3659169714707,-1,100.0
Track 1: Fixed 100X,1,SHORT,1573.1400146484375,1576.168663133139,-0.26252249999999977,-815.6373747900377,-1,100.0
Track 1: Fixed 100X,1,SHORT,1592.0,1595.0649581999999,-0.2625224999999915,-751.4004259730187,-1,100.0
Track 1: Fixed 100X,1,SHORT,1764.93994140625,1763.3513937984437,0.02000576000000151,52.75143506367199,2,100.0
Track 1: Fixed 100X,1,SHORT,1755.8199462890625,1754.2396072021734,0.020005760000003606,53.068034828539396,2,100.0
Track 1: Fixed 100X,1,SHORT,1757.3199462890625,1752.2984457374102,0.24574765581282845,655.7919201317728,1,100.0
Track 1: Fixed 100X,1,SHORT,1728.8499755859375,1724.0774997984872,0.23604915723429384,676.3506513184926,1,100.0
Track 1: Fixed 100X,1,SHORT,1788.5400390625,1791.983381059204,-0.2625224999999955,-805.4717874742777,-1,100.0
Track 1: Fixed 100X,1,SHORT,1794.4000244140625,1797.854648201065,-0.2625224999999935,-742.0354472761084,-1,100.0
Track 1: Fixed 100X,1,LONG,1928.3199462890625,1924.608364264444,-0.2624775000000018,-683.4779693681746,-1,100.0
Track 1: Fixed 100X,1,LONG,1821.1199951171875,1817.6147488785855,-0.262477500000018,-629.6586927567625,-1,100.0
Track 1: Fixed 100X,1,SHORT,1879.1800537109375,1872.5716982677654,0.3116616425404322,688.7746592817201,1,100.0
Track 1: Fixed 100X,1,SHORT,1895.56005859375,1899.209438207556,-0.26252249999999744,-634.4224248964354,-1,100.0
Track 1: Fixed 100X,1,SHORT,1837.22998046875,1840.7670615578977,-0.2625224999999867,-584.4573765844495,-1,100.0
Track 1: Fixed 100X,1,SHORT,2420.7900390625,2418.611188589837,0.02000576000001307,41.03133866137066,2,100.0
Track 1: Fixed 100X,1,LONG,2455.639892578125,2450.913338303888,-0.2624775,-541.5660601178729,-1,100.0
Track 1: Fixed 100X,1,SHORT,2473.389892578125,2471.163699207547,0.02000576000000022,38.02726540860658,2,100.0
Track 1: Fixed 100X,1,SHORT,2454.889892578125,2467.669921875,-0.610594806940747,-1167.5940533227276,0,100.0
Track 1: Fixed 100X,1,SHORT,2407.429931640625,2405.263106034184,0.020005760000009448,31.247912789726684,2,100.0
Track 2: Fixed 30X (Sweet Spot),2,LONG,2384.0,2393.0,0.10125503355704699,303.76510067114094,1,30.0
Track 2: Fixed 30X (Sweet Spot),2,SHORT,2322.419921875,2332.001065262695,-0.14476499999999845,-447.48736643959245,-1,30.0
Track 2: Fixed 30X (Sweet Spot),2,SHORT,2268.75,2243.080078125,0.31243698347107435,923.839705060926,0,30.0
Track 2: Fixed 30X (Sweet Spot),2,SHORT,2249.75,2259.031343625,-0.14476499999999817,-468.17511032974653,-1,30.0
Track 2: Fixed 30X (Sweet Spot),2,SHORT,2184.330078125,2186.030029296875,-0.05034744902658048,-155.75399723174655,0,30.0
Track 2: Fixed 30X (Sweet Spot),2,SHORT,2120.31005859375,2113.712794833743,0.08134385412078704,247.84305062386932,1,30.0
Track 2: Fixed 30X (Sweet Spot),2,SHORT,2000.18994140625,1994.664691393487,0.07087087988571489,221.20285752782362,1,30.0
Track 2: Fixed 30X (Sweet Spot),2,SHORT,1878.6800537109375,1870.0930346357666,0.12512317419151403,398.8389103867437,1,30.0
Track 2: Fixed 30X (Sweet Spot),2,LONG,1563.719970703125,1569.9299926757812,0.10713940006529277,354.3337750787302,1,30.0
Track 2: Fixed 30X (Sweet Spot),2,SHORT,1621.0699462890625,1627.757670352478,-0.1447650000000003,-494.15852356440837,-1,30.0
Track 2: Fixed 30X (Sweet Spot),2,LONG,1632.4599609375,1641.7900085449219,0.15945990402233975,520.6803616511219,1,30.0
Track 2: Fixed 30X (Sweet Spot),2,LONG,1638.75,1631.990975625,-0.14473500000000147,-495.20770937272835,-1,30.0
Track 2: Fixed 30X (Sweet Spot),2,LONG,1805.3499755859375,1816.3374938964844,0.17058263149748804,558.3026778916402,1,30.0
Track 2: Fixed 30X (Sweet Spot),2,SHORT,1740.969970703125,1731.6717732243753,0.14822443181477296,509.95239051215407,1,30.0
Track 2: Fixed 30X (Sweet Spot),2,LONG,1670.2099609375,1663.3211799536132,-0.14473500000000178,-520.0897122255382,-1,30.0
Track 2: Fixed 30X (Sweet Spot),2,SHORT,1575.219970703125,1570.5516330870892,0.07690829921268813,264.3619669151283,1,30.0
Track 2: Fixed 30X (Sweet Spot),2,SHORT,1573.1400146484375,1579.6300037788696,-0.14476500000000042,-509.0913858956771,-1,30.0
Track 2: Fixed 30X (Sweet Spot),2,SHORT,1592.0,1587.210878610774,0.07824726235978666,263.2196510929754,1,30.0
Track 2: Fixed 30X (Sweet Spot),2,SHORT,1764.93994140625,1758.2841757145613,0.10113301153554632,348.1921594072025,1,30.0
Track 2: Fixed 30X (Sweet Spot),2,SHORT,1755.8199462890625,1750.1481923151648,0.08490778349827359,301.199378334084,1,30.0
Track 2: Fixed 30X (Sweet Spot),2,SHORT,1728.8499755859375,1724.0774997984872,0.07081474717028816,257.6049623756667,1,30.0
Track 2: Fixed 30X (Sweet Spot),2,SHORT,1788.5400390625,1795.9186609936523,-0.14476499999999992,-537.8037038908905,-1,30.0
Track 2: Fixed 30X (Sweet Spot),2,SHORT,1794.4000244140625,1801.8028217147826,-0.1447649999999975,-514.4471579327526,-1,30.0
Track 2: Fixed 30X (Sweet Spot),2,LONG,1928.3199462890625,1920.3665906705933,-0.1447349999999999,-492.00299498679476,-1,30.0
Track 2: Fixed 30X (Sweet Spot),2,LONG,1821.1199951171875,1830.260009765625,0.12356692595123611,401.80699504430453,0,30.0
Track 2: Fixed 30X (Sweet Spot),2,SHORT,1879.1800537109375,1872.5716982677654,0.09349849276212965,315.30289934880057,1,30.0
Track 2: Fixed 30X (Sweet Spot),2,SHORT,1895.56005859375,1903.3801916154782,-0.1447649999999954,-501.8812551750713,-1,30.0
Track 2: Fixed 30X (Sweet Spot),2,SHORT,1837.22998046875,1844.8094727531736,-0.14476499999999665,-480.0848032034504,-1,30.0
Track 2: Fixed 30X (Sweet Spot),2,SHORT,2420.7900390625,2408.8773637775084,0.13562959727319007,430.25491459601363,1,30.0
Track 2: Fixed 30X (Sweet Spot),2,LONG,2455.639892578125,2445.5116058411863,-0.14473500000000228,-477.821675393866,-1,30.0
Track 2: Fixed 30X (Sweet Spot),2,SHORT,2473.389892578125,2460.681041498411,0.1421469598203972,448.9013653952913,1,30.0
Track 2: Fixed 30X (Sweet Spot),2,SHORT,2454.889892578125,2467.669921875,-0.18317844208222409,-603.1478677258763,0,30.0
Track 2: Fixed 30X (Sweet Spot),2,SHORT,2407.429931640625,2396.709181237248,0.12159579353661028,378.3738814405615,1,30.0
Track 3: Fixed 20X (Conservative),3,LONG,2384.0,2393.0,0.06750335570469798,202.51006711409394,1,20.0
Track 3: Fixed 20X (Conservative),3,SHORT,2322.419921875,2336.6464857114256,-0.13651499999999855,-417.83869854361967,-1,20.0
Track 3: Fixed 20X (Conservative),3,SHORT,2268.75,2243.080078125,0.20829132231404957,611.4186413303895,0,20.0
Track 3: Fixed 20X (Conservative),3,SHORT,2249.75,2263.5314060625,-0.13651500000000075,-425.7666683104872,-1,20.0
Track 3: Fixed 20X (Conservative),3,SHORT,2184.330078125,2186.030029296875,-0.03356496601772033,-100.39606924384942,0,20.0
Track 3: Fixed 20X (Conservative),3,SHORT,2120.31005859375,2113.712794833743,0.05422923608052469,160.57158484490668,1,20.0
Track 3: Fixed 20X (Conservative),3,SHORT,2000.18994140625,1994.664691393487,0.047247253257143254,142.1740559403629,1,20.0
Track 3: Fixed 20X (Conservative),3,SHORT,1878.6800537109375,1870.0930346357666,0.08341544946100937,254.5674249806173,1,20.0
Track 3: Fixed 20X (Conservative),3,LONG,1563.719970703125,1569.9299926757812,0.07142626671019517,223.4336548323969,1,20.0
Track 3: Fixed 20X (Conservative),3,SHORT,1621.0699462890625,1631.0002155125426,-0.13651499999999825,-436.1930280440527,-1,20.0
Track 3: Fixed 20X (Conservative),3,LONG,1632.4599609375,1641.7900085449219,0.10630660268155984,325.7600308602183,1,20.0
Track 3: Fixed 20X (Conservative),3,LONG,1638.75,1644.0075073242188,0.056164849113272304,177.59731354333272,1,20.0
Track 3: Fixed 20X (Conservative),3,LONG,1805.3499755859375,1816.3374938964844,0.11372175433165871,365.6554125531435,1,20.0
Track 3: Fixed 20X (Conservative),3,SHORT,1740.969970703125,1731.6717732243753,0.09881628787651531,328.56891188898487,1,20.0
Track 3: Fixed 20X (Conservative),3,LONG,1670.2099609375,1659.9811775842284,-0.13648500000000183,-467.27261057007104,-1,20.0
Track 3: Fixed 20X (Conservative),3,SHORT,1575.219970703125,1570.5516330870892,0.051272199475125416,168.34903718449837,1,20.0
Track 3: Fixed 20X (Conservative),3,SHORT,1573.1400146484375,1582.77667709317,-0.13651499999999872,-455.1330536475448,-1,20.0
Track 3: Fixed 20X (Conservative),3,SHORT,1592.0,1587.210878610774,0.0521648415731911,166.79195844789584,1,20.0
Track 3: Fixed 20X (Conservative),3,SHORT,1764.93994140625,1758.2841757145613,0.06742200769036422,218.9488834961215,1,20.0
Track 3: Fixed 20X (Conservative),3,SHORT,1755.8199462890625,1750.1481923151648,0.05660518899884905,187.54001328710766,1,20.0
Track 3: Fixed 20X (Conservative),3,SHORT,1728.8499755859375,1724.0774997984872,0.04720983144685877,159.06814790511498,1,20.0
Track 3: Fixed 20X (Conservative),3,SHORT,1788.5400390625,1799.496188206787,-0.136515,-466.4862942508837,-1,20.0
Track 3: Fixed 20X (Conservative),3,SHORT,1794.4000244140625,1805.3920703636168,-0.13651499999999805,-447.3815813129795,-1,20.0
Track 3: Fixed 20X (Conservative),3,LONG,1928.3199462890625,1916.5104328580016,-0.13648500000000063,-428.9650039568968,-1,20.0
Track 3: Fixed 20X (Conservative),3,LONG,1821.1199951171875,1830.260009765625,0.0823779506341574,248.30828461434888,0,20.0
Track 3: Fixed 20X (Conservative),3,SHORT,1879.1800537109375,1872.5716982677654,0.06233232850808643,192.5289251063352,1,20.0
Track 3: Fixed 20X (Conservative),3,SHORT,1895.56005859375,1907.1717856226805,-0.13651499999999875,-429.54551259205255,-1,20.0
Track 3: Fixed 20X (Conservative),3,SHORT,1837.22998046875,1848.4843920216065,-0.1365150000000004,-411.9536908966065,-1,20.0
Track 3: Fixed 20X (Conservative),3,SHORT,2420.7900390625,2408.8773637775084,0.09041973151546004,261.6799510545071,1,20.0
Track 3: Fixed 20X (Conservative),3,LONG,2455.639892578125,2440.6009399660034,-0.13648500000000052,-405.7101281574551,-1,20.0
Track 3: Fixed 20X (Conservative),3,SHORT,2473.389892578125,2460.681041498411,0.09476463988026482,270.1596776854251,1,20.0
Track 3: Fixed 20X (Conservative),3,SHORT,2454.889892578125,2467.669921875,-0.12211896138814939,-358.04020324352604,0,20.0
Track 3: Fixed 20X (Conservative),3,SHORT,2407.429931640625,2396.709181237248,0.08106386235774019,228.96364950442054,1,20.0
Track 4: Transformer Dynamic Leverage (0X-75X) ★★★,0,LONG,2384.0,2393.0,0.03798617478377067,86.7143743763281,1,11.254603385925293
Track 4: Transformer Dynamic Leverage (0X-75X) ★★★,0,SHORT,2322.419921875,2333.1624203748775,-0.05800329030507581,-117.81415317840015,-1,10.891486167907715
Track 4: Transformer Dynamic Leverage (0X-75X) ★★★,0,SHORT,2268.75,2243.080078125,0.11487730969998461,275.7405822983787,0,11.03044605255127
Track 4: Transformer Dynamic Leverage (0X-75X) ★★★,0,SHORT,2249.75,2260.1563592343746,-0.0551053226473312,-138.44658784939978,-1,10.34732437133789
Track 4: Transformer Dynamic Leverage (0X-75X) ★★★,0,SHORT,2184.330078125,2186.030029296875,-0.018917490658947718,-49.30334245308813,0,11.272164344787598
Track 4: Transformer Dynamic Leverage (0X-75X) ★★★,0,SHORT,2120.31005859375,2113.712794833743,0.031285989530825294,69.7765277730863,1,11.538421630859375
Track 4: Transformer Dynamic Leverage (0X-75X) ★★★,0,SHORT,2000.18994140625,1994.664691393487,0.025035586291155768,56.41626639811742,1,10.597689628601074
Track 4: Transformer Dynamic Leverage (0X-75X) ★★★,0,SHORT,1878.6800537109375,1870.0930346357666,0.042449650778643454,95.26660911404672,1,10.177886962890625
Track 4: Transformer Dynamic Leverage (0X-75X) ★★★,0,LONG,1563.719970703125,1569.9299926757812,0.039796921108262794,86.88767351516998,1,11.143497467041016
Track 4: Transformer Dynamic Leverage (0X-75X) ★★★,0,SHORT,1621.0699462890625,1628.568306642494,-0.060243521211682395,-141.1948059179173,-1,11.312142372131348
Track 4: Transformer Dynamic Leverage (0X-75X) ★★★,0,LONG,1632.4599609375,1641.7900085449219,0.05875579564044583,132.61685071316674,1,11.054025650024414
Track 4: Transformer Dynamic Leverage (0X-75X) ★★★,0,LONG,1638.75,1631.171703046875,-0.0648761303488604,-145.33904637854022,-1,12.184597969055176
Track 4: Transformer Dynamic Leverage (0X-75X) ★★★,0,LONG,1805.3499755859375,1816.3374938964844,0.054657589754974235,123.58797921301289,1,9.612512588500977
Track 4: Transformer Dynamic Leverage (0X-75X) ★★★,0,SHORT,1740.969970703125,1731.6717732243753,0.049915166216121375,104.35579515871987,1,10.102619171142578
Track 4: Transformer Dynamic Leverage (0X-75X) ★★★,0,LONG,1670.2099609375,1662.4861793612672,-0.0591221533429019,-125.78732641338871,-1,11.103924751281738
Track 4: Transformer Dynamic Leverage (0X-75X) ★★★,0,SHORT,1575.219970703125,1570.5516330870892,0.026370762189739678,57.86867858904535,1,10.28657341003418
Track 4: Transformer Dynamic Leverage (0X-75X) ★★★,0,SHORT,1573.1400146484375,1580.4166721074446,-0.06069628056782354,-138.24811154384318,-1,11.3971586227417
Track 4: Transformer Dynamic Leverage (0X-75X) ★★★,0,SHORT,1592.0,1587.210878610774,0.02861203323769496,60.48119190822168,1,10.969853401184082
Track 4: Transformer Dynamic Leverage (0X-75X) ★★★,0,SHORT,1764.93994140625,1758.2841757145613,0.03743131334269427,91.70275902319125,1,11.103589057922363
Track 4: Transformer Dynamic Leverage (0X-75X) ★★★,0,SHORT,1755.8199462890625,1750.1481923151648,0.03162256536038722,65.99405874426365,1,11.173027038574219
Track 4: Transformer Dynamic Leverage (0X-75X) ★★★,0,SHORT,1728.8499755859375,1724.0774997984872,0.026611344958645533,70.23966273384194,1,11.273645401000977
Track 4: Transformer Dynamic Leverage (0X-75X) ★★★,0,SHORT,1788.5400390625,1796.8130427969356,-0.05611321578293803,-140.64366059011743,-1,10.536580085754395
Track 4: Transformer Dynamic Leverage (0X-75X) ★★★,0,SHORT,1794.4000244140625,1802.700133876991,-0.05120111755978917,-129.8391777248394,-1,9.614217758178711
Track 4: Transformer Dynamic Leverage (0X-75X) ★★★,0,LONG,1928.3199462890625,1919.4025512174455,-0.05531933841919812,-127.56533991798564,-1,10.389705657958984
Track 4: Transformer Dynamic Leverage (0X-75X) ★★★,0,LONG,1821.1199951171875,1830.260009765625,0.04886950842024238,103.46524168551454,0,11.864706039428711
Track 4: Transformer Dynamic Leverage (0X-75X) ★★★,0,SHORT,1879.1800537109375,1872.5716982677654,0.03424990179332214,72.0892083341329,1,10.989450454711914
Track 4: Transformer Dynamic Leverage (0X-75X) ★★★,0,SHORT,1895.56005859375,1904.3280901172789,-0.05801514942490944,-135.82761213869694,-1,10.893712997436523
Track 4: Transformer Dynamic Leverage (0X-75X) ★★★,0,SHORT,1837.22998046875,1845.7282025702818,-0.0567972711460582,-118.36868963993577,-1,10.665027618408203
Track 4: Transformer Dynamic Leverage (0X-75X) ★★★,0,SHORT,2420.7900390625,2408.8773637775084,0.04868707811193422,109.56842260564395,1,10.769126892089844
Track 4: Transformer Dynamic Leverage (0X-75X) ★★★,0,LONG,2455.639892578125,2444.2839393723907,-0.05880046586912889,-133.12002252041287,-1,11.04350757598877
Track 4: Transformer Dynamic Leverage (0X-75X) ★★★,0,SHORT,2473.389892578125,2460.681041498411,0.050613749731894524,111.5128455929524,1,10.681990623474121
Track 4: Transformer Dynamic Leverage (0X-75X) ★★★,0,SHORT,2454.889892578125,2467.669921875,-0.06264728480543869,-151.566265682621,0,10.260042190551758
Track 4: Transformer Dynamic Leverage (0X-75X) ★★★,0,SHORT,2407.429931640625,2396.709181237248,0.044326766942008065,96.50916229312894,1,10.936258316040039
