,ret_1m,ret_3m,ret_5m,ret_15m,ret_30m,ret_60m,dist_ema_10,dist_ema_30,dist_ema_60,atr_14_pct,parkinson_vol_15m,hl_spread,stoch_pos_60m,taker_buy_ratio,ofi_1m,ofi_3m,ofi_5m,ofi_15m,rel_trade_intensity,vol_zscore_30m,dist_vwap_24h,wick_ratio,lower_wick_ratio,upper_wick_ratio,tau_vol,ret_vs_btc_1m,ret_vs_btc_5m,ret_vs_btc_15m,ofi_vs_btc_5m,beta_residual_1m,cvd_divergence_15m,funding_velocity_1h,dist_poc_daily,cross_lead_lag_sol_5m,spread_spike_ratio,depth_imbalance_ratio,whale_burst_intensity,garman_klass_ratio
3506350,-0.0007785762,-6.8985384e-05,0.00031664324,-0.001847141,-0.001333382,-0.0044482513,-0.00027406905,-0.0009399886,-0.0017902214,0.00071656995,0.0004965772,0.00078324106,0.2274939,0.38288337,-0.23423328,-0.07274601,-0.0037646843,-0.19772205,0.8667564,-0.16534021,0.009161751,0.0,0.0,0.0,0.8595482,0.0,0.0,0.0,0.0,0.0,-0.0150804445,-0.00030693723,0.009161751,0.0,1.4400698,-0.19772205,0.86128473,0.8691845
3506351,8.116488e-06,-0.00042593066,-8.521517e-05,-0.0018026484,-0.0015356999,-0.0049467166,-0.00021760991,-0.00087181083,-0.00172379,0.0007064186,0.0004968542,0.00034900615,0.2347066,0.40978676,-0.18042646,-0.15027308,-0.16465633,-0.20030244,0.7712734,-0.36917922,0.009172451,0.9883721,0.43023255,0.55813956,0.7788888,0.0,0.0,0.0,0.0,0.0,-0.021965126,-0.00027850157,0.009172451,0.0,0.6453488,-0.20030244,0.7707056,0.8696647
3506352,0.00011768812,-0.0006528686,5.6811496e-05,-0.001887335,-0.0014748366,-0.004471824,-8.177663e-05,-0.00070559996,-0.0015537208,0.0007080745,0.0004944827,0.0003773692,0.26768008,0.37937716,-0.24124567,-0.21985921,-0.11960167,-0.20978065,0.52780473,-0.42701948,0.009293806,0.68817204,0.40860215,0.2795699,0.8360173,0.0,0.0,0.0,0.0,0.0,-0.023256587,-0.00033965922,0.009293806,0.0,0.70784694,-0.20978065,0.5185711,0.8677432
3506353,-5.680827e-05,6.899015e-05,-0.00036508343,-0.0015962856,-0.0015194244,-0.0039248182,-0.0001133867,-0.0007132182,-0.0015577218,0.0007144915,0.0004920164,0.00014202874,0.28231046,0.37862816,-0.24274364,-0.21646495,-0.17794901,-0.21373655,0.8884896,-0.41891208,0.009239477,0.62857145,0.6,0.028571429,0.7203293,0.0,0.0,0.0,0.0,0.0,-0.055450156,-4.0994266e-07,0.009239477,0.0,0.27526167,-0.21373655,0.87399083,0.87116015
3506354,-0.00038956455,-0.00032871508,-0.0010989278,-0.0019852284,-0.0017344718,-0.0041397656,-0.00041150703,-0.001031449,-0.0018829741,0.00068751303,0.0004969732,0.0004546691,0.21691175,0.148532,-0.702936,-0.48534238,-0.35734984,-0.23083073,1.0868058,-0.15577796,0.008848484,0.14285715,0.13392857,0.008928572,0.71194375,0.0,0.0,0.0,0.0,0.0,-0.03487545,-0.00036996143,0.008848484,0.0,0.87723166,-0.23083073,1.0848804,0.86921084
3506355,-0.00019891773,-0.0006451796,-0.00051945524,-0.0014555451,-0.0017752774,-0.004253323,-0.0004994269,-0.0011508876,-0.002013408,0.00067923905,0.0004900116,0.0006415358,0.18952233,0.46946368,-0.06107267,-0.39452747,-0.33139876,-0.2261499,0.579458,-0.29706764,0.008648821,0.6898734,0.16455697,0.5253165,0.6043009,0.0,0.0,0.0,0.0,0.0,-0.08161468,0.00018070225,0.008648821,0.0,1.2053196,-0.2261499,0.58347124,0.88858753
3506356,0.00035731107,-0.00023130394,-0.00017044487,-0.0008435396,-0.0012040427,-0.0033253233,-0.0001164256,-0.0007428007,-0.0016025817,0.0005801332,0.00048062264,0.0004424204,0.2611415,0.6834258,0.36685154,-0.25921097,-0.254239,-0.20454265,0.8061083,-0.4183949,0.009010403,0.20183486,0.0091743115,0.19266056,0.8409192,0.0,0.0,0.0,0.0,0.0,-0.120388195,0.0007564847,0.009010403,0.0,0.8278305,-0.20454265,0.7985453,0.8714221
3506357,-0.00024759307,-8.931e-05,-0.0005356208,0.00070285774,-0.0017710377,-0.0034672774,-0.0002978296,-0.0009263846,-0.0017892381,0.0005434477,0.00041506658,0.00094595854,0.23473772,0.41040713,-0.17918573,-0.011600846,-0.2373655,-0.072945274,0.6339479,-0.22979522,0.00879708,0.7424893,0.34763947,0.39484978,0.7459348,0.0,0.0,0.0,0.0,0.0,-0.14311554,0.0017485326,0.00879708,0.0,1.7194247,-0.072945274,0.616376,1.0075612
3506358,0.000263894,0.0003735525,-0.00021507208,0.00041417283,-0.0015116576,-0.0033333334,-2.782994e-05,-0.00062000443,-0.0014758633,0.00054214464,0.0003624938,0.0006615904,0.29062766,0.3905884,-0.21882318,-0.089033276,-0.2319736,-0.14773183,0.85134757,-0.13944784,0.009074005,0.601227,0.10429448,0.4969325,0.7428031,0.0,0.0,0.0,0.0,0.0,-0.18912545,0.001218212,0.009074005,0.0,1.1663847,-0.14773183,0.8382352,0.9736273
3506359,0.00041400138,0.0004302437,0.0005886341,0.0012959103,-0.0010375546,-0.0026181082,0.00031592682,-0.00019295524,-0.0010276736,0.0005085936,0.00035853835,0.00058423064,0.3967538,0.41163552,-0.17672895,-0.19317588,-0.104327865,-0.11501296,1.0283664,-0.21527079,0.009497212,0.29166666,0.29166666,0.0,0.74883175,0.0,0.0,0.0,0.0,0.0,-0.24388339,0.0019808987,0.009497212,0.0,1.0114142,-0.11501296,1.0176704,0.97348136
3506360,-9.3314615e-05,0.00058462674,0.00069432036,0.000491203,-0.00153949,-0.0023639991,0.00018210578,-0.0002677889,-0.0010841816,0.0004761808,0.00032170702,0.00023533708,0.37771735,0.5818538,0.16370766,-0.11180824,-0.06925733,-0.11542976,1.0237329,-0.36327884,0.009407029,0.6034483,0.37931034,0.22413793,0.82039386,0.0,0.0,0.0,0.0,0.0,-0.1645106,0.0011831004,0.009407029,0.0,0.4117362,-0.11542976,1.0008819,0.98190004
3506361,8.115072e-05,0.00040182486,0.00041806698,0.00016231461,-0.001163064,-0.0023476554,0.00021539346,-0.00017461946,-0.0009702616,0.00048019938,0.00030713785,0.0003083477,0.39583328,0.7719871,0.5439742,0.1827626,0.016983112,-0.115439385,1.2224745,-0.20877579,0.009489883,0.7368421,0.0,0.7368421,0.7219156,0.0,0.0,0.0,0.0,0.0,-0.13166942,0.0008190782,0.009489883,0.0,0.54228073,-0.115439385,1.1998004,0.9831487
3506362,-0.0003042905,-0.00031645826,0.00036133183,-0.00011768095,-0.0014548608,-0.0025502976,-7.2788745e-05,-0.00044797666,-0.0012325294,0.00047019945,0.0003083808,0.00030844155,0.32789853,0.34634417,-0.30731165,0.22837903,0.019184154,-0.104594134,0.9501463,-0.4511148,0.009185441,0.0,0.0,0.0,0.8696419,0.0,0.0,0.0,0.0,0.0,-0.09282658,0.0005387822,0.009185441,0.0,0.5346833,-0.104594134,0.8859205,0.9718741
3506363,0.0002150974,-8.115072e-06,0.00031253044,-0.00026772785,-0.0016931919,-0.0022832437,0.00011641854,-0.00021794823,-0.0009843629,0.0004634323,0.00030297512,0.00025562683,0.38894093,0.39972073,-0.20055857,0.15091497,0.06479675,-0.11898139,1.038286,-0.45681566,0.009401003,0.15873016,0.0,0.15873016,0.9886107,0.0,0.0,0.0,0.0,0.0,-0.092215,0.0004966949,0.009401003,0.0,0.45957565,-0.11898139,0.965567,0.97627825
3506364,7.303624e-05,-1.6228827e-05,-2.84001e-05,-0.0005393262,-0.0018709529,-0.0020124065,0.00015501007,-0.00013557899,-0.000881543,0.00041355198,0.00029840108,8.520272e-05,0.40581065,0.5443478,0.0886957,-0.18236448,0.14811502,-0.123028375,0.7539057,-0.5459315,0.009471221,0.1904762,0.04761905,0.14285715,1.0,0.0,0.0,0.0,0.0,0.0,-0.06914798,0.00022967158,0.009471221,0.0,0.15513702,-0.123028375,0.6725487,0.986256
3506365,0.00010143181,0.0003896104,0.00016635896,0.0003408925,-0.0015068782,-0.0020728074,0.00020981916,-3.1957064e-05,-0.0007546395,0.00040655542,0.00027536394,0.00025152537,0.42924082,0.84483594,0.6896719,0.2890577,0.27225533,-0.057490177,1.116176,-0.34764367,0.009568295,0.5967742,0.24193548,0.3548387,1.0,0.0,0.0,0.0,0.0,0.0,-0.09156623,0.0010762279,0.009568295,0.0,0.46011582,-0.057490177,1.0065238,1.0511565
3506366,0.00037323122,0.0005477718,0.00045846435,0.0007061287,-0.0010977926,-0.0015467466,0.0004770547,0.00031923826,-0.00036918017,0.0004078521,0.00027693997,0.00039742404,0.5154639,0.8595821,0.7191643,0.62665296,0.34200844,0.027242156,1.5439913,-0.16189227,0.009941154,0.06122449,0.0,0.06122449,1.0,0.0,0.0,0.0,0.0,0.0,-0.043253586,0.001413914,0.009941154,0.0,0.7241274,0.027242156,1.3907028,1.0303588
3506367,-0.00014193715,0.00033269633,0.0006209416,0.00044635066,-0.0014418267,-0.0017531358,0.00027411498,0.00016581804,-0.000494317,0.0004122556,0.00027250653,0.00020279616,0.48266163,0.47887284,-0.042254344,0.5508786,0.39354348,0.03585088,1.0519222,-0.45265403,0.00979452,0.3,0.3,0.0,1.0,0.0,0.0,0.0,0.0,0.0,-0.00875457,0.0011165768,0.00979452,0.0,0.37606642,0.03585088,0.93661153,1.0242188
3506368,-7.706254e-05,0.00015416072,0.00032866307,0.00042608622,-0.0011708796,-0.0017896476,0.00016120168,8.3016916e-05,-0.0005526193,0.00038563213,0.0002719062,8.1124716e-05,0.4648547,0.26153436,-0.47693127,0.29320443,0.36886516,0.028822241,1.3263203,-0.48970664,0.009696756,0.0,0.0,0.0,1.0,0.0,0.0,0.0,0.0,0.0,-0.013760613,0.001053695,0.009696756,0.0,0.1529656,0.028822241,1.227427,1.0228626
3506369,4.056236e-06,-0.00021493342,0.00025966542,0.0008200282,-0.0011668281,-0.0019108771,0.00013520749,8.1455386e-05,-0.0005305891,0.00034014296,0.00026261067,4.056219e-06,0.4657919,0.56496304,0.12992615,-0.19435601,0.3852825,0.10637946,0.75408095,-0.61702204,0.009637826,0.0,0.0,0.0,1.0,0.0,0.0,0.0,0.0,0.0,0.024559952,0.001417405,0.009637826,0.0,0.1,0.10637946,0.700411,1.0384951
3506370,0.00024337316,0.00017034877,0.00040162922,0.0012627698,-0.00019461327,-0.0018902138,0.0003097534,0.00030388404,-0.0002779265,0.0003264462,0.00024615615,0.0002514244,0.5434146,0.9225648,0.84512955,0.09126858,0.35267338,0.14240792,0.80856764,-0.50067997,0.009842507,0.016129032,0.0,0.016129032,1.0,0.0,0.0,0.0,0.0,0.0,0.016797882,0.0017528032,0.009842507,0.0,0.49369958,0.14240792,0.75125873,1.0137794
3506371,-2.4331393e-05,0.00022309297,4.0553473e-06,0.0008807819,3.649931e-05,-0.0016033362,0.0002335088,0.00026150537,-0.00029234416,0.0002653345,0.00023680482,8.921728e-05,0.5499002,0.7707305,0.54146105,0.59564847,0.13118242,0.14235228,0.96147776,-0.48566517,0.009805462,0.6818182,0.6818182,0.0,1.0,0.0,0.0,0.0,0.0,0.0,0.054501154,0.0013280495,0.009805462,0.0,0.18321247,0.14235228,0.8905483,1.0275667
3506372,4.055331e-06,0.00022309205,0.00015006916,0.0011327143,0.0018363682,-0.0013809525,0.00019436303,0.00024842448,-0.00027884054,0.00021898698,0.00018593004,1.2165943e-05,0.55089813,0.7100619,0.4201238,0.63057,0.2364414,0.1820774,0.8655323,-0.7095307,0.009743387,0.6666667,0.0,0.6666667,1.0,0.0,0.0,0.0,0.0,0.0,0.069287926,0.0015629089,0.009743387,0.0,0.1,0.1820774,0.8157398,0.9483265
3506373,-0.00034875705,-0.00036902612,-0.000121687066,0.00051953114,0.0009339191,-0.0018181597,-0.00012638138,-9.394116e-05,-0.000606939,0.00021268852,0.00017301434,0.000494921,0.48041233,0.44231626,-0.11536745,0.23108292,0.36760807,0.22655053,0.5191236,-0.68849456,0.009358881,0.30327868,0.29508197,0.008196721,1.0,0.0,0.0,0.0,0.0,0.0,0.17464413,0.00095072895,0.009358881,0.0,1.25552,0.22655053,0.48136672,0.8852448
3506374,8.113459e-05,-0.0002635965,-4.461841e-05,0.00018662923,0.0014827815,-0.0019594508,-3.7028796e-05,-1.1987486e-05,-0.00050862134,0.00022339175,0.00015904006,0.00038535803,0.50103086,0.14136638,-0.7172673,-0.323626,0.035273116,0.2130152,0.9652981,-0.38600415,0.009416753,0.7894737,0.6631579,0.12631579,0.81668025,0.0,0.0,0.0,0.0,0.0,0.19435444,0.00060106674,0.009416753,0.0,1.0024214,0.2130152,0.8789756,0.9170498
3506375,4.4620403e-05,-0.0002230423,-0.00024331393,0.00032460288,0.0008159653,-0.0014419318,6.209952e-06,3.0527004e-05,-0.00044881657,0.00020686717,0.00015525769,7.7068165e-05,0.5187891,0.6844896,0.36897922,-0.25891113,-0.047675334,0.22453868,1.0370048,-0.8949765,0.009409792,0.36842105,0.31578946,0.05263158,0.7479169,0.0,0.0,0.0,0.0,0.0,0.19208978,0.000687152,0.009409792,0.0,0.21889131,0.22453868,0.9559613,0.9062984
3506376,-0.0005475896,-0.00042189984,-0.0007664575,-0.0003042905,-0.00014202528,-0.0018917068,-0.00044299336,-0.0004837355,-0.00096353085,0.00023654917,0.00018535988,0.0007224026,0.3867521,0.418598,-0.162804,-0.2660246,-0.16725543,0.1478787,0.6127823,-0.56716317,0.008747111,0.23595506,0.0,0.23595506,0.8112261,0.0,0.0,0.0,0.0,0.0,0.17829837,7.10731e-05,0.008747111,0.0,2.045483,0.1478787,0.559121,0.87512267
3506377,4.87013e-05,-0.00045431682,-0.00072184595,4.87013e-05,-6.8985384e-05,-0.0015721231,-0.00032264338,-0.00040700092,-0.0008849071,0.00024204527,0.00018637253,0.000332776,0.3995726,0.42676926,-0.1464615,-0.045906693,-0.20548218,0.1497462,0.940489,0.5577994,0.008769833,0.85365856,0.6585366,0.19512194,0.7966456,0.0,0.0,0.0,0.0,0.0,0.14487611,0.00044930223,0.008769833,0.0,0.93509036,0.1497462,0.8843225,0.9167724
3506378,-8.928137e-05,-0.0005881518,-0.00046246714,-0.00025562683,-0.00052328623,-0.002077739,-0.000337031,-0.00046424495,-0.0009422015,0.00027337612,0.00019938436,0.0005235602,0.37606832,0.50004727,9.451767e-05,-0.115490615,-0.18613477,0.16574976,0.49588963,-0.7031605,0.008610939,0.8372093,0.4728682,0.36434108,0.60011995,0.0,0.0,0.0,0.0,0.0,0.19130687,3.3823322e-05,0.008610939,0.0,1.4611577,0.16574976,0.46030137,0.96600497
3506379,0.00053167745,0.00049107143,-1.2169201e-05,0.00020286362,-0.000336572,-0.0014824596,0.00015910392,6.285081e-05,-0.0003975542,0.0002935131,0.0002155854,0.00053545134,0.5160256,0.50579625,0.011592521,-0.062091406,-0.025654532,0.15640317,0.9119657,-0.1465856,0.009070002,0.007575758,0.0,0.007575758,0.67293996,0.0,0.0,0.0,0.0,0.0,0.13611959,0.00048083288,0.009070002,0.0,1.4688307,0.15640317,0.8338485,0.9192207
3506380,7.301609e-05,0.000515397,1.6224876e-05,0.00017444503,0.000515397,-0.0008186722,0.00018991786,0.00012710447,-0.00031392893,0.00028103348,0.00021483119,0.00022308844,0.5352563,0.6388313,0.27766266,0.06835353,-0.041387565,0.10343443,0.57496524,-1.0296535,0.009105565,0.6727273,0.18181819,0.4909091,0.78518355,0.0,0.0,0.0,0.0,0.0,0.085991696,0.00050976523,0.009105565,0.0,0.6450051,0.10343443,0.525858,0.9186738
3506381,0.00028798688,0.00089289335,0.00085227273,8.921764e-05,0.0007954094,-0.0007415121,0.00039102376,0.00038833512,-2.5178935e-05,0.00028732468,0.0002107214,0.00029195898,0.61111104,0.8151116,0.63022316,0.21792164,0.054350764,0.004649863,0.62311316,-1.0886296,0.009277086,0.0,0.0,0.0,0.8362635,0.0,0.0,0.0,0.0,0.0,-0.004271664,0.0004330565,0.009277086,0.0,0.8487938,0.004649863,0.55149597,0.9241057
3506382,2.8384899e-05,0.00038941915,0.00083194,0.00025957907,0.0007060456,-0.0007698323,0.00034313544,0.0003898347,3.100158e-06,0.00028673728,0.00020866914,7.298767e-05,0.6185897,0.63283485,0.2656697,0.36425805,0.18320952,0.027571782,1.1656514,-0.5233803,0.00927929,0.5555556,0.5,0.055555556,0.91105217,0.0,0.0,0.0,0.0,0.0,0.001619703,0.00062984513,0.00927929,0.0,0.2186417,0.027571782,1.0451528,0.92456263
3506383,8.920715e-05,0.00040561534,0.0010105929,0.00042590476,0.00085217244,-0.0006685467,0.0003537321,0.0004481546,8.928084e-05,0.00031480365,0.00021720951,0.00039734185,0.64209396,0.63851523,0.27703047,0.31566167,0.25359043,0.11260057,1.5486484,2.507983,0.009316044,0.7755102,0.0,0.7755102,0.9276225,0.0,0.0,0.0,0.0,0.0,0.07003583,0.00077906594,0.009316044,0.0,1.160686,0.11260057,1.4102857,0.94570744
3506384,0.0,0.00011759458,0.00047866104,0.0004218468,0.0012422209,-0.0004944055,0.00028939854,0.00041922927,8.635334e-05,0.00029713757,0.00021720951,4.0545087e-06,0.64209396,0.7122147,0.42442942,0.29386607,0.32290286,0.1248244,1.1920904,-0.8910129,0.009289024,1.0,0.0,1.0,0.71790296,0.0,0.0,0.0,0.0,0.0,0.08266473,0.0007693802,0.009289024,0.0,0.1,0.1248244,1.1006073,0.9457121
3506385,-0.00010136272,-1.2164612e-05,0.0003042115,7.7049415e-05,0.0013399165,-0.00043773965,0.00015381824,0.00029731318,-1.4525739e-05,0.00030469827,0.00021580186,0.00019463616,0.6153846,0.44646874,-0.107062526,0.19533172,0.24048328,0.07472583,1.0191051,0.10532896,0.009145388,0.47916666,0.29166666,0.1875,0.74781996,0.0,0.0,0.0,0.0,0.0,0.067021035,0.00039585013,0.009145388,0.0,0.6230022,0.07472583,0.9292875,0.95705336
3506386,-0.00010137299,-0.00020272544,-8.51547e-05,0.0,0.0008807819,-0.00032432127,4.2896576e-05,0.00018326838,-0.000112097776,0.0003171848,0.00021729158,0.00018654522,0.58867514,0.258117,-0.48376602,-0.015253048,0.17210324,0.04420958,0.4911116,-1.2160168,0.008750216,0.47826087,0.0,0.47826087,0.68317455,0.0,0.0,0.0,0.0,0.0,0.04420958,0.00032001748,0.008750216,0.0,0.6138631,0.04420958,0.42201346,0.95790327
3506387,-9.327261e-05,-0.00029597915,-0.0002067984,-9.7327546e-05,0.0010352766,-0.0007375946,-4.1220406e-05,8.41731e-05,-0.00019862816,0.00028882443,0.00021780694,9.733702e-05,0.56410253,0.11522802,-0.76954395,-0.3242282,0.0737363,0.0062402976,1.2452586,-0.8565417,0.008375083,0.041666668,0.0,0.041666668,0.7539255,0.0,0.0,0.0,0.0,0.0,0.015972745,0.00021971155,0.008375083,0.0,0.3531823,0.0062402976,1.0689892,0.9565997
3506388,0.00010139273,-9.326316e-05,-0.00019461643,0.00035293546,0.00087264995,-0.0006403268,4.9227943e-05,0.00017359975,-9.406716e-05,0.00028242255,0.00020894641,0.00029603677,0.5908119,0.72718257,0.4543652,0.016155407,0.036872346,0.048899025,1.2581478,0.26636037,0.00841343,0.6438356,0.16438356,0.47945204,0.778146,0.0,0.0,0.0,0.0,0.0,0.013620127,0.00064444717,0.00841343,0.0,1.1238425,0.048899025,1.0600743,0.96849245
3506389,4.055298e-06,1.2165993e-05,-0.00019056191,0.00027583522,0.00046251592,-0.0005755186,4.359512e-05,0.00016619219,-8.706128e-05,0.00027720747,0.00020021808,4.055282e-06,0.59188026,0.72395706,0.44791412,0.14763272,0.006350303,0.11724926,1.1607894,-1.138372,0.008359802,0.0,0.0,0.0,1.0,0.0,0.0,0.0,0.0,0.0,0.08967273,0.0005522547,0.008359802,0.0,0.1,0.11724926,0.9858819,0.9502706
3506390,0.00023115105,0.00033662387,0.0001419222,0.000462409,0.00078716193,-0.0007535398,0.00022478934,0.0003717346,0.0001393454,0.00024702543,0.00020520586,0.0003000215,0.65277773,0.7067787,0.41355744,0.43670878,0.17766964,0.12775882,1.3498094,0.13772662,0.008533862,0.22972973,0.21621622,0.013513514,1.0,0.0,0.0,0.0,0.0,0.0,0.08155085,0.0007433071,0.008533862,0.0,1.2184515,0.12775882,1.1651722,0.9459744
3506391,0.00010541295,0.00034064503,0.00034875845,0.0011160715,0.00081144134,-0.00035256645,0.00027016868,0.00044638675,0.0002367458,0.00023686458,0.0001744802,0.0001905341,0.68055546,0.3444378,-0.31112438,-0.033279475,0.010528421,0.083839044,2.2003684,1.9198745,0.008602597,0.44680852,0.38297874,0.06382979,1.0,0.0,0.0,0.0,0.0,0.0,-0.027306994,0.0013617113,0.008602597,0.0,0.786341,0.083839044,1.9725887,0.9776625
3506392,-0.000113509675,0.0002230405,0.00032851245,0.0009536873,0.0010024351,-0.00045388416,0.0001281468,0.00031134704,0.00011916911,0.00020793163,0.00016766763,0.00011757694,0.65064096,0.15285285,-0.69429433,-0.25891265,-0.08508712,0.038598415,1.9537146,0.62377596,0.008421358,0.0,0.0,0.0,1.0,0.0,0.0,0.0,0.0,0.0,-0.056482233,0.0011512265,0.008421358,0.0,0.49832878,0.038598415,1.8255919,0.9542777
3506393,-8.108754e-05,-8.919558e-05,0.00014599074,0.0009618897,0.00070601696,-0.0009883704,3.84942e-05,0.00021537724,3.68236e-05,0.00017580047,0.00014729516,8.514883e-05,0.64867836,0.56604207,0.13208407,-0.31747046,-0.15387209,0.04717323,1.8285568,0.21245462,0.008272763,0.0,0.0,0.0,1.0,0.0,0.0,0.0,0.0,0.0,-0.048720174,0.0011911136,0.008272763,0.0,0.3697944,0.04717323,1.8117948,0.8795263
3506394,-0.00020679,-0.0004013378,-6.488451e-05,0.00022310473,0.0004260136,-0.0014457363,-0.0001377073,7.991541e-06,-0.00016440202,0.00018568602,0.00013390579,0.0003609435,0.59251094,0.15335228,-0.6932955,-0.4854381,-0.31217438,-0.03732745,1.4931644,1.416079,0.008037276,0.42696628,0.42696628,0.0,1.0,0.0,0.0,0.0,0.0,0.0,-0.059634224,0.00044737227,0.008037276,0.0,1.5073776,-0.03732745,1.5088024,0.9935856
3506395,-0.00014599961,-0.00043381838,-0.00044192353,4.0561536e-06,0.00017850188,-0.0013286453,-0.00023211936,-0.00012910657,-0.00030020438,0.00018600286,0.00013726683,0.000296098,0.55286336,0.27625883,-0.44748235,-0.40830764,-0.43136555,-0.078098826,1.0945785,0.390452,0.0078538405,0.5068493,0.49315068,0.01369863,1.0,0.0,0.0,0.0,0.0,0.0,-0.07850444,0.00016394259,0.0078538405,0.0,1.2289436,-0.078098826,1.1091013,0.9921462
3506396,-2.8392958e-05,-0.00038114237,-0.00057565625,-0.0003122339,-0.0002230441,-0.0013205919,-0.00021315114,-0.00014733634,-0.00031781883,0.00020078447,0.00013665995,0.0002798814,0.54515415,0.32504207,-0.3499159,-0.5257792,-0.4536206,-0.11688314,0.8943499,0.49118724,0.0077882777,0.89855075,0.89855075,0.0,0.9769629,0.0,0.0,0.0,0.0,0.0,-0.08566989,-0.00014216712,0.0077882777,0.0,1.1808399,-0.11688314,0.92737144,1.0467418
3506397,0.00027582515,0.00010138862,-0.00018650136,-6.487793e-05,0.00019468431,-0.0012474231,5.123004e-05,0.0001201602,-4.0701685e-05,0.00020623251,0.00015449496,0.0004703955,0.6471264,0.67162615,0.34325236,-0.22179279,-0.3029475,-0.114110716,0.6134163,-0.30686173,0.008042153,0.4224138,0.0,0.4224138,0.7103803,0.0,0.0,0.0,0.0,0.0,-0.10762301,8.649653e-05,0.008042153,0.0,1.9126517,-0.114110716,0.63241166,1.0387224
3506398,0.0,0.00024742435,-0.00010542236,-0.00015407134,0.00027176779,-0.00089942996,4.1915097e-05,0.000112407055,-3.9367256e-05,0.00020623251,0.00014168167,4.0551336e-06,0.7063989,0.947329,0.89465797,0.062387884,-0.3113818,-0.16508317,1.2526201,-0.9902723,0.008023113,1.0,1.0,0.0,0.68675846,0.0,0.0,0.0,0.0,0.0,-0.14967726,-5.4538924e-07,0.008023113,0.0,0.1,-0.16508317,1.3322873,1.0164026
3506399,0.00021086694,0.00048675024,0.00031227694,5.6763125e-05,0.00047863385,-0.0006887527,0.0002068194,0.00030243347,0.0001658678,0.00022790839,0.00016140734,0.00049867627,0.7834394,0.59663606,0.19327208,0.27982602,0.028690385,-0.12011506,1.495839,2.963693,0.008213728,0.5691057,0.0,0.5691057,0.5647413,0.0,0.0,0.0,0.0,0.0,-0.12579131,0.00018411428,0.008213728,0.0,1.9190391,-0.12011506,1.6350092,1.0327159
