symbol,entry_time,exit_time,entry_price,exit_price,units,leverage,gross_pnl_usdt,entry_fee_usdt,exit_fee_usdt,slippage_cost_usdt,funding_cost_usdt,borrow_cost_usdt,net_pnl_usdt,gross_ret_pct,exit_reason,bars_held
BNBUSDT,2025-01-02 08:00:00,2025-01-02 16:00:00,707.303475,704.197725,14.126892279159238,1.0,-43.87459569599961,8.0,7.958500323443201,4.976550977640302,0.0,0.0,-59.83309601944281,-0.4390972347477944,SIGNAL_EXIT,2
SOLUSDT,2025-01-02 16:00:00,2025-01-06 20:00:00,206.87338499999998,219.89000000000001,48.01108064460479,1.0,624.9417524847738,7.952133523184447,8.445725218353719,5.281218870905817,0.0,0.0,608.5438937432357,6.292068455301793,SIGNAL_EXIT,25
BNBUSDT,2025-01-06 20:00:00,2025-01-07 00:00:00,732.6661499999999,729.05529,14.386186435780633,1.0,-51.946505153501256,8.438968638179038,8.390660259145694,5.2467860549927705,0.0,0.0,-68.77613405082599,-0.492838382119863,SIGNAL_EXIT,1
BTCUSDT,2025-01-07 00:00:00,2025-01-07 08:00:00,102286.7178,100608.34393240715,0.10237449144097997,1.0,-171.82267114264837,8.383947730938377,8.239782435839508,15.47280126910274,0.0,0.0,-188.44640130942628,-1.6408522080790113,STOP_LOSS,3
BTCUSDT,2025-01-07 12:00:00,2025-01-07 12:00:00,100881.27543,99056.29919828357,0.1019342293990826,1.0,-186.02754585165567,8.233190609890837,8.0777820207216,15.168594180123199,0.0,0.0,-202.3385184822681,-1.809033662528138,STOP_LOSS,1
BTCUSDT,2025-01-14 12:00:00,2025-01-16 12:00:00,96596.31401999999,99109.12065,0.10436297209020744,1.0,262.24396819477886,8.07131979510502,8.274657913824763,5.174248320300624,0.0,0.0,245.89799048584908,2.60134835939986,SIGNAL_EXIT,12
SOLUSDT,2025-01-16 12:00:00,2025-01-16 16:00:00,212.876385,208.965465,48.5106870646062,1.0,-189.7214162547099,8.2680381874937,8.109646623939938,5.071064672298536,0.0,0.0,-206.09910106614353,-1.8371788867046028,SIGNAL_EXIT,1
BTCUSDT,2025-01-16 16:00:00,2025-01-18 08:00:00,99345.81808499999,102770.339125,0.10187490192828222,1.0,348.8727451013397,8.103158906640784,8.375774575596544,5.237477848672318,0.0,0.0,332.3938116191024,3.4470711561003973,SIGNAL_EXIT,10
SOLUSDT,2025-01-18 08:00:00,2025-01-18 16:00:00,233.00644499999999,246.6295,44.86130575042313,1.0,611.1480356098315,8.369073955936068,8.851297125259185,16.62111378053144,0.0,0.0,593.9276645286362,5.84664299736431,STOP_LOSS,3
SOLUSDT,2025-01-18 20:00:00,2025-01-19 12:00:00,255.47767499999998,280.61694225,43.23832167864047,1.0,1086.9797241208132,8.844216087558978,9.70672449398558,18.227449600622894,0.0,0.0,1068.4287835392686,9.84010334758215,STOP_LOSS,5
SOLUSDT,2025-01-19 16:00:00,2025-01-19 20:00:00,270.71529,246.01785170785712,44.74811871126156,1.0,-1105.1639005608658,9.698959114390393,8.807068826650188,16.538061141680686,0.0,0.0,-1123.6699285019065,-9.12303043250452,STOP_LOSS,2
SOLUSDT,2025-01-20 00:00:00,2025-01-20 12:00:00,252.5262,260.46970000000005,43.525103301417815,1.0,345.7416580748149,8.800023171588867,9.069576479511449,5.671320960173739,0.0,0.0,327.8720584237146,3.145614197655553,SIGNAL_EXIT,3
BTCUSDT,2025-01-20 12:00:00,2025-01-20 12:00:00,108293.309595,104395.20832614323,0.10452020299704712,1.0,-407.4303359239567,9.062320818327839,8.729126692934011,16.391700099399028,0.0,0.0,-425.2217834352186,-3.599577188503204,STOP_LOSS,1
SOLUSDT,2025-01-20 16:00:00,2025-01-21 12:00:00,254.19703499999997,239.32028,42.85634998096261,1.0,-637.5634188610344,8.722143391579666,8.205114941777575,5.130762219720884,0.0,0.0,-654.4906771943917,-5.852450245928312,SIGNAL_EXIT,5
BTCUSDT,2025-01-21 12:00:00,2025-01-22 04:00:00,103810.12912499999,105547.209995,0.09864153043389604,1.0,171.3483155042441,8.19855084982415,8.329070661547687,5.208273300117099,0.0,0.0,154.82069399287226,1.6733250258347612,SIGNAL_EXIT,4
SOLUSDT,2025-01-22 04:00:00,2025-01-23 00:00:00,254.237055,254.36341081633503,40.88580576449819,1.0,5.1661593638888625,8.322407405018449,8.319882406585545,15.623214333847582,0.0,0.0,-11.476130447715132,0.04970000000001391,STOP_LOSS,6
SOLUSDT,2025-01-23 04:00:00,2025-01-23 16:00:00,248.96442,249.27530000000002,41.70563769443315,1.0,12.965448646446454,8.313226500660278,8.316948278376906,5.2006930204953985,0.0,0.0,-3.6647261325907294,0.1248692483849804,SIGNAL_EXIT,3
BTCUSDT,2025-01-23 16:00:00,2025-01-23 20:00:00,105316.15176,103718.164975,0.09855618470210045,1.0,-157.49148073397436,8.310294719754205,8.177653299391222,5.1135901071727,0.0,0.0,-173.97942875311978,-1.517323561766255,SIGNAL_EXIT,1
SOLUSDT,2025-01-23 20:00:00,2025-01-25 04:00:00,246.96341999999999,247.08616081974,41.32481587663017,1.0,5.07224177630284,8.171111176751708,8.16863208123135,15.339193943222941,0.0,0.0,-11.267501481680217,0.049700000000006725,STOP_LOSS,9
SOLUSDT,2025-01-25 08:00:00,2025-01-26 20:00:00,247.393635,247.516589636595,41.20744404876217,1.0,5.066646308024817,8.162097175566364,8.159620814872333,15.322272436539516,0.0,0.0,-11.255071682413881,0.0497000000000046,STOP_LOSS,10
SOLUSDT,2025-01-27 00:00:00,2025-01-27 04:00:00,240.610245,230.6872657039286,42.32244269007466,1.0,-419.9647225727788,8.153093118220434,7.810598865667635,14.666873182900387,0.0,0.0,-435.9284145566669,-4.124088438574754,STOP_LOSS,2
SOLUSDT,2025-01-27 16:00:00,2025-01-27 20:00:00,233.78683499999997,226.42673,41.694536105218674,1.0,-306.8761636606995,7.8043503865751,7.55260597533728,4.7227401046381186,0.0,0.0,-322.23312002261184,-3.14821191706538,SIGNAL_EXIT,1
SOLUSDT,2025-01-28 00:00:00,2025-01-28 20:00:00,235.01745,232.0839,40.10620615322694,1.0,-117.65356106079876,7.54656389055701,7.446403790595926,4.656330534389197,0.0,0.0,-132.6465287419517,-1.2482264614819014,SIGNAL_EXIT,5
BTCUSDT,2025-01-28 20:00:00,2025-01-31 16:00:00,102475.45212,105411.26800000001,0.0906862833540309,1.0,266.2382307689444,7.440446667563449,7.647484894844553,4.782069093823765,0.0,0.0,251.1502992065364,2.8648967330850446,SIGNAL_EXIT,17
ETHUSDT,2025-01-31 16:00:00,2025-01-31 16:00:00,3429.363825,3319.4168626553574,2.783043081395401,1.0,-305.9871328736981,7.641366906928678,7.390464107104176,13.877937106479594,0.0,0.0,-321.01896388773093,-3.2060454345243627,STOP_LOSS,1
SOLUSDT,2025-02-01 08:00:00,2025-02-01 12:00:00,230.78533499999998,224.90413649069873,39.96486656328184,1.0,-235.04131365639623,7.3845517358184924,7.19061104350472,13.502649681092423,0.0,0.0,-249.61647643571945,-2.548341518017704,STOP_LOSS,2
BTCUSDT,2025-02-01 16:00:00,2025-02-01 20:00:00,102124.926945,100213.14355422536,0.08787167446019978,1.0,-167.99160775256598,7.184858554669916,7.044717381624127,13.228688122729071,0.0,0.0,-182.22118368886004,-1.8720046593563209,STOP_LOSS,2
BTCUSDT,2025-02-03 20:00:00,2025-02-04 04:00:00,101930.929995,99837.71690868336,0.08625265097132026,1.0,-180.5451777426691,7.039081607718828,6.889014200238516,12.936306084573028,0.0,0.0,-194.47327355062643,-2.053560275001235,STOP_LOSS,3
BNBUSDT,2025-03-24 20:00:00,2025-03-25 04:00:00,636.568125,639.7699550000001,13.506009640537732,1.0,43.24394684736409,6.883502988878325,6.912591343965114,4.32253085540504,0.0,0.0,29.44785251452065,0.5029830860601269,SIGNAL_EXIT,2
SOLUSDT,2025-03-25 16:00:00,2025-03-25 16:00:00,145.35263999999998,143.58621474818565,59.35165351892844,1.0,-104.84025951276978,6.907061270889941,6.817663414263014,12.8023223853204,0.0,0.0,-118.56498419792273,-1.2152687779281655,STOP_LOSS,1
BTCUSDT,2025-03-27 04:00:00,2025-03-27 12:00:00,87714.005085,86900.038245,0.09700217641282925,1.0,-78.95655500787255,6.812209283531603,6.74359427209848,4.2168548474844565,0.0,0.0,-92.51235856350263,-0.9279781936889238,SIGNAL_EXIT,2
BTCUSDT,2025-04-02 16:00:00,2025-04-02 20:00:00,86801.048835,85625.03437571911,0.0969574810374965,1.0,-114.02339963554755,6.738199396680801,6.641590117455018,12.471689003733406,0.0,0.0,-127.40318914968337,-1.354838996837888,STOP_LOSS,2
SOLUSDT,2025-04-12 16:00:00,2025-04-13 04:00:00,130.535235,131.74409500000002,63.49787304443858,1.0,76.76003880850101,6.636276845361054,6.692375854931566,4.184827322992871,0.0,0.0,63.431386108208386,0.9260794604613962,SIGNAL_EXIT,3
BTCUSDT,2025-04-13 04:00:00,2025-04-13 12:00:00,85475.026155,84486.39567000001,0.09771380947821692,1.0,-96.60285085564591,6.687021954247621,6.604390055999706,4.129808689343596,0.0,0.0,-109.89426286589324,-1.1566308072339273,SIGNAL_EXIT,2
SOLUSDT,2025-04-13 12:00:00,2025-04-13 12:00:00,129.88491,127.3460456950001,63.4583653589911,1.0,-161.11217866358407,6.599106543954906,6.464937515788874,12.13996779379402,0.0,0.0,-174.17622272332787,-1.9547030559592262,STOP_LOSS,1
SOLUSDT,2025-04-14 04:00:00,2025-04-15 04:00:00,131.80587,130.47473,61.21310979286831,1.0,-81.48321896967902,6.459765565776244,6.389411178147879,3.995379676180402,0.0,0.0,-94.33239571360313,-1.0099246717919352,SIGNAL_EXIT,6
BTCUSDT,2025-04-15 04:00:00,2025-04-15 20:00:00,85422.65998499999,83956.51074499999,0.09334748254453452,1.0,-136.86134058858244,6.38429964920536,6.26970313701513,3.920524722996183,0.0,0.0,-149.51534337480294,-1.716346974277611,SIGNAL_EXIT,4
BTCUSDT,2025-04-16 16:00:00,2025-04-16 16:00:00,84889.00329,83509.27083403259,0.09217441868208548,1.0,-127.17603706560135,6.264687374505518,6.157934794953432,11.563472949962302,0.0,0.0,-139.5986592350603,-1.6253370901928534,STOP_LOSS,1
SOLUSDT,2025-04-16 20:00:00,2025-04-17 00:00:00,132.516225,131.26433500000002,57.99371020755925,1.0,-72.60174587173988,6.153008447117469,6.090004643662383,3.808156980779126,0.0,0.0,-84.84475896251973,-0.9447069594685289,SIGNAL_EXIT,1
SOLUSDT,2025-04-17 08:00:00,2025-04-20 12:00:00,134.317125,136.31181,56.584971330307795,1.0,112.86919353799523,6.085132639947453,6.170559888665891,3.858529195012958,0.0,0.0,100.61350100938189,1.485056354504315,SIGNAL_EXIT,19
SOLUSDT,2025-04-20 16:00:00,2025-04-21 04:00:00,136.00797,139.320305,56.62067949034858,1.0,187.54665839966322,6.16562344075496,6.3107282687220865,3.946178257079609,0.0,0.0,175.0703066901862,2.4353977197071544,SIGNAL_EXIT,3
BTCUSDT,2025-04-21 04:00:00,2025-04-21 12:00:00,87249.16278,86928.43404000001,0.09026784529505118,1.0,-28.951492283995915,6.3056796861071085,6.277473948531026,3.925383909785961,0.0,0.0,-41.53464591863405,-0.36760093711009406,SIGNAL_EXIT,2
SOLUSDT,2025-04-21 12:00:00,2025-04-21 16:00:00,139.04949,138.25084,56.341756519537604,1.0,-44.997343844327624,6.2724519693722005,6.231436132721241,3.896595880890226,0.0,0.0,-57.501231946421065,-0.5743638470015107,SIGNAL_EXIT,1
BTCUSDT,2025-04-21 16:00:00,2025-04-21 16:00:00,88088.832405,86751.81598192822,0.08828403177181396,1.0,-118.03720037390593,6.226450983815064,6.127040062728887,11.50545830507388,0.0,0.0,-130.39069142044988,-1.517804682578456,STOP_LOSS,1
BTCUSDT,2025-04-21 20:00:00,2025-04-26 16:00:00,87458.797545,94326.05338000001,0.08743032278694818,1.0,600.4063943146049,6.122138430678704,6.597565835385844,4.125541417824464,0.0,0.0,587.6866900485404,7.851989768629764,SIGNAL_EXIT,29
ETHUSDT,2025-04-26 16:00:00,2025-04-28 04:00:00,1801.1000999999999,1783.3378850000001,4.57152128336132,1.0,-81.20034391213851,6.592287782717536,6.52205367736165,4.078322709705318,0.0,0.0,-94.3146853722177,-0.9861869976021734,SIGNAL_EXIT,9
BTCUSDT,2025-04-28 04:00:00,2025-04-28 08:00:00,93896.85496499999,94645.14375500001,0.08668584490954769,1.0,64.86604599749488,6.516836034419762,6.563515402390221,4.104249251118872,0.0,0.0,51.785694560684895,0.7969263616752073,SIGNAL_EXIT,1
ETHUSDT,2025-04-28 08:00:00,2025-04-28 12:00:00,1805.7024,1815.2919000000002,4.536335817571777,1.0,43.50119232260578,6.55826459006831,6.587818932254341,4.119446555936371,0.0,0.0,30.35510880028313,0.5310675779131862,SIGNAL_EXIT,1
BTCUSDT,2025-04-28 12:00:00,2025-04-28 12:00:00,95367.649995,94069.71665947179,0.08620956160857074,1.0,-111.8942638530373,6.582548677108537,6.487767227084421,12.182837807494469,0.0,0.0,-124.96457975723025,-1.3609786291224153,STOP_LOSS,1
BTCUSDT,2025-04-28 16:00:00,2025-04-29 04:00:00,93880.41674999999,94611.420625,0.08624523590661563,1.0,63.04560164802598,6.4825770133027545,6.527827433010533,4.081933112187777,0.0,0.0,50.03519720171269,0.7786542713659284,SIGNAL_EXIT,3
ETHUSDT,2025-04-29 04:00:00,2025-04-30 00:00:00,1802.9710349999998,1796.911095,4.518505123216853,1.0,-27.381869936386146,6.522605171064124,6.495481590978164,4.061706847785306,0.0,0.0,-40.39995669842843,-0.33610856094534375,SIGNAL_EXIT,5
BTCUSDT,2025-04-30 00:00:00,2025-04-30 12:00:00,94303.94841,95129.07167,0.08595998745124038,1.0,70.9275850753272,6.490285205705381,6.541835045601078,4.090692249625373,0.0,0.0,57.89546482402075,0.8749615195459954,SIGNAL_EXIT,3
ETHUSDT,2025-04-30 12:00:00,2025-04-30 12:00:00,1816.597845,1762.9858221610716,4.494233763873138,1.0,-240.94496319224982,6.536601577564598,6.338616325748746,11.902759750403789,0.0,0.0,-253.82018109556316,-2.9512323262129816,STOP_LOSS,1
BTCUSDT,2025-04-30 16:00:00,2025-05-01 00:00:00,94051.632315,94124.914,0.08410910104072547,1.0,6.163656648100375,6.333545432688147,6.333409521660477,3.960361131603237,0.0,0.0,-6.503298306248249,0.07791644142291144,SIGNAL_EXIT,2
ETHUSDT,2025-05-01 00:00:00,2025-05-01 08:00:00,1794.5168099999999,1809.6847050000001,4.404584067262035,1.0,66.80826865090468,6.328342794043149,6.376726734728637,3.987447933171087,0.0,0.0,54.10319912213289,0.8452356041178725,SIGNAL_EXIT,2
BTCUSDT,2025-05-01 08:00:00,2025-05-01 12:00:00,95073.35291999999,96131.919995,0.08370547395145689,1.0,88.60785872228355,6.371625353340855,6.437414340036009,4.025396660852172,0.0,0.0,75.79881902890668,1.1134214188183211,SIGNAL_EXIT,1
ETHUSDT,2025-05-01 12:00:00,2025-05-02 00:00:00,1846.5027899999998,1837.18095,4.350872519557044,1.0,-40.55813748770694,6.43226440856398,6.394672087046963,3.998669389098772,0.0,0.0,-53.38507398331788,-0.5048375800179451,SIGNAL_EXIT,3
BTCUSDT,2025-05-02 00:00:00,2025-05-03 20:00:00,96538.14494999999,96306.16283,0.08266738380466758,1.0,-19.177354949859296,6.389556349377326,6.369102820337937,3.9826806030123354,0.0,0.0,-31.93601411957456,-0.24030099202769697,SIGNAL_EXIT,11
ETHUSDT,2025-05-03 20:00:00,2025-05-05 00:00:00,1839.129105,1799.179139199643,4.321961624909417,1.0,-172.66221910558633,6.364007538081666,6.220786556766732,11.68149703949644,0.0,0.0,-185.24701320043474,-2.1722219332914614,STOP_LOSS,8
ETHUSDT,2025-05-05 04:00:00,2025-05-06 08:00:00,1795.39725,1771.5547320661021,4.324138626966331,1.0,-103.09835276210518,6.215809927521319,6.128358597369617,11.507934271475273,0.0,0.0,-115.44252128699611,-1.327980085404378,STOP_LOSS,8
BTCUSDT,2025-05-06 12:00:00,2025-05-08 04:00:00,93859.436265,99103.213605,0.08148564211072465,1.0,427.2925636355677,6.123455910491721,6.460391196671782,4.039764380109626,0.0,0.0,414.70871652840424,5.586840864028709,SIGNAL_EXIT,10
BNBUSDT,2025-05-08 04:00:00,2025-05-08 08:00:00,611.3054999999999,612.43363,13.189106562527806,1.0,14.879026786385227,6.455222883714445,6.461961926836581,4.040746577561847,0.0,0.0,1.9618419758342007,0.1845443890166301,SIGNAL_EXIT,1
ETHUSDT,2025-05-08 08:00:00,2025-05-09 12:00:00,1929.3642,2351.29,4.179891828749385,1.0,1763.6042037585473,6.456792357295112,7.862510286416113,62.45385375925854,0.0,0.0,1749.284901114836,21.868644603232504,STOP_LOSS,8
ETHUSDT,2025-05-09 16:00:00,2025-05-10 00:00:00,2302.43064,2343.86748,4.261765352226002,1.0,176.59408901773182,7.856220278186981,7.991210573178617,4.997005110792359,0.0,0.0,160.74665816636622,1.7996998163644942,SIGNAL_EXIT,2
BNBUSDT,2025-05-10 00:00:00,2025-05-10 08:00:00,666.6231449999999,650.1632208182142,14.960532443402299,1.0,-246.24922973754713,7.9848176047200745,7.781430366846262,14.612100087968026,0.0,0.0,-262.01547770911344,-2.469149819540951,STOP_LOSS,3
ETHUSDT,2025-05-10 12:00:00,2025-05-12 12:00:00,2385.95238,2529.31471,4.0701698006933515,1.0,583.5090261230342,7.775205222552785,8.23579227927317,5.149945147118569,0.0,0.0,567.4980286212083,6.00859980281752,SIGNAL_EXIT,12
BNBUSDT,2025-05-12 12:00:00,2025-05-12 16:00:00,678.429045,663.3581550000001,15.150111023278404,1.0,-228.325656719614,8.229203645449752,8.039959757157702,5.027488592518765,0.0,0.0,-244.59482012222145,-2.22143938427634,SIGNAL_EXIT,1
ETHUSDT,2025-05-12 16:00:00,2025-05-14 08:00:00,2488.1534549999997,2597.6726375,4.032659717485399,1.0,441.6535955596825,8.033527789351975,8.380423843568241,15.73690005677554,0.0,0.0,425.2396439267623,4.401624919070764,STOP_LOSS,11
ETHUSDT,2025-05-14 12:00:00,2025-05-15 12:00:00,2626.242465,2493.445249873929,3.9824105353929076,1.0,-528.8530285889036,8.373719504493387,7.943938106018669,14.917259838541646,0.0,0.0,-545.1706861994156,-5.0565481632356075,STOP_LOSS,7
ETHUSDT,2025-05-15 16:00:00,2025-05-17 12:00:00,2565.051885,2443.2329586010715,3.8650450579333153,1.0,-470.8356394409205,7.937582955533855,7.554564377616691,14.186087339039453,0.0,0.0,-486.32778677407106,-4.749179816256559,STOP_LOSS,12
ETHUSDT,2025-05-17 16:00:00,2025-05-18 20:00:00,2475.71724,2406.9959,3.8082306955689056,1.0,-261.7067164286275,7.548520726114598,7.333116536390803,4.585490580534237,0.0,0.0,-276.58835369113285,-2.775815383504784,SIGNAL_EXIT,7
BTCUSDT,2025-05-18 20:00:00,2025-05-19 04:00:00,103935.92198999999,102510.55302237213,0.08805170655809903,1.0,-125.50617007458881,7.327250043161691,7.22098330706749,13.559683225589971,0.0,0.0,-140.054403424818,-1.3713920465005338,STOP_LOSS,3
ETHUSDT,2025-05-19 08:00:00,2025-05-19 16:00:00,2404.9418699999997,2465.396685,3.747197824788536,1.0,226.53615126599527,7.2152065204218365,7.390663276218294,4.621475285278877,0.0,0.0,211.93028146935512,2.5137744805449507,SIGNAL_EXIT,2
BTCUSDT,2025-05-19 16:00:00,2025-05-20 08:00:00,104838.81321,104969.18915,0.08797842515419917,1.0,11.470269879199472,7.384750745597319,7.388019160904202,4.61982188650763,0.0,0.0,-3.302500027302049,0.12435846611393803,SIGNAL_EXIT,4
ETHUSDT,2025-05-20 08:00:00,2025-05-20 12:00:00,2533.56615,2512.9429,3.6392394266965433,1.0,-75.05294450661984,7.382108745575477,7.316160702973719,4.574887883299531,0.0,0.0,-89.75121395516904,-0.8140008501455586,SIGNAL_EXIT,1
BTCUSDT,2025-05-20 12:00:00,2025-05-27 08:00:00,105256.351875,109485.23000000001,0.08674606565390963,1.0,366.8385394736338,7.31030777441134,7.597930359770719,4.751082015863721,0.0,0.0,351.9303013394517,4.017693991543745,SIGNAL_EXIT,41
BNBUSDT,2025-05-27 08:00:00,2025-05-29 04:00:00,681.350505,685.95685,13.91680654487538,1.0,64.10561224395444,7.591852015482902,7.6370630236656805,4.775552165872918,0.0,0.0,48.87669720480586,0.6760609944803714,SIGNAL_EXIT,11
ETHUSDT,2025-05-29 04:00:00,2025-05-29 12:00:00,2763.88125,2672.2892943750003,3.4484335255666965,1.0,-315.84877044946586,7.630953373246748,7.372169594188578,13.84358336414896,0.0,0.0,-330.8518934169012,-3.3138889604971133,STOP_LOSS,3
BNBUSDT,2025-05-29 16:00:00,2025-05-29 20:00:00,681.5305950000001,674.54256,13.499721976946638,1.0,-94.3365296651734,7.366271858513226,7.284909617294277,4.555346183901077,0.0,0.0,-108.9877111409809,-1.0253442840669658,SIGNAL_EXIT,1
ETHUSDT,2025-05-29 20:00:00,2025-05-30 00:00:00,2651.4450599999996,2558.5250784814284,3.4289124702100944,1.0,-318.6144833607201,7.279081689600441,7.018366837560185,13.179206630370015,0.0,0.0,-332.9119318878807,-3.504503371401977,STOP_LOSS,2
ETHUSDT,2025-05-30 04:00:00,2025-05-30 16:00:00,2632.505595,2536.0247717860716,3.3272208213364047,1.0,-321.01300385705963,7.012752144090138,6.750331539289217,12.675885464363663,0.0,0.0,-334.776087540439,-3.664980746752353,STOP_LOSS,4
BNBUSDT,2025-05-30 20:00:00,2025-05-30 20:00:00,666.663165,654.5391670382144,12.636695116188358,1.0,-153.20726583237467,6.744931274057786,6.61696951637264,12.425456027239665,0.0,0.0,-166.5691666228051,-1.8186092465129187,STOP_LOSS,1
ETHUSDT,2025-05-31 00:00:00,2025-05-31 12:00:00,2532.6156749999996,2518.3501950000004,3.2606539284760085,1.0,-46.514793403593046,6.611675940759541,6.569174765284059,4.107788122362699,0.0,0.0,-59.695644109636646,-0.5632706194159963,SIGNAL_EXIT,3
BNBUSDT,2025-05-31 12:00:00,2025-05-31 16:00:00,654.397035,656.021825,12.528075348651784,1.0,20.35549154573688,6.563919425471833,6.5749526831680445,4.111401127543642,0.0,0.0,7.216619437097,0.2482881054007336,SIGNAL_EXIT,1
ETHUSDT,2025-05-31 16:00:00,2025-05-31 20:00:00,2537.558145,2536.121305,3.2336386950281555,1.0,-4.6462214225637615,6.569692721021511,6.5607199897066435,4.102501244187945,0.0,0.0,-17.776634133291918,-0.05662293897899421,SIGNAL_EXIT,1
BNBUSDT,2025-05-31 20:00:00,2025-06-01 12:00:00,658.8592649999999,650.17475,12.427212047674374,1.0,-107.9243094362078,6.555471413714878,6.46388758903494,4.041950718505875,0.0,0.0,-120.94366843895763,-1.3181138160058992,SIGNAL_EXIT,4
BTCUSDT,2025-06-01 12:00:00,2025-06-02 00:00:00,104134.71133499999,105590.10853499999,0.07746635851588858,1.0,112.74432127822091,6.458716478963712,6.5437449628031175,4.09188654502453,0.0,0.0,99.74185983645408,1.3976100584924207,SIGNAL_EXIT,3
BNBUSDT,2025-06-02 00:00:00,2025-06-02 08:00:00,661.100385,649.6908133510714,12.353039166017519,1.0,-140.94288544669797,6.5385099668328746,6.4205248505020505,12.056568948113606,0.0,0.0,-153.9019202640329,-1.725845561098651,STOP_LOSS,3
ETHUSDT,2025-06-02 16:00:00,2025-06-02 20:00:00,2545.662195,2531.183775,3.147636856761523,1.0,-45.5728084196729,6.415388430621649,6.373797873141413,3.985616478952385,0.0,0.0,-58.36199472343596,-0.5687486748413575,SIGNAL_EXIT,1
BNBUSDT,2025-06-02 20:00:00,2025-06-03 00:00:00,661.43055,665.597035,12.026213250535195,1.0,50.10703711515572,6.3686988348429,6.40368950546715,4.004308094963785,0.0,0.0,37.33464877484567,0.6299202539102504,SIGNAL_EXIT,1
ETHUSDT,2025-06-03 00:00:00,2025-06-05 16:00:00,2608.7237099999998,2539.312947113571,3.063494073803089,1.0,-212.63946076072517,6.398566553862777,6.223336132011106,11.686284674532038,0.0,0.0,-225.26136344659903,-2.660717293301579,STOP_LOSS,17
BTCUSDT,2025-06-06 12:00:00,2025-06-10 00:00:00,103979.953995,110207.88849000001,0.07469447882033337,1.0,465.19232123120173,6.218357463105497,6.585536634119975,4.118019406027398,0.0,0.0,452.3884271339762,5.989553039520951,SIGNAL_EXIT,21
ETHUSDT,2025-06-10 00:00:00,2025-06-12 20:00:00,2681.470065,2682.802755622305,3.065018362534297,1.0,4.084721228942416,6.580268204812678,6.578271767231983,12.352788746679561,0.0,0.0,-9.073818743102244,0.04970000000000404,STOP_LOSS,18
ETHUSDT,2025-06-13 00:00:00,2025-06-13 00:00:00,2643.9813299999996,2541.0643646121425,3.10504780611402,1.0,-319.5620975894782,6.573009149818197,6.312101064426759,11.852968949223548,0.0,0.0,-332.44720780372313,-3.892499701874109,STOP_LOSS,1
ETHUSDT,2025-06-13 08:00:00,2025-06-13 20:00:00,2527.72323,2526.45614,3.1164437168563928,1.0,-3.94881466919244,6.307051383575218,6.298846690733003,3.9387485559861903,0.0,0.0,-16.554712743500662,-0.050127719085775076,SIGNAL_EXIT,3
BTCUSDT,2025-06-13 20:00:00,2025-06-14 00:00:00,105162.56500499998,106013.556705,0.07475060834374275,1.0,63.61214727047682,6.293807613380418,6.339662285106095,3.964271063723252,0.0,0.0,50.97867737199031,0.809215427523618,SIGNAL_EXIT,1
ETHUSDT,2025-06-14 00:00:00,2025-06-15 00:00:00,2580.479595,2529.5046150000003,3.0660593553510487,1.0,-156.29231431783109,6.33459055527801,6.204489031379524,3.879745517369956,0.0,0.0,-168.8313939044886,-1.9754072110769592,SIGNAL_EXIT,6
BTCUSDT,2025-06-15 00:00:00,2025-06-17 16:00:00,105467.337315,104189.49919,0.07341805976978617,1.0,-93.81639583736111,6.199525440154419,6.119512703132407,3.8266087438291603,0.0,0.0,-106.13543398064793,-1.2115960803897676,SIGNAL_EXIT,16
BTCUSDT,2025-06-20 08:00:00,2025-06-20 12:00:00,105864.64587,104264.66356958785,0.07214076697991988,1.0,-115.42395030602854,6.114617092969901,6.017386239050703,11.29954852100141,0.0,0.0,-127.55595363804916,-1.5113471426305,STOP_LOSS,2
BTCUSDT,2025-06-24 00:00:00,2025-06-30 16:00:00,105386.60697,107526.67976500001,0.07125860729515683,1.0,152.49860688195471,6.012572330059461,6.129761157700978,3.83301723217871,0.0,0.0,140.35627339419426,2.0306876334003436,SIGNAL_EXIT,40
SOLUSDT,2025-06-30 16:00:00,2025-07-01 00:00:00,157.908915,153.22908323464287,48.44531310103515,1.0,-226.7159151328965,6.124857348774817,5.938584730789479,11.151573730825927,0.0,0.0,-238.77935721246078,-2.963627332476533,STOP_LOSS,3
SOLUSDT,2025-07-01 04:00:00,2025-07-01 04:00:00,154.006965,149.38647723107144,48.12352801636636,1.0,-222.3541725973121,5.933833863004847,5.751203457836593,10.799706042506443,0.0,0.0,-234.03920991815355,-3.000181043064234,STOP_LOSS,1
BTCUSDT,2025-07-01 08:00:00,2025-07-01 12:00:00,107232.579495,106552.487105,0.06693400970250375,1.0,-45.52131063085932,5.7466024950703245,5.705588164569581,3.567776491101587,0.0,0.0,-56.97350129049923,-0.6342217945356022,SIGNAL_EXIT,1
BNBUSDT,2025-07-01 12:00:00,2025-07-01 12:00:00,652.60614,645.8769406114286,10.910989274255632,1.0,-73.42222235302982,5.701023694037926,5.6377250972002715,10.58661447896854,0.0,0.0,-84.76097114426803,-1.0311271954277619,STOP_LOSS,1
BTCUSDT,2025-07-01 16:00:00,2025-07-02 08:00:00,106008.16759499999,107026.46,0.066371163572663,1.0,67.58525177705637,5.633214917122512,5.68277654661046,3.553512097679952,0.0,0.0,56.26926031332339,0.9605791969637287,SIGNAL_EXIT,4
BNBUSDT,2025-07-02 08:00:00,2025-07-02 20:00:00,657.658665,663.5180750000001,10.783876277812123,1.0,63.1871525009754,5.678230325373171,5.724237463113653,3.57943813351231,0.0,0.0,51.78468471248858,0.8909500188825195,SIGNAL_EXIT,3
BTCUSDT,2025-07-02 20:00:00,2025-07-04 12:00:00,109730.97807,108114.78904843071,0.06510333780856829,1.0,-105.21929983372455,5.7196580731431625,5.6309069068176685,10.573811167033634,0.0,0.0,-116.56986481368538,-1.4728648645948261,STOP_LOSS,11
BTCUSDT,2025-07-04 16:00:00,2025-07-06 12:00:00,107627.076645,108021.962,0.06529375825762936,1.0,25.783548908848527,5.626402181292214,5.64252789867426,3.5283441087258054,0.0,0.0,14.514618828882053,0.3669014966396478,SIGNAL_EXIT,11
BNBUSDT,2025-07-06 12:00:00,2025-07-07 04:00:00,656.78823,660.50958,10.721689290272138,1.0,39.89915844035454,5.63801387635532,5.665422792006519,3.5426605752917597,0.0,0.0,28.595721771992704,0.5665981559992374,SIGNAL_EXIT,4
BTCUSDT,2025-07-07 04:00:00,2025-07-07 08:00:00,109444.15473,109006.53946500001,0.0646032873496557,1.0,-28.27138471338981,5.6608904537729146,5.633744633639184,3.522851821935332,0.0,0.0,-39.56601980080191,-0.3998525696320537,SIGNAL_EXIT,1
BNBUSDT,2025-07-07 08:00:00,2025-07-07 16:00:00,663.1213949999999,657.6377421932142,10.60276121806839,1.0,-58.14186131313928,5.629237637932273,5.578220758771415,10.474876237052122,0.0,0.0,-69.34931970984297,-0.8269455409119622,STOP_LOSS,3
BNBUSDT,2025-07-07 20:00:00,2025-07-08 12:00:00,661.77072,660.779445,10.519691728765718,1.0,-10.427907418431955,5.573758182164398,5.5609568496839215,3.4773366994021933,0.0,0.0,-21.562622450280276,-0.14979130536327948,SIGNAL_EXIT,4
ETHUSDT,2025-07-08 12:00:00,2025-07-11 08:00:00,2576.4475799999996,2967.3255950000002,2.6936618664568424,1.0,1052.8932034418474,5.556508084204174,6.394377440490289,3.9984851428770525,0.0,0.0,1040.942317917153,15.171199990026608,SIGNAL_EXIT,17
BTCUSDT,2025-07-11 08:00:00,2025-07-11 16:00:00,117585.64344,116844.12871,0.06786702804671774,1.0,-50.32440097796401,6.389261938537897,6.343891008204694,3.966915337796645,0.0,0.0,-63.0575539247066,-0.6306167218265599,SIGNAL_EXIT,2
ETHUSDT,2025-07-11 16:00:00,2025-07-12 00:00:00,2952.565545,2956.730895,2.6814581870196093,1.0,11.169211859302711,6.338815895398131,6.342680212169253,3.9661582117113454,0.0,0.0,-1.512284248264673,0.1410756149699707,SIGNAL_EXIT,2
BTCUSDT,2025-07-12 00:00:00,2025-07-15 04:00:00,117586.42383,117089.88577000001,0.06731789028957492,1.0,-33.42589464767781,6.337606067999519,6.305795267426976,3.9430935889362173,0.0,0.0,-46.0692959831043,-0.42227499045115885,SIGNAL_EXIT,19
ETHUSDT,2025-07-15 04:00:00,2025-07-18 08:00:00,2953.265895,3602.29795,2.664723671413637,1.0,1729.491080464738,6.3007506312130355,7.6793028950798545,4.801965292070361,0.0,0.0,1715.511026938445,21.976756515518563,SIGNAL_EXIT,19
BNBUSDT,2025-07-18 08:00:00,2025-07-18 12:00:00,740.65014,736.581525,12.939680476536433,1.0,-52.6465780820421,7.673159452763793,7.624903662735948,4.767948763591625,0.0,0.0,-67.94464119754184,-0.5493302141278079,SIGNAL_EXIT,1
ETHUSDT,2025-07-18 12:00:00,2025-07-18 16:00:00,3612.0351149999997,3561.89816,2.6344942859220772,1.0,-132.08552146103096,7.618803739805759,7.507040279645089,4.694247298426465,0.0,0.0,-147.21136548048182,-1.3880528124378295,SIGNAL_EXIT,1
BNBUSDT,2025-07-18 16:00:00,2025-07-18 20:00:00,738.1789049999999,731.4740800000001,12.691763759666495,1.0,-85.09605494990338,7.501034647421373,7.426956975743514,4.644170194936657,0.0,0.0,-100.02404657306826,-0.9082926854974002,SIGNAL_EXIT,1
ETHUSDT,2025-07-18 20:00:00,2025-07-21 04:00:00,3553.365795,3755.50131,2.608470048407579,1.0,527.2644365969408,7.421015410162919,7.83689014711234,4.90050659524285,0.0,0.0,512.0065310396656,5.688564776652834,SIGNAL_EXIT,14
BNBUSDT,2025-07-21 04:00:00,2025-07-21 08:00:00,763.5816,760.0198,12.808644384710577,1.0,-45.621829569461475,7.83062063499465,7.787858674831085,4.86984659506626,0.0,0.0,-61.24030887928721,-0.4664596422962455,SIGNAL_EXIT,1
SOLUSDT,2025-07-21 08:00:00,2025-07-23 04:00:00,190.15502999999998,201.29930000000002,51.11226274937947,1.0,569.6088563900289,7.781628387891221,8.23109017029293,5.147004858861957,0.0,0.0,553.5961378318448,5.860623302996526,SIGNAL_EXIT,11
BNBUSDT,2025-07-23 04:00:00,2025-07-23 16:00:00,797.488545,772.3807334325,12.880946292962381,1.0,-323.41237233478705,8.224505298156696,7.959195796050341,14.94591098407053,0.0,0.0,-339.5960734289941,-3.148360151994408,STOP_LOSS,4
BNBUSDT,2025-07-23 20:00:00,2025-07-24 04:00:00,771.20541,743.2249692064287,12.87994429503219,1.0,-360.3865187716452,7.9528284394135005,7.658156961644654,14.380615225921533,0.0,0.0,-375.9975041727034,-3.6281437384589075,STOP_LOSS,3
ETHUSDT,2025-07-24 08:00:00,2025-07-24 12:00:00,3593.69595,3653.29244,2.6594865418867997,1.0,158.4960630986922,7.652030436075338,7.772705662205431,4.8603712244898984,0.0,0.0,143.07132700041143,1.6583620548087925,SIGNAL_EXIT,1
BNBUSDT,2025-07-24 12:00:00,2025-07-25 00:00:00,770.5851,770.35463,12.588282442259663,1.0,-2.901221454467187,7.766487497675667,7.757953330513952,4.851146404773181,0.0,0.0,-18.425662282656806,-0.0299084422992306,SIGNAL_EXIT,3
ETHUSDT,2025-07-25 00:00:00,2025-07-25 00:00:00,3708.8034749999997,3569.081453180357,2.610527095357641,1.0,-364.7481237783285,7.75174696784954,7.4537470712525975,13.996770914970503,0.0,0.0,-379.95361781743065,-3.7673072396925154,STOP_LOSS,1
ETHUSDT,2025-07-25 04:00:00,2025-07-25 20:00:00,3597.808005,3639.3294250000004,2.5855416117239134,1.0,107.3553591878668,7.447784073595595,7.527710133687012,4.7071724197635785,0.0,0.0,92.37986498058419,1.154075479911566,SIGNAL_EXIT,4
BNBUSDT,2025-07-25 20:00:00,2025-07-29 00:00:00,774.70716,816.8179325,12.126631524884186,1.0,510.6618213357253,7.521687965580062,7.924200072276178,14.88019542866053,0.0,0.0,495.21593329786907,5.4357019883487245,STOP_LOSS,20
BNBUSDT,2025-07-29 04:00:00,2025-07-29 12:00:00,829.49454,803.6807792614286,11.922209915403092,1.0,-307.75707423123936,7.917860712218356,7.6653207642635905,14.394067534294932,0.0,0.0,-323.3402557077213,-3.111986817727749,STOP_LOSS,3
BNBUSDT,2025-07-29 16:00:00,2025-07-30 04:00:00,805.6826399999999,804.2076950000001,11.873566552281147,1.0,-17.512857618452188,7.65918850765218,7.639050870751296,4.776795191814942,0.0,0.0,-32.81109699685567,-0.18306773992298267,SIGNAL_EXIT,3
ETHUSDT,2025-07-30 04:00:00,2025-07-30 16:00:00,3819.3687299999997,3698.167431190714,2.4961040087738042,1.0,-302.53104782644954,7.632939630054694,7.384808440089491,13.86731680036795,0.0,0.0,-317.54879589659373,-3.1733332751374763,STOP_LOSS,4
ETHUSDT,2025-07-30 20:00:00,2025-07-31 16:00:00,3762.550335,3786.495805,2.4494680523864507,1.0,58.653663764378464,7.37890059333742,7.419920403874253,4.639770137489796,0.0,0.0,43.854842767166794,0.6364159378083142,SIGNAL_EXIT,5
BNBUSDT,2025-07-31 16:00:00,2025-08-01 00:00:00,800.1898949999999,782.7384350000001,11.572336338952882,1.0,-201.95416472578,7.4139844675511535,7.246489948196488,4.5313218785609335,0.0,0.0,-216.61463914152765,-2.180914818975535,SIGNAL_EXIT,2
ETHUSDT,2025-08-01 00:00:00,2025-08-01 08:00:00,3700.2391949999997,3585.654775850357,2.444065039028153,1.0,-280.05177286098944,7.240692756237931,7.010858783744149,13.165107881341585,0.0,0.0,-294.3033244009715,-3.096676001499482,STOP_LOSS,3
ETHUSDT,2025-08-01 12:00:00,2025-08-01 16:00:00,3644.5413599999997,3526.08428796,2.4007293391780093,1.0,-284.3833682795504,7.005250096717153,6.772139202016138,12.716836258167211,0.0,0.0,-298.16075757828366,-3.250260055767339,STOP_LOSS,2
ETHUSDT,2025-08-04 16:00:00,2025-08-04 20:00:00,3650.7144449999996,3667.895135,2.315063330522282,1.0,39.77438541207224,6.766721490654525,6.793127621791661,4.247828677958324,0.0,0.0,26.214536299626054,0.47061171885221487,SIGNAL_EXIT,1
ETHUSDT,2025-08-05 00:00:00,2025-08-05 04:00:00,3722.8504949999997,3650.11403,2.2772412477708404,1.0,-165.63847831503892,6.787693119694227,6.649752182546441,4.158174201191826,0.0,0.0,-179.0759236172796,-1.9537842064216309,SIGNAL_EXIT,1
ETHUSDT,2025-08-05 12:00:00,2025-08-05 12:00:00,3675.6369,3575.596162864286,2.257811712473478,1.0,-225.8731480294958,6.644432380800405,6.458418316472168,12.127725932283457,0.0,0.0,-238.97599872676838,-2.721725237215737,STOP_LOSS,1
ETHUSDT,2025-08-06 16:00:00,2025-08-07 04:00:00,3666.5323499999995,3654.9516100000005,2.1982926799191937,1.0,-25.457855970045134,6.45325158181899,6.427722695777499,4.019336353036733,0.0,0.0,-38.338830247641624,-0.315849933793683,SIGNAL_EXIT,3
ETHUSDT,2025-08-07 08:00:00,2025-08-14 04:00:00,3704.261205,4771.702955000001,2.16556085615147,1.0,2311.6100700218253,6.422580517620877,8.26673050922424,5.169291213870979,0.0,0.0,2296.92075899498,28.816589622761253,SIGNAL_EXIT,41
SOLUSDT,2025-08-14 04:00:00,2025-08-14 08:00:00,208.04396999999997,205.567165,49.589931824970755,1.0,-122.82459109374592,8.260117124816862,8.155249358242012,5.099580639220813,0.0,0.0,-139.23995757680478,-1.1905199655630418,SIGNAL_EXIT,1
ETHUSDT,2025-08-14 08:00:00,2025-08-14 12:00:00,4750.744185,4599.153662293928,2.142350193348817,1.0,-324.7599856291998,8.148725158755418,7.882398190125054,14.801699155217728,0.0,0.0,-340.7911089780803,-3.1908795086189468,STOP_LOSS,2
ETHUSDT,2025-08-14 16:00:00,2025-08-15 12:00:00,4621.179435,4445.265091918929,2.1287291232816234,1.0,-374.4739853196308,7.876092271572954,7.57021220949999,14.215471099460922,0.0,0.0,-389.9202898007037,-3.806697955693445,STOP_LOSS,6
ETHUSDT,2025-08-15 16:00:00,2025-08-17 04:00:00,4433.085435,4450.55361,2.1311637305780358,1.0,37.22754099938992,7.5641560397323895,7.587886747700116,4.744801618121229,0.0,0.0,22.075498211957417,0.3940410185214483,SIGNAL_EXIT,9
BNBUSDT,2025-08-17 04:00:00,2025-08-18 04:00:00,844.98228,835.2821500000001,11.206967241300186,1.0,-108.70903914635127,7.581816438301955,7.488783753834231,4.682831261776502,0.0,0.0,-123.77963933848746,-1.147968452072135,SIGNAL_EXIT,6
BNBUSDT,2025-08-22 16:00:00,2025-08-23 04:00:00,876.65811,882.328615,10.66094981521602,1.0,60.45296923193203,7.482792726831165,7.525168868035245,4.705583334188786,0.0,0.0,45.44500763706562,0.6468319787744904,SIGNAL_EXIT,3
SOLUSDT,2025-09-09 08:00:00,2025-09-09 12:00:00,219.33961499999998,217.13138,42.816783313142416,1.0,-94.54951949949591,7.519148732940818,7.437493798354868,4.650759003473612,0.0,0.0,-109.5061620307916,-1.0067652393754651,SIGNAL_EXIT,1
SOLUSDT,2025-09-10 16:00:00,2025-09-12 20:00:00,223.27157999999997,240.8795,41.57268117304457,1.0,732.0084442804765,7.431543803316184,8.011205323697911,5.009508081351568,0.0,0.0,716.5656951534623,7.88632391099666,SIGNAL_EXIT,13
BNBUSDT,2025-09-12 20:00:00,2025-09-14 04:00:00,924.652095,930.584475,10.812705348317253,1.0,64.14507695424994,8.004796359438954,8.049708583914803,5.033584657274924,0.0,0.0,48.09057201089618,0.6415796851679622,SIGNAL_EXIT,8
SOLUSDT,2025-09-14 04:00:00,2025-09-14 08:00:00,247.01344499999996,246.2768,40.67002406485422,1.0,-29.95936987725263,8.043268817047672,8.012866706092233,5.0105469647899215,0.0,0.0,-46.015505400392534,-0.2982206090036732,SIGNAL_EXIT,1
BNBUSDT,2025-09-14 08:00:00,2025-09-14 12:00:00,937.9487399999999,931.184175,10.661631742792755,1.0,-72.12130093018432,8.006456412727356,7.942354206853027,4.966454606586384,0.0,0.0,-88.0701115497647,-0.7212083892772166,SIGNAL_EXIT,1
SOLUSDT,2025-09-14 12:00:00,2025-09-14 20:00:00,246.22304999999997,239.68833453214285,40.25644391959219,1.0,-263.06440676228203,7.936000323487545,7.71919999781893,14.495242860200126,0.0,0.0,-278.71960708358847,-2.653982016654057,STOP_LOSS,3
BNBUSDT,2025-09-15 00:00:00,2025-09-15 04:00:00,926.973255,931.843845,10.392498079826503,1.0,50.61759722262209,7.713024637820675,7.747348295888516,4.844514942401086,0.0,0.0,35.1572242889129,0.5254293987154994,SIGNAL_EXIT,1
SOLUSDT,2025-09-15 04:00:00,2025-09-15 08:00:00,242.771325,235.7047367625,39.82635457934542,1.0,-281.436448812906,7.741150417251807,7.509808337867679,14.102043699049663,0.0,0.0,-296.6874075680255,-2.910800209827081,STOP_LOSS,2
SOLUSDT,2025-09-15 12:00:00,2025-09-15 16:00:00,236.57823,232.88350000000003,39.61584636720604,1.0,-146.36985604830576,7.503800491197386,7.380701565965784,4.6152461017784585,0.0,0.0,-161.25435810546892,-1.5617371048891373,SIGNAL_EXIT,1
BNBUSDT,2025-09-15 16:00:00,2025-09-22 00:00:00,916.9682549999999,1027.75255525,10.045191214265701,1.0,1112.8494795498734,7.3747970047130105,8.25917675074914,15.509220238012025,0.0,0.0,1097.2155057944112,12.081585119868738,STOP_LOSS,39
BNBUSDT,2025-09-22 04:00:00,2025-09-22 04:00:00,1030.45497,999.4217995092858,10.002823502589662,1.0,-310.4193271443875,8.25256940934854,7.9976318921055505,15.018086928089271,0.0,0.0,-326.66952844584165,-3.0115988950700245,STOP_LOSS,1
BNBUSDT,2025-09-29 16:00:00,2025-09-30 12:00:00,1011.575535,1013.8528200000001,9.866837081477302,1.0,22.46960008309322,7.991233786591866,8.002816479629066,5.004262430983149,0.0,0.0,6.475549816872286,0.22512258563075274,SIGNAL_EXIT,5
BNBUSDT,2025-09-30 20:00:00,2025-10-01 16:00:00,1007.7936449999999,1018.8103400000001,9.91028413245279,1.0,109.17857765057452,7.996414226445364,8.077359957184667,5.050875410945293,0.0,0.0,93.10480346694449,1.0931498779197257,SIGNAL_EXIT,5
BTCUSDT,2025-10-01 16:00:00,2025-10-02 12:00:00,117482.44186499999,118706.33714,0.08580475114773382,1.0,105.01602950226372,8.07089806921892,8.148454174365355,5.095331524740536,0.0,0.0,88.79667725867944,1.0417686724680144,SIGNAL_EXIT,5
BNBUSDT,2025-10-02 12:00:00,2025-10-02 16:00:00,1048.333905,1055.15216,9.700418234943287,1.0,66.13992513249455,8.141935411025864,8.188333802803038,5.1202687611321664,0.0,0.0,49.809655918665655,0.6503896294377827,SIGNAL_EXIT,1
BTCUSDT,2025-10-02 16:00:00,2025-10-03 00:00:00,119970.73538999999,120469.08532500001,0.08517949901153168,1.0,42.4491977957311,8.181783135760796,8.209197067488772,5.133314824592653,0.0,0.0,26.058217592481533,0.4153929150971592,SIGNAL_EXIT,2
BNBUSDT,2025-10-03 00:00:00,2025-10-07 16:00:00,1090.76511,1280.96,9.39256711977489,1.0,1786.418270163202,8.202629709834781,9.625202222197476,14.375323976814034,0.0,0.0,1768.5904382311696,17.436832940136853,STOP_LOSS,29
BNBUSDT,2025-10-07 20:00:00,2025-10-09 12:00:00,1297.62849,1243.8545481578572,9.257087191006592,1.0,-497.7900682368345,9.617502060419717,9.211576004181913,17.297651485069,0.0,0.0,-516.6191463014361,-4.144016739501681,STOP_LOSS,11
BNBUSDT,2025-10-09 16:00:00,2025-10-10 20:00:00,1240.269825,1234.96221,9.268994529057279,1.0,-49.196254397343914,9.204206743378569,9.15748637446599,5.7262921301064225,0.0,0.0,-67.55794751518847,-0.4279403475772031,SIGNAL_EXIT,7
BTCUSDT,2025-10-26 16:00:00,2025-10-27 00:00:00,113751.81748499999,114502.13029500001,0.10046916677027769,1.0,75.38330283776745,9.150160385366416,9.203146899328338,5.7548442341966615,0.0,0.0,57.02999555307269,0.6596051180447806,SIGNAL_EXIT,2
ETHUSDT,2025-10-27 00:00:00,2025-10-28 00:00:00,4160.539229999999,4081.302365440714,2.7605880050503173,1.0,-218.74033786016028,9.195784381808874,9.013435484015297,16.925579902381532,0.0,0.0,-236.94955772598445,-1.904485456787426,STOP_LOSS,7
BTCUSDT,2025-10-28 16:00:00,2025-10-28 20:00:00,114698.70069,112783.12400360785,0.09807238117894566,1.0,-187.86516696535213,9.006224735628084,8.848727622267301,16.616288724838437,0.0,0.0,-205.7201193232475,-1.6700944952893915,STOP_LOSS,2
